bioguide,categorie,quadrant,n_photos,a_flux,a_photo_entree,dans_cohorte_Ca,dans_cohorte_papier,premiere_photo,derniere_photo
C001087,hors d'atteinte,déjà-là restés,0,False,False,False,False,,
C001095,hors d'atteinte,déjà-là partis,0,False,False,False,False,,
C001131,hors d'atteinte,arrivés restés,0,False,False,False,False,,
D000618,hors d'atteinte,déjà-là partis,0,False,False,False,False,,
F000476,hors d'atteinte,arrivés restés,0,False,False,False,False,,
G000562,hors d'atteinte,déjà-là partis,0,False,False,False,False,,
H001048,hors d'atteinte,déjà-là partis,0,False,False,False,False,,
H001077,hors d'atteinte,arrivés restés,0,False,False,False,False,,
H001091,hors d'atteinte,arrivés restés,0,False,False,False,False,,
L000575,hors d'atteinte,déjà-là partis,0,False,False,False,False,,
L000596,hors d'atteinte,arrivés restés,0,False,False,False,False,,
M000933,hors d'atteinte,déjà-là partis,0,False,False,False,False,,
M001137,hors d'atteinte,déjà-là restés,0,False,False,False,False,,
M001232,hors d'atteinte,arrivés restés,0,False,False,False,False,,
P000610,hors d'atteinte,arrivés restés,0,False,False,False,False,,
R000594,hors d'atteinte,déjà-là partis,0,False,False,False,False,,
S000937,hors d'atteinte,déjà-là partis,0,False,False,False,False,,
S001191,hors d'atteinte,déjà-là partis,0,False,False,False,False,,
S001222,hors d'atteinte,cycle complet,0,False,False,False,False,,
W000822,hors d'atteinte,arrivés restés,0,False,False,False,False,,
A000148,reconstructible complet,arrivés restés,8,True,True,False,False,2019-10-31,2026-04-09
A000379,reconstructible complet,arrivés restés,5,True,True,False,False,2021-11-26,2025-08-12
B000668,reconstructible complet,arrivés restés,8,True,True,False,False,2020-02-29,2026-05-11
B000740,reconstructible complet,arrivés restés,7,True,True,False,False,2019-08-13,2025-08-12
B001292,reconstructible complet,arrivés restés,13,True,True,False,False,2014-05-08,2026-04-12
B001299,reconstructible complet,cycle complet,10,True,True,False,False,2015-06-10,2024-08-13
B001300,reconstructible complet,arrivés restés,11,True,True,False,False,2015-08-13,2025-05-26
B001303,reconstructible complet,cycle complet,8,True,True,False,False,2017-05-05,2024-05-14
B001309,reconstructible complet,arrivés restés,9,True,True,False,False,2017-10-25,2025-08-12
B001316,reconstructible complet,arrivés restés,5,True,True,False,False,2022-07-01,2026-04-01
B001323,reconstructible complet,arrivés restés,5,True,True,False,False,2022-02-17,2025-08-13
B001325,reconstructible complet,arrivés restés,2,True,True,False,False,2024-03-27,2025-08-13
B001327,reconstructible complet,arrivés restés,3,True,True,False,False,2024-01-30,2025-08-13
C001055,reconstructible complet,arrivés restés,9,True,True,False,False,2018-07-12,2026-04-10
C001103,reconstructible complet,arrivés restés,14,True,True,False,False,2014-05-15,2026-06-18
C001104,reconstructible complet,cycle complet,3,True,True,False,False,2020-02-04,2022-08-07
C001111,reconstructible complet,cycle complet,8,True,True,False,False,2016-08-04,2022-09-27
C001120,reconstructible complet,arrivés restés,9,True,True,False,False,2018-04-20,2025-05-10
D000032,reconstructible complet,arrivés restés,6,True,True,False,False,2020-07-13,2025-08-13
D000620,reconstructible complet,déjà-là partis,7,True,True,False,False,2015-08-13,2025-08-13
D000624,reconstructible complet,arrivés restés,13,True,True,False,False,2014-05-15,2026-05-15
D000626,reconstructible complet,arrivés restés,10,True,True,False,False,2016-02-01,2025-05-14
D000628,reconstructible complet,arrivés restés,10,True,True,False,False,2015-11-23,2025-08-13
D000629,reconstructible complet,arrivés restés,9,True,True,False,False,2018-05-15,2026-05-14
E000296,reconstructible complet,arrivés restés,12,True,True,False,False,2015-12-02,2026-05-14
F000110,reconstructible complet,arrivés restés,3,True,True,False,False,2024-08-13,2026-05-14
F000246,reconstructible complet,arrivés restés,6,True,True,False,False,2020-08-30,2025-08-13
F000468,reconstructible complet,arrivés restés,10,True,True,False,False,2017-09-10,2025-08-11
F000469,reconstructible complet,arrivés restés,10,True,True,False,False,2017-11-27,2026-05-13
F000472,reconstructible complet,arrivés restés,6,True,True,False,False,2020-07-14,2025-07-31
F000483,reconstructible complet,arrivés restés,4,True,True,False,False,2023-07-09,2026-05-05
G000574,reconstructible complet,cycle complet,11,True,True,False,False,2014-05-15,2024-08-13
G000576,reconstructible complet,arrivés restés,12,True,True,False,False,2014-05-14,2025-08-04
G000578,reconstructible complet,cycle complet,9,True,True,False,False,2016-06-15,2024-08-13
G000597,reconstructible complet,arrivés restés,7,True,True,False,False,2020-03-25,2025-08-13
G000599,reconstructible complet,arrivés restés,4,True,True,False,False,2022-07-29,2025-08-13
G000603,reconstructible complet,arrivés restés,3,True,True,False,False,2024-02-04,2025-08-12
H001082,reconstructible complet,arrivés restés,10,True,True,False,False,2017-05-08,2026-06-25
H001086,reconstructible complet,arrivés restés,6,True,True,False,False,2020-07-07,2025-08-13
H001094,reconstructible complet,arrivés restés,6,True,True,False,False,2022-01-21,2026-05-15
J000298,reconstructible complet,arrivés restés,11,True,True,False,False,2016-04-29,2026-05-14
J000305,reconstructible complet,arrivés restés,10,True,True,False,False,2017-12-30,2026-06-26
J000309,reconstructible complet,arrivés restés,5,True,True,False,False,2022-06-22,2026-04-27
J000310,reconstructible complet,arrivés restés,3,True,True,False,False,2023-10-13,2025-08-12
K000392,reconstructible complet,arrivés restés,10,True,True,False,False,2016-05-25,2025-08-13
K000398,reconstructible complet,arrivés restés,7,True,True,False,False,2019-08-13,2025-08-13
K000403,reconstructible complet,arrivés restés,2,True,True,False,False,2024-03-29,2025-08-12
K000405,reconstructible complet,arrivés restés,3,True,True,False,False,2024-02-26,2025-08-13
L000273,reconstructible complet,arrivés restés,7,True,True,False,False,2019-09-03,2025-08-12
L000585,reconstructible complet,arrivés restés,12,True,True,False,False,2015-06-04,2026-05-15
L000589,reconstructible complet,cycle complet,8,True,True,False,False,2018-01-25,2025-01-31
L000590,reconstructible complet,arrivés restés,13,True,True,False,False,2015-09-25,2025-08-12
L000595,reconstructible complet,arrivés restés,6,True,True,False,False,2020-05-14,2025-08-13
L000597,reconstructible complet,arrivés restés,4,True,True,False,False,2022-07-18,2025-08-12
L000601,reconstructible complet,arrivés restés,5,True,True,False,False,2022-04-05,2026-04-20
M000317,reconstructible complet,arrivés restés,7,True,True,False,False,2019-05-14,2025-08-07
M000871,reconstructible complet,arrivés restés,7,True,True,False,False,2019-10-08,2025-08-01
M001136,reconstructible complet,arrivés restés,7,True,True,False,False,2020-03-06,2025-08-13
M001186,reconstructible complet,cycle complet,4,True,True,False,False,2019-10-31,2022-12-30
M001196,reconstructible complet,arrivés restés,13,True,True,False,False,2014-08-13,2026-06-25
M001199,reconstructible complet,arrivés restés,10,True,True,False,False,2016-08-17,2025-08-13
M001202,reconstructible complet,cycle complet,8,True,True,False,False,2016-09-12,2023-02-10
M001203,reconstructible complet,cycle complet,8,True,True,False,False,2017-11-24,2025-12-06
M001204,reconstructible complet,arrivés restés,9,True,True,False,False,2018-01-03,2025-08-13
M001205,reconstructible complet,arrivés restés,9,True,True,False,False,2017-12-07,2025-08-13
M001206,reconstructible complet,arrivés restés,8,True,True,False,False,2018-05-14,2025-07-25
M001213,reconstructible complet,arrivés restés,6,True,True,False,False,2020-10-31,2025-07-10
M001217,reconstructible complet,arrivés restés,4,True,True,False,False,2022-07-22,2025-08-13
M001220,reconstructible complet,arrivés restés,6,True,True,False,False,2022-01-26,2026-05-14
M001222,reconstructible complet,arrivés restés,5,True,True,False,False,2021-11-23,2025-08-08
M001223,reconstructible complet,arrivés restés,5,True,True,False,False,2022-08-13,2026-05-15
M001227,reconstructible complet,arrivés restés,4,True,True,False,False,2023-01-31,2025-08-12
M001234,reconstructible complet,arrivés restés,3,True,True,False,False,2024-03-06,2025-07-20
M001236,reconstructible complet,arrivés restés,4,True,True,False,False,2024-01-31,2026-05-14
M001239,reconstructible complet,arrivés restés,4,True,True,False,False,2019-12-04,2025-05-13
M001241,reconstructible complet,arrivés restés,4,True,True,False,False,2017-05-15,2025-08-13
M001245,reconstructible complet,arrivés restés,2,True,True,False,False,2025-08-11,2026-05-11
N000188,reconstructible complet,arrivés restés,12,True,True,False,False,2014-05-16,2025-08-13
N000189,reconstructible complet,arrivés restés,13,True,True,False,False,2014-07-09,2026-05-15
O000171,reconstructible complet,cycle complet,9,True,True,False,False,2015-10-05,2023-02-25
P000048,reconstructible complet,arrivés restés,7,True,True,False,False,2019-11-27,2025-08-13
R000305,reconstructible complet,arrivés restés,8,True,True,False,False,2020-01-01,2026-05-11
R000603,reconstructible complet,arrivés restés,12,True,True,False,False,2014-05-15,2025-08-01
R000608,reconstructible complet,cycle complet,3,True,True,False,False,2016-02-24,2018-05-10
R000609,reconstructible complet,arrivés restés,11,True,True,False,False,2016-05-16,2026-05-14
R000612,reconstructible complet,arrivés restés,9,True,True,False,False,2017-10-14,2025-09-12
R000614,reconstructible complet,arrivés restés,10,True,True,False,False,2018-01-31,2026-05-14
R000621,reconstructible complet,arrivés restés,2,True,True,False,False,2024-05-17,2025-08-11
S000168,reconstructible complet,arrivés restés,8,True,True,False,False,2018-07-27,2025-08-13
S000250,reconstructible complet,déjà-là restés,13,True,True,False,False,2015-07-30,2026-04-28
S000929,reconstructible complet,arrivés restés,7,True,True,False,False,2020-04-02,2026-05-15
S001190,reconstructible complet,déjà-là restés,12,True,True,False,False,2015-05-01,2025-08-06
S001199,reconstructible complet,arrivés restés,11,True,True,False,False,2016-02-19,2025-08-06
S001205,reconstructible complet,arrivés restés,9,True,True,False,False,2018-04-13,2026-05-07
S001211,reconstructible complet,arrivés restés,9,True,True,False,False,2017-12-06,2025-07-17
S001212,reconstructible complet,arrivés restés,9,True,True,False,False,2017-08-18,2025-07-14
S001213,reconstructible complet,arrivés restés,9,True,True,False,False,2018-05-25,2026-05-12
S001214,reconstructible complet,arrivés restés,8,True,True,False,False,2018-05-14,2025-08-11
S001216,reconstructible complet,arrivés restés,10,True,True,False,False,2017-11-28,2026-05-15
S001229,reconstructible complet,arrivés restés,2,True,True,False,False,2024-04-05,2025-06-22
T000473,reconstructible complet,cycle complet,3,True,True,False,False,2014-05-23,2016-05-16
T000482,reconstructible complet,arrivés restés,9,True,True,False,False,2018-03-26,2025-07-30
T000488,reconstructible complet,arrivés restés,4,True,True,False,False,2022-04-19,2025-08-11
T000490,reconstructible complet,arrivés restés,5,True,True,False,False,2019-09-05,2026-05-15
V000139,reconstructible complet,arrivés restés,2,True,True,False,False,2025-11-19,2026-06-15
W000823,reconstructible complet,cycle complet,7,True,True,False,False,2018-07-28,2024-08-13
W000829,reconstructible complet,arrivés restés,3,True,True,False,False,2024-07-12,2026-05-15
W000830,reconstructible complet,arrivés restés,3,True,True,False,False,2023-08-15,2025-08-13
Y000067,reconstructible complet,arrivés restés,4,True,True,False,False,2022-10-09,2025-08-13
A000055,reconstructible partiel,déjà-là restés,11,True,False,False,False,2015-05-14,2025-08-13
A000210,reconstructible partiel,déjà-là partis,1,True,False,False,False,2014-03-20,2014-03-20
A000367,reconstructible partiel,déjà-là partis,7,True,False,False,False,2015-05-15,2021-02-02
A000369,reconstructible partiel,déjà-là restés,12,False,False,False,False,2015-06-12,2026-05-01
A000370,reconstructible partiel,arrivés restés,15,False,False,False,False,2014-05-20,2026-05-12
A000371,reconstructible partiel,arrivés restés,12,False,False,False,False,2014-05-15,2025-08-06
A000372,reconstructible partiel,arrivés restés,14,True,False,False,False,2014-04-23,2025-08-11
A000374,reconstructible partiel,cycle complet,7,True,False,False,False,2015-05-20,2020-08-13
A000375,reconstructible partiel,arrivés restés,11,False,True,False,False,2016-02-13,2025-08-13
A000376,reconstructible partiel,cycle complet,9,False,False,False,False,2017-06-18,2026-02-01
A000378,reconstructible partiel,cycle complet,8,True,False,False,False,2017-07-11,2023-01-28
A000380,reconstructible partiel,arrivés restés,4,False,True,False,False,2023-05-23,2026-05-14
A000381,reconstructible partiel,arrivés restés,3,False,True,False,False,2023-10-27,2025-08-13
B000013,reconstructible partiel,déjà-là partis,1,False,False,False,False,2015-02-03,2015-02-03
B000213,reconstructible partiel,déjà-là partis,5,False,False,False,False,2015-05-15,2019-02-26
B000287,reconstructible partiel,déjà-là partis,3,False,False,False,False,2015-06-15,2017-03-24
B000490,reconstructible partiel,déjà-là restés,12,False,False,False,False,2015-05-14,2026-05-14
B000574,reconstructible partiel,déjà-là partis,11,True,False,False,False,2015-05-15,2025-01-29
B000589,reconstructible partiel,déjà-là partis,2,True,False,False,False,2015-05-14,2015-11-19
B000755,reconstructible partiel,déjà-là partis,8,False,False,False,False,2015-10-10,2023-09-22
B000825,reconstructible partiel,arrivés restés,5,False,True,False,False,2020-01-09,2024-08-13
B000911,reconstructible partiel,déjà-là partis,3,False,False,False,False,2015-05-15,2018-05-15
B001223,reconstructible partiel,cycle complet,3,False,False,False,False,2019-07-02,2024-08-13
B001224,reconstructible partiel,cycle complet,1,False,False,False,False,2021-08-13,2021-08-13
B001227,reconstructible partiel,déjà-là partis,5,False,False,False,False,2015-05-15,2019-01-15
B001242,reconstructible partiel,déjà-là partis,3,False,False,False,False,2015-01-30,2016-05-11
B001243,reconstructible partiel,déjà-là partis,4,False,False,False,False,2015-08-12,2018-08-03
B001245,reconstructible partiel,déjà-là partis,5,False,False,False,False,2015-05-11,2019-02-01
B001248,reconstructible partiel,déjà-là partis,11,True,False,False,False,2015-08-07,2025-02-02
B001250,reconstructible partiel,déjà-là partis,7,False,False,False,False,2015-05-15,2021-02-04
B001251,reconstructible partiel,déjà-là partis,9,False,False,False,False,2015-05-13,2023-02-21
B001252,reconstructible partiel,déjà-là partis,1,False,False,False,False,2015-01-07,2015-01-07
B001255,reconstructible partiel,déjà-là partis,3,False,False,False,False,2015-05-14,2017-02-02
B001256,reconstructible partiel,déjà-là partis,1,False,False,False,False,2015-02-19,2015-02-19
B001257,reconstructible partiel,déjà-là restés,12,True,False,False,False,2015-05-14,2026-05-12
B001259,reconstructible partiel,déjà-là partis,1,False,False,False,False,2015-01-29,2015-01-29
B001260,reconstructible partiel,déjà-là restés,12,True,False,False,False,2015-05-14,2026-05-14
B001262,reconstructible partiel,déjà-là partis,5,False,False,False,False,2015-03-16,2022-05-16
B001269,reconstructible partiel,déjà-là partis,5,True,False,False,False,2015-05-15,2019-01-24
B001270,reconstructible partiel,déjà-là partis,9,False,False,False,False,2015-05-15,2023-04-02
B001271,reconstructible partiel,déjà-là partis,3,True,False,False,False,2015-05-15,2017-03-06
B001273,reconstructible partiel,déjà-là partis,5,True,False,False,False,2015-05-15,2019-01-30
B001274,reconstructible partiel,déjà-là partis,9,True,False,False,False,2015-05-14,2023-05-02
B001275,reconstructible partiel,déjà-là partis,11,True,False,False,False,2015-05-15,2025-02-28
B001278,reconstructible partiel,déjà-là restés,12,False,False,False,False,2015-05-15,2026-06-11
B001279,reconstructible partiel,déjà-là partis,1,False,False,False,False,2015-05-08,2015-05-08
B001280,reconstructible partiel,déjà-là partis,2,False,False,False,False,2018-03-09,2019-11-30
B001281,reconstructible partiel,déjà-là restés,12,True,False,False,False,2015-05-15,2026-05-12
B001282,reconstructible partiel,déjà-là restés,11,True,False,False,False,2015-05-14,2025-08-11
B001283,reconstructible partiel,déjà-là partis,3,False,False,False,False,2015-05-01,2017-05-15
B001284,reconstructible partiel,déjà-là partis,7,True,False,False,False,2015-05-14,2021-05-04
B001285,reconstructible partiel,déjà-là restés,11,False,False,False,False,2015-05-15,2025-07-21
B001286,reconstructible partiel,déjà-là partis,9,True,False,False,False,2015-05-14,2023-01-24
B001287,reconstructible partiel,déjà-là restés,11,False,False,False,False,2015-05-15,2025-08-06
B001289,reconstructible partiel,cycle complet,8,False,False,False,False,2014-05-15,2021-07-09
B001290,reconstructible partiel,cycle complet,5,False,True,False,False,2015-05-15,2019-01-14
B001291,reconstructible partiel,arrivés restés,12,True,False,False,False,2015-07-15,2026-05-12
B001295,reconstructible partiel,arrivés restés,12,False,False,False,False,2014-05-13,2025-08-13
B001296,reconstructible partiel,arrivés restés,12,False,True,False,False,2014-08-12,2025-07-25
B001298,reconstructible partiel,arrivés restés,12,False,True,False,False,2015-04-18,2026-04-19
B001301,reconstructible partiel,arrivés restés,11,False,True,False,False,2016-06-29,2026-05-05
B001302,reconstructible partiel,arrivés restés,11,False,False,False,False,2016-05-20,2026-05-13
B001304,reconstructible partiel,cycle complet,10,False,False,False,False,2015-04-19,2023-01-14
B001305,reconstructible partiel,cycle complet,7,False,False,False,False,2016-05-05,2022-08-12
B001306,reconstructible partiel,arrivés restés,10,False,False,False,False,2018-01-05,2026-04-17
B001307,reconstructible partiel,arrivés restés,9,False,False,False,False,2018-02-23,2025-08-12
B001308,reconstructible partiel,cycle complet,5,False,True,False,False,2017-07-27,2021-02-10
B001311,reconstructible partiel,cycle complet,7,True,False,False,False,2019-04-19,2025-01-17
B001313,reconstructible partiel,arrivés restés,5,False,False,False,False,2021-06-29,2025-05-16
B001314,reconstructible partiel,arrivés restés,5,False,True,False,False,2022-06-29,2026-05-14
B001315,reconstructible partiel,arrivés restés,6,False,True,False,False,2021-10-20,2026-05-14
B001317,reconstructible partiel,arrivés restés,5,False,False,False,False,2022-05-01,2026-05-13
B001318,reconstructible partiel,arrivés restés,6,False,True,False,False,2022-06-09,2026-04-30
B001321,reconstructible partiel,arrivés restés,5,False,True,False,False,2022-03-17,2025-05-13
B001322,reconstructible partiel,arrivés restés,3,False,True,False,False,2024-03-24,2026-05-07
B001324,reconstructible partiel,arrivés restés,2,False,False,False,False,2025-08-13,2026-05-15
B001326,reconstructible partiel,arrivés restés,3,False,True,False,False,2023-08-25,2025-08-13
C000059,reconstructible partiel,déjà-là restés,12,False,False,False,False,2015-05-12,2026-05-04
C000071,reconstructible partiel,déjà-là partis,1,True,False,False,False,2015-01-27,2015-01-27
C000266,reconstructible partiel,déjà-là partis,9,True,False,False,False,2015-05-14,2023-03-17
C000380,reconstructible partiel,déjà-là partis,1,False,False,False,False,2015-01-07,2015-01-07
C000537,reconstructible partiel,déjà-là restés,12,False,False,False,False,2015-05-15,2026-05-15
C000556,reconstructible partiel,déjà-là partis,1,True,False,False,False,2015-01-29,2015-01-29
C000714,reconstructible partiel,déjà-là partis,2,False,False,False,False,2017-08-11,2018-08-17
C000754,reconstructible partiel,déjà-là partis,10,True,False,False,False,2015-06-12,2025-09-05
C000984,reconstructible partiel,déjà-là partis,5,False,False,False,False,2015-05-12,2019-05-13
C001036,reconstructible partiel,déjà-là partis,3,False,False,False,False,2015-05-05,2017-01-17
C001037,reconstructible partiel,déjà-là partis,5,False,False,False,False,2015-05-09,2019-01-26
C001038,reconstructible partiel,déjà-là partis,5,False,False,False,False,2015-05-15,2019-04-03
C001039,reconstructible partiel,arrivés restés,7,False,False,False,False,2020-05-12,2025-08-09
C001045,reconstructible partiel,déjà-là partis,3,True,False,False,False,2015-05-13,2017-01-10
C001046,reconstructible partiel,déjà-là partis,1,True,False,False,False,2014-09-15,2014-09-15
C001047,reconstructible partiel,déjà-là partis,0,True,False,False,False,,
C001048,reconstructible partiel,déjà-là partis,5,True,False,False,False,2015-05-15,2019-02-01
C001049,reconstructible partiel,déjà-là partis,7,True,False,False,False,2015-04-14,2021-04-02
C001051,reconstructible partiel,déjà-là restés,12,False,False,False,False,2015-05-04,2026-05-14
C001053,reconstructible partiel,déjà-là restés,11,True,False,False,False,2015-05-15,2025-07-16
C001054,reconstructible partiel,cycle complet,9,False,False,False,False,2019-05-15,2026-05-15
C001059,reconstructible partiel,déjà-là restés,11,True,False,False,False,2015-05-15,2025-08-12
C001061,reconstructible partiel,déjà-là restés,11,False,False,False,False,2015-05-15,2025-08-12
C001062,reconstructible partiel,déjà-là partis,7,True,False,False,False,2015-08-13,2021-04-30
C001063,reconstructible partiel,déjà-là restés,13,False,False,False,False,2015-05-15,2026-05-15
C001064,reconstructible partiel,déjà-là partis,2,False,False,False,False,2014-04-29,2015-01-27
C001066,reconstructible partiel,déjà-là restés,12,True,False,False,False,2015-05-15,2026-05-24
C001067,reconstructible partiel,déjà-là restés,10,False,False,False,False,2015-07-29,2025-08-13
C001068,reconstructible partiel,déjà-là restés,12,True,False,False,False,2015-05-14,2026-05-15
C001069,reconstructible partiel,déjà-là restés,12,True,False,False,False,2015-05-12,2026-05-14
C001072,reconstructible partiel,déjà-là restés,12,False,False,False,False,2015-05-15,2026-05-12
C001075,reconstructible partiel,déjà-là partis,0,True,False,False,False,,
C001076,reconstructible partiel,déjà-là partis,4,True,False,False,False,2015-05-13,2017-08-31
C001077,reconstructible partiel,déjà-là partis,5,False,False,False,False,2015-05-15,2019-01-31
C001078,reconstructible partiel,déjà-là partis,11,True,False,False,False,2015-05-15,2025-05-13
C001080,reconstructible partiel,déjà-là restés,13,True,False,False,False,2015-05-14,2026-05-14
C001083,reconstructible partiel,déjà-là partis,3,False,False,False,False,2015-06-15,2017-02-02
C001084,reconstructible partiel,déjà-là partis,9,False,False,False,False,2015-05-15,2023-05-15
C001090,reconstructible partiel,déjà-là partis,11,True,False,False,False,2015-07-14,2025-05-01
C001091,reconstructible partiel,déjà-là restés,11,False,False,False,False,2015-07-15,2025-08-12
C001092,reconstructible partiel,déjà-là partis,6,True,False,False,False,2015-04-21,2019-10-30
C001093,reconstructible partiel,déjà-là partis,7,False,False,False,False,2015-05-15,2021-03-01
C001094,reconstructible partiel,déjà-là partis,7,False,False,False,False,2015-04-29,2021-01-12
C001096,reconstructible partiel,déjà-là partis,4,False,False,False,False,2015-04-19,2018-05-05
C001097,reconstructible partiel,déjà-là partis,11,False,False,False,False,2015-05-14,2025-01-31
C001101,reconstructible partiel,déjà-là restés,12,True,False,False,False,2015-05-13,2026-05-15
C001102,reconstructible partiel,cycle complet,4,True,False,False,False,2014-03-27,2017-01-31
C001106,reconstructible partiel,cycle complet,6,False,False,False,False,2014-04-23,2019-01-31
C001108,reconstructible partiel,arrivés restés,11,True,False,False,False,2015-11-01,2025-08-12
C001109,reconstructible partiel,cycle complet,8,False,True,False,False,2016-07-14,2023-03-05
C001110,reconstructible partiel,arrivés restés,12,False,False,False,False,2015-07-21,2026-05-15
C001112,reconstructible partiel,arrivés restés,11,False,False,False,False,2015-05-13,2025-05-06
C001114,reconstructible partiel,cycle complet,8,True,False,False,False,2017-07-18,2024-08-05
C001115,reconstructible partiel,arrivés restés,9,False,False,False,False,2017-11-03,2025-05-13
C001116,reconstructible partiel,arrivés restés,6,False,True,False,False,2020-05-09,2025-08-13
C001117,reconstructible partiel,arrivés restés,9,True,False,False,False,2017-08-24,2025-08-06
C001118,reconstructible partiel,arrivés restés,9,False,False,False,False,2017-12-27,2025-08-13
C001119,reconstructible partiel,arrivés restés,12,True,False,False,False,2015-08-13,2026-05-14
C001121,reconstructible partiel,arrivés restés,9,False,True,False,False,2017-08-18,2025-08-13
C001122,reconstructible partiel,cycle complet,5,False,False,False,False,2017-11-03,2021-02-21
C001125,reconstructible partiel,arrivés restés,5,False,False,False,False,2021-04-02,2026-05-14
C001126,reconstructible partiel,arrivés restés,5,False,True,False,False,2021-07-02,2025-08-13
C001127,reconstructible partiel,cycle complet,5,False,True,False,False,2021-12-22,2025-08-13
C001128,reconstructible partiel,cycle complet,2,False,False,False,False,2022-07-29,2023-03-30
C001129,reconstructible partiel,arrivés restés,6,True,False,False,False,2014-05-15,2025-06-15
C001130,reconstructible partiel,arrivés restés,5,False,True,False,False,2022-10-21,2025-08-13
C001132,reconstructible partiel,arrivés restés,6,False,True,False,False,2021-10-01,2026-05-14
C001133,reconstructible partiel,arrivés restés,5,False,False,False,False,2021-10-01,2025-05-15
C001135,reconstructible partiel,cycle complet,4,False,True,False,False,2021-10-15,2024-08-13
C001136,reconstructible partiel,arrivés restés,3,False,True,False,False,2024-04-05,2025-08-13
C001137,reconstructible partiel,arrivés restés,2,False,True,False,False,2024-05-13,2025-07-03
D000096,reconstructible partiel,déjà-là restés,11,False,False,False,False,2015-06-10,2025-06-09
D000191,reconstructible partiel,déjà-là partis,9,True,False,False,False,2015-05-05,2023-01-14
D000197,reconstructible partiel,déjà-là restés,11,False,False,False,False,2015-06-06,2025-06-10
D000216,reconstructible partiel,déjà-là restés,11,False,False,False,False,2015-05-12,2025-05-13
D000230,reconstructible partiel,arrivés restés,10,False,False,False,False,2014-05-07,2026-05-16
D000355,reconstructible partiel,déjà-là partis,1,True,False,False,False,2015-05-01,2015-05-01
D000399,reconstructible partiel,déjà-là restés,11,True,False,False,False,2015-07-14,2025-08-12
D000482,reconstructible partiel,déjà-là partis,9,True,False,False,False,2015-05-13,2023-02-15
D000530,reconstructible partiel,arrivés restés,5,False,True,False,False,2021-12-21,2025-04-25
D000533,reconstructible partiel,déjà-là partis,5,True,False,False,False,2015-05-14,2019-01-30
D000594,reconstructible partiel,arrivés restés,6,False,False,False,False,2023-08-10,2026-06-13
D000598,reconstructible partiel,déjà-là partis,8,True,False,False,False,2015-05-15,2021-01-26
D000600,reconstructible partiel,déjà-là restés,12,True,False,False,False,2015-05-14,2026-05-11
D000604,reconstructible partiel,déjà-là partis,5,True,False,False,False,2015-06-15,2018-05-30
D000610,reconstructible partiel,déjà-là partis,9,True,False,False,False,2015-05-15,2023-01-27
D000612,reconstructible partiel,déjà-là partis,5,False,False,False,False,2015-08-12,2019-04-26
D000614,reconstructible partiel,déjà-là partis,6,False,False,False,False,2015-08-13,2019-10-17
D000615,reconstructible partiel,déjà-là partis,11,True,False,False,False,2015-05-14,2025-01-22
D000616,reconstructible partiel,déjà-là restés,11,True,False,False,False,2015-05-13,2025-08-08
D000617,reconstructible partiel,déjà-là restés,12,True,False,False,False,2015-05-15,2026-05-14
D000619,reconstructible partiel,déjà-là partis,9,False,False,False,False,2015-04-29,2023-01-14
D000621,reconstructible partiel,déjà-là partis,5,False,False,False,False,2015-05-14,2018-10-31
D000622,reconstructible partiel,déjà-là partis,2,True,False,False,False,2015-05-15,2016-05-11
D000623,reconstructible partiel,arrivés restés,13,False,False,False,False,2014-05-01,2026-05-14
D000625,reconstructible partiel,cycle complet,5,False,False,False,False,2015-04-02,2019-03-04
D000627,reconstructible partiel,cycle complet,9,False,True,False,False,2015-12-23,2023-03-01
D000630,reconstructible partiel,cycle complet,7,False,False,False,False,2017-08-11,2022-07-13
D000631,reconstructible partiel,arrivés restés,9,False,False,False,False,2018-04-20,2026-05-15
D000632,reconstructible partiel,cycle complet,3,False,False,False,False,2022-08-08,2025-01-28
D000633,reconstructible partiel,cycle complet,3,False,False,False,False,2022-04-01,2024-06-06
D000634,reconstructible partiel,arrivés restés,3,False,True,False,False,2024-02-29,2025-07-14
D000635,reconstructible partiel,arrivés restés,3,False,True,False,False,2024-04-01,2025-08-13
E000071,reconstructible partiel,arrivés restés,7,False,False,False,False,2018-02-13,2025-08-13
E000179,reconstructible partiel,déjà-là partis,6,True,False,False,False,2015-05-15,2020-07-24
E000215,reconstructible partiel,déjà-là partis,11,False,False,False,False,2015-05-13,2025-01-28
E000235,reconstructible partiel,arrivés restés,5,False,False,False,False,2021-06-24,2025-07-15
E000246,reconstructible partiel,arrivés restés,4,False,True,False,False,2022-04-16,2025-08-13
E000288,reconstructible partiel,déjà-là partis,5,False,False,False,False,2015-04-27,2019-03-11
E000290,reconstructible partiel,déjà-là partis,4,False,False,False,False,2015-05-15,2022-05-17
E000291,reconstructible partiel,déjà-là partis,2,False,False,False,False,2015-05-15,2016-05-16
E000292,reconstructible partiel,déjà-là partis,1,False,False,False,False,2015-01-15,2015-01-15
E000293,reconstructible partiel,déjà-là partis,5,False,False,False,False,2015-06-15,2019-05-01
E000294,reconstructible partiel,arrivés restés,11,True,False,False,False,2014-05-16,2026-04-29
E000297,reconstructible partiel,arrivés restés,10,False,False,False,False,2017-06-15,2026-07-01
E000298,reconstructible partiel,arrivés restés,9,True,False,False,False,2017-03-09,2025-08-11
E000299,reconstructible partiel,arrivés restés,10,False,False,False,False,2017-09-14,2026-05-10
E000300,reconstructible partiel,arrivés restés,4,False,False,False,False,2023-09-23,2026-05-15
E000301,reconstructible partiel,arrivés restés,1,False,False,False,False,2025-06-13,2025-06-13
F000010,reconstructible partiel,déjà-là partis,1,False,False,False,False,2015-02-24,2015-02-24
F000030,reconstructible partiel,déjà-là partis,3,True,False,False,False,2015-05-14,2017-05-26
F000043,reconstructible partiel,déjà-là partis,3,False,False,False,False,2015-05-15,2016-08-24
F000372,reconstructible partiel,déjà-là partis,5,True,False,False,False,2015-05-14,2019-02-19
F000445,reconstructible partiel,déjà-là partis,3,False,False,False,False,2015-08-12,2017-01-26
F000446,reconstructible partiel,arrivés restés,7,False,True,False,False,2019-05-15,2025-08-12
F000448,reconstructible partiel,déjà-là partis,5,False,False,False,False,2015-05-15,2024-06-15
F000449,reconstructible partiel,déjà-là partis,8,True,False,False,False,2015-05-15,2022-07-31
F000450,reconstructible partiel,déjà-là restés,12,True,False,False,False,2015-05-15,2026-05-15
F000451,reconstructible partiel,déjà-là partis,3,True,False,False,False,2015-06-15,2017-01-31
F000454,reconstructible partiel,déjà-là restés,12,False,False,False,False,2015-05-14,2026-04-18
F000455,reconstructible partiel,déjà-là partis,6,False,False,False,False,2015-05-11,2020-07-31
F000456,reconstructible partiel,déjà-là partis,3,False,False,False,False,2015-05-14,2017-01-30
F000458,reconstructible partiel,déjà-là partis,3,False,False,False,False,2015-06-22,2017-01-31
F000459,reconstructible partiel,déjà-là restés,12,True,False,False,False,2015-05-15,2026-05-12
F000460,reconstructible partiel,déjà-là partis,4,False,False,False,False,2015-08-11,2018-08-06
F000461,reconstructible partiel,déjà-là partis,7,True,False,False,False,2015-08-03,2021-05-04
F000462,reconstructible partiel,déjà-là restés,12,True,False,False,False,2015-05-15,2026-05-12
F000466,reconstructible partiel,arrivés restés,11,False,True,False,False,2016-03-25,2026-05-15
F000467,reconstructible partiel,cycle complet,5,False,False,False,False,2017-08-31,2021-01-29
F000470,reconstructible partiel,arrivés restés,8,False,False,False,False,2019-10-02,2026-06-05
F000471,reconstructible partiel,arrivés restés,7,False,False,False,False,2019-10-16,2026-05-17
F000473,reconstructible partiel,cycle complet,5,False,False,False,False,2022-05-14,2025-11-12
F000474,reconstructible partiel,arrivés restés,4,True,False,False,False,2022-04-09,2025-08-11
F000475,reconstructible partiel,arrivés restés,5,False,False,False,False,2022-05-13,2026-05-13
F000477,reconstructible partiel,arrivés restés,6,False,False,False,False,2022-03-12,2026-05-13
F000478,reconstructible partiel,arrivés restés,5,False,True,False,False,2022-05-24,2025-08-11
F000480,reconstructible partiel,arrivés restés,3,False,True,False,False,2024-02-04,2026-05-15
F000481,reconstructible partiel,arrivés restés,3,False,False,False,False,2024-05-01,2025-09-02
F000482,reconstructible partiel,arrivés restés,2,False,True,False,False,2024-05-12,2025-08-02
F000484,reconstructible partiel,arrivés restés,2,False,True,False,False,2024-12-29,2025-08-13
F000485,reconstructible partiel,arrivés restés,3,False,True,False,False,2020-04-14,2026-05-19
G000061,reconstructible partiel,cycle complet,7,True,False,False,False,2019-07-29,2025-01-08
G000289,reconstructible partiel,déjà-là partis,5,True,False,False,False,2015-05-15,2019-01-23
G000377,reconstructible partiel,déjà-là partis,10,False,False,False,False,2015-07-27,2024-08-08
G000410,reconstructible partiel,déjà-là partis,5,False,False,False,False,2015-05-15,2019-01-30
G000535,reconstructible partiel,déjà-là partis,5,True,False,False,False,2015-08-13,2019-05-03
G000546,reconstructible partiel,déjà-là restés,12,False,False,False,False,2015-05-13,2026-05-14
G000548,reconstructible partiel,déjà-là partis,3,False,False,False,False,2015-05-14,2017-02-08
G000549,reconstructible partiel,déjà-là partis,1,False,False,False,False,2015-01-21,2015-01-21
G000550,reconstructible partiel,déjà-là partis,1,False,False,False,False,2015-02-09,2015-02-09
G000551,reconstructible partiel,déjà-là partis,10,True,False,False,False,2015-07-13,2024-08-12
G000552,reconstructible partiel,déjà-là partis,4,False,False,False,False,2019-05-15,2022-05-13
G000553,reconstructible partiel,déjà-là restés,12,True,False,False,False,2015-05-15,2026-05-15
G000556,reconstructible partiel,déjà-là partis,10,True,False,False,False,2015-08-19,2022-07-24
G000558,reconstructible partiel,déjà-là restés,12,True,False,False,False,2015-05-15,2026-05-14
G000559,reconstructible partiel,déjà-là restés,11,True,False,False,False,2015-05-06,2025-08-01
G000560,reconstructible partiel,déjà-là partis,7,True,False,False,False,2015-05-15,2020-12-24
G000563,reconstructible partiel,déjà-là partis,10,True,False,False,False,2015-05-10,2023-01-25
G000564,reconstructible partiel,déjà-là partis,3,False,False,False,False,2015-05-01,2017-02-10
G000565,reconstructible partiel,déjà-là restés,12,False,False,False,False,2015-09-03,2026-04-29
G000566,reconstructible partiel,déjà-là partis,5,False,False,False,False,2015-05-13,2019-02-06
G000567,reconstructible partiel,déjà-là partis,1,False,False,False,False,2015-05-06,2015-05-06
G000568,reconstructible partiel,déjà-là restés,12,False,False,False,False,2015-05-05,2026-05-15
G000569,reconstructible partiel,déjà-là partis,3,False,False,False,False,2015-01-14,2018-05-13
G000571,reconstructible partiel,déjà-là partis,7,False,False,False,False,2015-08-18,2021-05-03
G000572,reconstructible partiel,déjà-là partis,3,False,False,False,False,2015-05-12,2016-06-13
G000573,reconstructible partiel,déjà-là partis,3,False,False,False,False,2014-05-13,2016-05-15
G000580,reconstructible partiel,cycle complet,3,False,False,False,False,2016-03-22,2019-03-04
G000581,reconstructible partiel,arrivés restés,16,True,False,False,False,2016-03-24,2025-08-12
G000582,reconstructible partiel,cycle complet,1,False,False,False,False,2023-08-13,2023-08-13
G000583,reconstructible partiel,arrivés restés,12,True,False,False,False,2015-08-19,2025-08-11
G000584,reconstructible partiel,cycle complet,6,True,False,False,False,2017-03-17,2021-05-13
G000585,reconstructible partiel,arrivés restés,11,False,False,False,False,2017-01-05,2025-08-13
G000586,reconstructible partiel,arrivés restés,7,False,False,False,False,2018-02-16,2026-05-18
G000587,reconstructible partiel,arrivés restés,14,False,False,False,False,2015-11-25,2026-05-11
G000589,reconstructible partiel,arrivés restés,9,True,False,False,False,2018-02-02,2025-08-13
G000590,reconstructible partiel,cycle complet,9,True,False,False,False,2018-02-10,2025-08-12
G000591,reconstructible partiel,arrivés restés,8,True,False,False,False,2018-05-23,2025-08-08
G000592,reconstructible partiel,arrivés restés,9,False,False,False,False,2017-10-25,2025-08-13
G000593,reconstructible partiel,arrivés restés,6,False,True,False,False,2020-06-15,2025-08-13
G000594,reconstructible partiel,cycle complet,9,False,False,False,False,2016-01-12,2026-05-16
G000595,reconstructible partiel,cycle complet,5,False,False,False,False,2021-08-10,2025-04-28
G000598,reconstructible partiel,arrivés restés,6,False,True,False,False,2022-01-21,2025-08-08
G000600,reconstructible partiel,arrivés restés,5,False,True,False,False,2022-06-15,2026-05-15
G000601,reconstructible partiel,arrivés restés,3,False,True,False,False,2023-12-30,2025-08-13
G000602,reconstructible partiel,arrivés restés,4,False,True,False,False,2022-07-23,2025-08-13
G000604,reconstructible partiel,arrivés restés,3,False,True,False,False,2024-08-12,2026-05-15
G000605,reconstructible partiel,arrivés restés,4,False,True,False,False,2022-05-09,2025-08-13
G000606,reconstructible partiel,arrivés restés,1,False,True,False,False,2025-05-15,2025-05-15
G000607,reconstructible partiel,arrivés restés,2,False,False,False,False,2019-06-21,2026-05-05
H000067,reconstructible partiel,déjà-là partis,1,False,False,False,False,2015-04-29,2015-04-29
H000324,reconstructible partiel,déjà-là partis,6,False,False,False,False,2015-05-13,2020-08-06
H000329,reconstructible partiel,déjà-là partis,1,False,False,False,False,2015-02-04,2015-02-04
H000636,reconstructible partiel,déjà-là partis,3,True,False,False,False,2015-08-12,2017-05-01
H000874,reconstructible partiel,déjà-là restés,11,False,False,False,False,2015-05-14,2025-05-28
H001032,reconstructible partiel,déjà-là partis,1,False,False,False,False,2015-02-01,2015-02-01
H001034,reconstructible partiel,déjà-là partis,2,False,False,False,False,2015-05-14,2016-05-16
H001036,reconstructible partiel,déjà-là partis,5,False,False,False,False,2015-05-14,2019-02-12
H001038,reconstructible partiel,déjà-là partis,10,True,False,False,False,2015-04-15,2024-04-05
H001045,reconstructible partiel,déjà-là partis,5,False,False,False,False,2015-08-11,2019-02-12
H001047,reconstructible partiel,déjà-là restés,12,True,False,False,False,2015-06-15,2026-07-01
H001050,reconstructible partiel,déjà-là partis,5,False,False,False,False,2015-02-01,2019-02-04
H001051,reconstructible partiel,déjà-là partis,3,True,False,False,False,2015-08-13,2017-02-01
H001052,reconstructible partiel,déjà-là restés,12,True,False,False,False,2015-05-14,2026-05-14
H001053,reconstructible partiel,déjà-là partis,9,False,False,False,False,2015-06-24,2023-01-25
H001055,reconstructible partiel,déjà-là partis,3,False,False,False,False,2015-05-13,2017-01-07
H001056,reconstructible partiel,déjà-là partis,9,False,False,False,False,2015-05-15,2023-01-24
H001057,reconstructible partiel,déjà-là partis,3,False,False,False,False,2015-05-13,2017-02-09
H001058,reconstructible partiel,déjà-là restés,11,True,False,False,False,2015-09-12,2025-06-30
H001059,reconstructible partiel,déjà-là partis,4,False,False,False,False,2015-05-15,2018-05-15
H001060,reconstructible partiel,déjà-là partis,4,True,False,False,False,2015-05-15,2022-04-06
H001063,reconstructible partiel,déjà-là partis,3,False,False,False,False,2015-05-15,2017-02-16
H001064,reconstructible partiel,déjà-là partis,7,True,False,False,False,2015-06-12,2021-01-28
H001065,reconstructible partiel,déjà-là partis,7,True,False,False,False,2015-05-15,2021-06-29
H001066,reconstructible partiel,déjà-là restés,8,False,True,False,False,2018-05-14,2025-07-14
H001067,reconstructible partiel,déjà-là restés,12,False,False,False,False,2015-05-14,2026-06-29
H001068,reconstructible partiel,déjà-là restés,13,False,False,False,False,2015-05-20,2026-04-15
H001070,reconstructible partiel,cycle complet,5,False,False,False,False,2014-09-13,2022-05-26
H001071,reconstructible partiel,cycle complet,10,False,True,False,False,2014-05-30,2023-04-17
H001072,reconstructible partiel,arrivés restés,12,True,False,False,False,2014-05-15,2025-05-15
H001073,reconstructible partiel,cycle complet,8,False,False,False,False,2014-09-02,2021-02-09
H001074,reconstructible partiel,cycle complet,9,True,False,False,False,2016-02-18,2023-05-05
H001080,reconstructible partiel,cycle complet,2,False,True,False,False,2017-10-06,2018-05-15
H001081,reconstructible partiel,arrivés restés,9,False,True,False,False,2018-07-09,2026-05-11
H001083,reconstructible partiel,cycle complet,5,False,True,False,False,2017-08-29,2021-02-01
H001084,reconstructible partiel,cycle complet,9,False,False,False,False,2017-09-01,2024-05-15
H001085,reconstructible partiel,arrivés restés,10,False,True,False,False,2017-08-14,2026-05-14
H001087,reconstructible partiel,cycle complet,4,False,False,False,False,2017-06-20,2020-03-03
H001088,reconstructible partiel,cycle complet,5,True,False,False,False,2017-05-19,2021-08-25
H001090,reconstructible partiel,arrivés restés,10,False,True,False,False,2017-09-07,2026-05-13
H001093,reconstructible partiel,arrivés restés,6,False,True,False,False,2015-08-17,2026-05-01
H001095,reconstructible partiel,arrivés restés,8,False,True,False,False,2019-05-15,2026-05-02
H001096,reconstructible partiel,arrivés restés,5,False,True,False,False,2021-11-08,2025-08-10
H001098,reconstructible partiel,arrivés restés,3,False,False,False,False,2024-02-15,2025-08-07
H001099,reconstructible partiel,arrivés restés,2,False,True,False,False,2024-07-02,2025-08-13
H001100,reconstructible partiel,arrivés restés,4,False,True,False,False,2023-12-14,2026-05-12
H001101,reconstructible partiel,arrivés restés,3,False,True,False,False,2023-12-28,2025-08-13
H001102,reconstructible partiel,arrivés restés,7,False,True,False,False,2016-05-04,2026-05-14
H001103,reconstructible partiel,arrivés restés,3,False,True,False,False,2023-08-13,2025-05-15
I000056,reconstructible partiel,déjà-là restés,12,True,False,False,False,2015-07-09,2025-08-07
I000057,reconstructible partiel,déjà-là partis,3,False,False,False,False,2015-05-13,2017-01-31
I000058,reconstructible partiel,arrivés restés,7,False,True,False,False,2015-05-15,2025-08-11
J000032,reconstructible partiel,déjà-là partis,9,False,False,False,False,2015-08-20,2023-10-04
J000126,reconstructible partiel,déjà-là partis,8,False,False,False,False,2015-05-14,2022-05-10
J000174,reconstructible partiel,déjà-là partis,6,False,False,False,False,2015-04-28,2019-02-06
J000255,reconstructible partiel,déjà-là partis,4,False,False,False,False,2015-04-30,2018-05-11
J000288,reconstructible partiel,déjà-là restés,13,False,False,False,False,2014-07-08,2026-05-15
J000289,reconstructible partiel,déjà-là restés,12,True,False,False,False,2015-05-07,2026-05-11
J000290,reconstructible partiel,déjà-là partis,6,False,False,False,False,2015-05-11,2026-05-23
J000292,reconstructible partiel,déjà-là partis,10,True,False,False,False,2015-05-14,2024-04-16
J000294,reconstructible partiel,déjà-là restés,12,True,False,False,False,2015-05-12,2026-05-15
J000295,reconstructible partiel,déjà-là restés,11,True,False,False,False,2015-07-14,2025-08-13
J000296,reconstructible partiel,cycle complet,4,True,False,False,False,2014-05-15,2017-02-02
J000297,reconstructible partiel,cycle complet,6,False,False,False,False,2014-05-22,2019-02-11
J000299,reconstructible partiel,arrivés restés,6,False,True,False,False,2016-06-21,2021-08-13
J000301,reconstructible partiel,arrivés restés,11,False,True,False,False,2016-12-18,2025-07-22
J000302,reconstructible partiel,arrivés restés,8,False,True,False,False,2018-04-15,2025-06-16
J000303,reconstructible partiel,cycle complet,4,False,False,False,False,2018-08-01,2020-05-15
J000304,reconstructible partiel,arrivés restés,7,False,True,False,False,2020-02-02,2025-08-08
J000306,reconstructible partiel,cycle complet,5,False,False,False,False,2022-05-16,2026-02-13
J000307,reconstructible partiel,arrivés restés,4,True,False,False,False,2022-07-25,2025-08-13
J000311,reconstructible partiel,arrivés restés,2,False,True,False,False,2024-10-02,2025-08-13
K000009,reconstructible partiel,déjà-là restés,12,True,False,False,False,2015-05-15,2026-05-14
K000188,reconstructible partiel,déjà-là partis,9,False,False,False,False,2015-05-04,2023-01-27
K000210,reconstructible partiel,déjà-là partis,8,False,False,False,False,2015-05-15,2021-06-02
K000220,reconstructible partiel,déjà-là partis,3,False,False,False,False,2015-02-02,2026-05-14
K000362,reconstructible partiel,déjà-là partis,7,False,False,False,False,2015-05-15,2021-02-03
K000363,reconstructible partiel,déjà-là partis,3,False,False,False,False,2015-05-13,2017-01-05
K000368,reconstructible partiel,déjà-là partis,10,False,False,False,False,2015-05-10,2023-01-15
K000375,reconstructible partiel,déjà-là restés,11,True,False,False,False,2015-05-05,2025-05-15
K000376,reconstructible partiel,déjà-là restés,11,True,False,False,False,2015-08-12,2025-08-09
K000378,reconstructible partiel,déjà-là partis,8,True,False,False,False,2015-05-15,2022-05-12
K000379,reconstructible partiel,déjà-là partis,7,True,False,False,False,2015-05-15,2021-04-29
K000380,reconstructible partiel,déjà-là partis,11,False,False,False,False,2015-05-01,2025-01-08
K000381,reconstructible partiel,déjà-là partis,11,True,False,False,False,2015-05-14,2025-01-27
K000382,reconstructible partiel,déjà-là partis,11,False,False,False,False,2015-05-21,2025-05-22
K000385,reconstructible partiel,déjà-là restés,14,False,False,False,False,2015-08-07,2026-07-02
K000388,reconstructible partiel,arrivés restés,12,False,False,False,False,2015-04-07,2026-04-20
K000389,reconstructible partiel,arrivés restés,10,True,False,False,False,2016-06-01,2025-08-13
K000390,reconstructible partiel,cycle complet,3,False,True,False,False,2015-07-28,2017-05-14
K000391,reconstructible partiel,arrivés restés,11,True,False,False,False,2015-08-12,2025-08-06
K000394,reconstructible partiel,cycle complet,8,False,False,False,False,2017-10-17,2024-08-13
K000395,reconstructible partiel,cycle complet,5,False,False,False,False,2019-03-20,2023-02-13
K000396,reconstructible partiel,cycle complet,5,False,False,False,False,2019-08-13,2023-01-28
K000397,reconstructible partiel,arrivés restés,9,False,False,False,False,2018-02-15,2025-07-17
K000399,reconstructible partiel,arrivés restés,5,False,False,False,False,2021-08-08,2025-08-13
K000400,reconstructible partiel,arrivés restés,2,False,False,False,False,2024-06-07,2025-06-05
K000401,reconstructible partiel,arrivés restés,4,False,False,False,False,2022-08-12,2025-08-12
K000402,reconstructible partiel,arrivés restés,4,False,True,False,False,2023-12-12,2026-05-12
K000404,reconstructible partiel,arrivés restés,1,False,False,False,False,2024-12-09,2024-12-09
L000111,reconstructible partiel,déjà-là partis,1,False,False,False,False,2015-02-20,2015-02-20
L000263,reconstructible partiel,déjà-là partis,5,False,False,False,False,2015-05-15,2019-04-07
L000266,reconstructible partiel,cycle complet,7,False,False,False,False,2019-10-16,2025-05-02
L000287,reconstructible partiel,déjà-là partis,5,False,False,False,False,2015-08-13,2019-08-13
L000397,reconstructible partiel,déjà-là restés,11,True,False,False,False,2015-05-14,2025-05-09
L000480,reconstructible partiel,déjà-là partis,7,True,False,False,False,2015-05-15,2021-01-29
L000491,reconstructible partiel,déjà-là restés,11,False,False,False,False,2015-05-12,2025-07-14
L000551,reconstructible partiel,déjà-là partis,13,False,False,False,False,2015-05-15,2025-12-30
L000554,reconstructible partiel,déjà-là partis,5,True,False,False,False,2015-08-04,2019-01-18
L000557,reconstructible partiel,déjà-là restés,12,True,False,False,False,2015-05-15,2026-05-14
L000559,reconstructible partiel,déjà-là partis,9,True,False,False,False,2015-05-15,2023-04-26
L000560,reconstructible partiel,déjà-là restés,12,True,False,False,False,2015-05-14,2026-05-13
L000562,reconstructible partiel,déjà-là restés,12,True,False,False,False,2015-05-15,2026-05-15
L000563,reconstructible partiel,déjà-là partis,7,False,False,False,False,2015-05-14,2021-02-03
L000564,reconstructible partiel,déjà-là partis,11,True,False,False,False,2015-05-15,2025-02-11
L000565,reconstructible partiel,déjà-là partis,7,True,False,False,False,2015-05-12,2021-01-28
L000566,reconstructible partiel,déjà-là restés,12,True,False,False,False,2015-05-09,2026-05-04
L000567,reconstructible partiel,déjà-là partis,5,True,False,False,False,2015-08-10,2019-01-29
L000569,reconstructible partiel,déjà-là partis,11,True,False,False,False,2015-05-12,2025-01-16
L000570,reconstructible partiel,déjà-là partis,6,False,False,False,False,2015-05-15,2020-08-10
L000571,reconstructible partiel,déjà-là partis,3,False,False,False,False,2015-06-24,2017-03-31
L000573,reconstructible partiel,déjà-là partis,5,False,False,False,False,2015-05-15,2019-01-27
L000576,reconstructible partiel,déjà-là partis,9,True,False,False,False,2015-05-14,2023-01-05
L000578,reconstructible partiel,déjà-là partis,11,False,False,False,False,2015-05-15,2025-05-14
L000579,reconstructible partiel,déjà-là partis,9,True,False,False,False,2015-05-14,2023-04-19
L000580,reconstructible partiel,déjà-là partis,5,False,False,False,False,2015-05-15,2019-03-04
L000582,reconstructible partiel,arrivés restés,12,False,False,False,False,2014-03-05,2025-08-05
L000583,reconstructible partiel,arrivés restés,13,False,False,False,False,2014-04-28,2026-06-02
L000588,reconstructible partiel,cycle complet,7,False,False,False,False,2017-11-05,2023-01-20
L000592,reconstructible partiel,cycle complet,7,False,False,False,False,2018-01-26,2023-04-28
L000593,reconstructible partiel,arrivés restés,10,False,False,False,False,2017-04-30,2026-04-16
L000598,reconstructible partiel,arrivés restés,4,False,True,False,False,2022-07-19,2025-07-29
L000599,reconstructible partiel,arrivés restés,4,False,True,False,False,2022-07-15,2025-08-12
L000600,reconstructible partiel,arrivés restés,5,False,True,False,False,2022-07-06,2026-05-15
L000602,reconstructible partiel,arrivés restés,1,False,False,False,False,2023-08-13,2023-08-13
L000603,reconstructible partiel,arrivés restés,5,False,True,False,False,2021-08-24,2025-08-12
L000604,reconstructible partiel,cycle complet,2,False,False,False,False,2024-05-12,2025-02-03
L000605,reconstructible partiel,cycle complet,1,False,True,False,False,2024-09-07,2024-09-07
L000606,reconstructible partiel,arrivés restés,1,False,True,False,False,2025-09-12,2025-09-12
L000607,reconstructible partiel,arrivés restés,4,False,True,False,False,2024-01-29,2026-06-08
M000087,reconstructible partiel,déjà-là partis,9,True,False,False,False,2015-05-15,2023-02-01
M000194,reconstructible partiel,arrivés restés,7,False,False,False,False,2019-08-23,2025-08-13
M000309,reconstructible partiel,déjà-là partis,1,True,False,False,False,2015-05-01,2015-05-01
M000312,reconstructible partiel,déjà-là restés,12,True,False,False,False,2015-05-15,2026-05-12
M000404,reconstructible partiel,déjà-là partis,4,True,False,False,False,2015-05-14,2017-01-30
M000485,reconstructible partiel,déjà-là partis,1,False,False,False,False,2015-01-30,2015-01-30
M000508,reconstructible partiel,déjà-là partis,1,False,False,False,False,2015-01-20,2015-01-20
M000687,reconstructible partiel,arrivés restés,7,False,True,False,False,2020-04-21,2025-08-13
M000689,reconstructible partiel,déjà-là partis,3,False,False,False,False,2015-05-15,2017-02-01
M000725,reconstructible partiel,déjà-là partis,1,True,False,False,False,2015-01-30,2015-01-30
M001139,reconstructible partiel,déjà-là partis,1,True,False,False,False,2015-04-29,2015-04-29
M001142,reconstructible partiel,déjà-là partis,1,False,False,False,False,2015-01-26,2015-01-26
M001143,reconstructible partiel,déjà-là restés,9,False,False,False,False,2015-05-14,2023-05-01
M001144,reconstructible partiel,déjà-là partis,6,False,False,False,False,2015-05-15,2024-06-14
M001149,reconstructible partiel,déjà-là partis,1,False,False,False,False,2015-03-16,2015-03-16
M001150,reconstructible partiel,déjà-là partis,3,True,False,False,False,2015-04-24,2017-01-01
M001151,reconstructible partiel,déjà-là partis,5,False,False,False,False,2015-05-06,2024-05-26
M001156,reconstructible partiel,déjà-là partis,11,True,False,False,False,2015-05-14,2025-01-31
M001157,reconstructible partiel,déjà-là restés,11,True,False,False,False,2015-09-16,2025-08-12
M001158,reconstructible partiel,déjà-là partis,7,True,False,False,False,2015-08-13,2021-04-19
M001159,reconstructible partiel,déjà-là partis,4,False,False,False,False,2015-05-15,2018-05-15
M001160,reconstructible partiel,déjà-là restés,10,False,False,False,False,2015-05-08,2026-05-12
M001163,reconstructible partiel,déjà-là restés,12,True,False,False,False,2015-05-15,2026-05-14
M001165,reconstructible partiel,déjà-là partis,10,False,False,False,False,2015-05-14,2024-01-24
M001166,reconstructible partiel,déjà-là partis,9,False,False,False,False,2015-05-06,2023-01-22
M001171,reconstructible partiel,déjà-là partis,1,False,False,False,False,2015-01-27,2015-01-27
M001177,reconstructible partiel,déjà-là restés,12,False,False,False,False,2015-05-12,2026-05-14
M001179,reconstructible partiel,déjà-là partis,5,False,False,False,False,2015-05-15,2019-02-12
M001180,reconstructible partiel,déjà-là partis,9,True,False,False,False,2015-05-13,2023-01-19
M001181,reconstructible partiel,déjà-là partis,4,False,False,False,False,2015-05-13,2018-05-09
M001182,reconstructible partiel,déjà-là partis,2,True,False,False,False,2015-05-12,2016-05-15
M001184,reconstructible partiel,déjà-là restés,12,True,False,False,False,2015-05-15,2026-05-15
M001185,reconstructible partiel,déjà-là partis,9,True,False,False,False,2015-07-03,2023-05-31
M001187,reconstructible partiel,déjà-là partis,5,True,False,False,False,2015-06-23,2019-07-26
M001188,reconstructible partiel,déjà-là restés,12,True,False,False,False,2015-05-15,2026-06-22
M001189,reconstructible partiel,déjà-là partis,5,False,False,False,False,2015-05-15,2019-04-09
M001190,reconstructible partiel,déjà-là partis,8,True,False,False,False,2015-08-10,2022-08-09
M001191,reconstructible partiel,déjà-là partis,3,True,False,False,False,2015-06-03,2017-02-01
M001192,reconstructible partiel,déjà-là partis,1,False,False,False,False,2014-05-15,2014-05-15
M001194,reconstructible partiel,arrivés restés,13,False,False,False,False,2014-05-21,2026-05-14
M001195,reconstructible partiel,cycle complet,12,False,False,False,False,2014-04-14,2025-02-03
M001197,reconstructible partiel,cycle complet,5,False,True,False,False,2014-05-14,2018-08-11
M001198,reconstructible partiel,cycle complet,6,True,False,False,False,2015-05-13,2020-08-13
M001200,reconstructible partiel,cycle complet,6,True,False,False,False,2016-05-13,2022-05-15
M001208,reconstructible partiel,arrivés restés,8,False,True,False,False,2018-05-21,2025-08-12
M001210,reconstructible partiel,arrivés restés,9,True,False,False,False,2019-03-07,2026-05-11
M001211,reconstructible partiel,arrivés restés,9,False,True,False,False,2014-01-30,2025-11-07
M001212,reconstructible partiel,arrivés restés,10,True,False,False,False,2017-08-14,2026-04-29
M001214,reconstructible partiel,arrivés restés,8,False,False,False,False,2020-01-03,2026-06-14
M001215,reconstructible partiel,arrivés restés,8,False,False,False,False,2014-05-02,2026-05-10
M001216,reconstructible partiel,arrivés restés,5,False,False,False,False,2021-05-07,2025-08-13
M001218,reconstructible partiel,arrivés restés,6,True,False,False,False,2020-05-20,2025-08-13
M001219,reconstructible partiel,arrivés restés,4,False,False,False,False,2023-05-12,2026-05-14
M001224,reconstructible partiel,arrivés restés,5,False,True,False,False,2022-01-28,2025-08-13
M001225,reconstructible partiel,arrivés restés,6,False,False,False,False,2021-12-20,2026-05-14
M001226,reconstructible partiel,arrivés restés,4,False,True,False,False,2022-05-08,2025-07-14
M001228,reconstructible partiel,arrivés restés,3,False,True,False,False,2023-07-10,2025-05-22
M001229,reconstructible partiel,arrivés restés,3,False,False,False,False,2024-12-12,2026-06-18
M001230,reconstructible partiel,arrivés restés,7,False,True,False,False,2017-10-12,2025-08-13
M001231,reconstructible partiel,arrivés restés,4,False,True,False,False,2023-11-10,2026-05-13
M001233,reconstructible partiel,arrivés restés,2,False,True,False,False,2024-04-07,2025-08-13
M001235,reconstructible partiel,arrivés restés,3,False,True,False,False,2023-04-21,2025-08-13
M001237,reconstructible partiel,arrivés restés,2,False,True,False,False,2024-07-05,2025-08-06
M001238,reconstructible partiel,arrivés restés,4,False,True,False,False,2023-07-17,2026-05-14
M001240,reconstructible partiel,arrivés restés,2,False,False,False,False,2024-02-04,2024-05-13
M001246,reconstructible partiel,arrivés restés,1,False,True,False,False,2026-01-20,2026-01-20
N000002,reconstructible partiel,déjà-là restés,12,False,False,False,False,2015-05-15,2026-05-14
N000015,reconstructible partiel,déjà-là restés,12,False,False,False,False,2015-05-14,2026-05-15
N000026,reconstructible partiel,arrivés restés,8,False,False,False,False,2020-01-31,2026-02-20
N000127,reconstructible partiel,déjà-là partis,5,False,False,False,False,2015-05-15,2019-01-28
N000147,reconstructible partiel,déjà-là restés,12,True,False,False,False,2015-05-04,2026-05-12
N000179,reconstructible partiel,déjà-là partis,11,False,False,False,False,2015-05-14,2025-03-04
N000181,reconstructible partiel,déjà-là partis,8,False,False,False,False,2015-05-14,2022-01-30
N000182,reconstructible partiel,déjà-là partis,3,True,False,False,False,2015-05-14,2017-02-17
N000184,reconstructible partiel,déjà-là partis,5,False,False,False,False,2015-05-15,2019-02-08
N000185,reconstructible partiel,déjà-là partis,3,False,False,False,False,2015-05-14,2017-01-12
N000186,reconstructible partiel,déjà-là partis,0,True,False,False,False,,
N000187,reconstructible partiel,déjà-là partis,1,False,False,False,False,2015-03-25,2015-03-25
N000190,reconstructible partiel,arrivés restés,9,False,True,False,False,2017-04-02,2025-08-13
N000191,reconstructible partiel,arrivés restés,9,False,False,False,False,2017-10-09,2025-08-10
N000193,reconstructible partiel,arrivés restés,5,False,True,False,False,2021-08-09,2025-08-13
N000194,reconstructible partiel,cycle complet,5,False,False,False,False,2021-08-30,2025-05-02
O000019,reconstructible partiel,arrivés restés,7,False,True,False,False,2019-10-18,2025-04-16
O000086,reconstructible partiel,arrivés restés,9,False,True,False,False,2014-08-06,2025-08-11
O000168,reconstructible partiel,déjà-là partis,9,False,False,False,False,2015-05-14,2021-04-26
O000169,reconstructible partiel,déjà-là partis,1,True,False,False,False,2015-01-28,2015-01-28
O000170,reconstructible partiel,déjà-là partis,5,True,False,False,False,2015-05-15,2019-02-02
O000172,reconstructible partiel,arrivés restés,8,False,False,False,False,2018-04-30,2025-08-20
O000173,reconstructible partiel,arrivés restés,7,False,False,False,False,2020-08-13,2026-05-13
O000175,reconstructible partiel,arrivés restés,4,False,False,False,False,2023-01-30,2025-08-13
O000176,reconstructible partiel,arrivés restés,3,False,True,False,False,2024-04-06,2026-05-15
O000177,reconstructible partiel,arrivés restés,2,False,True,False,False,2024-07-07,2025-08-13
P000034,reconstructible partiel,déjà-là restés,12,True,False,False,False,2015-05-15,2026-05-15
P000096,reconstructible partiel,déjà-là partis,10,True,False,False,False,2015-05-08,2024-08-13
P000099,reconstructible partiel,déjà-là partis,1,False,False,False,False,2015-03-27,2015-03-27
P000197,reconstructible partiel,déjà-là restés,12,True,False,False,False,2015-05-15,2026-05-15
P000258,reconstructible partiel,déjà-là partis,8,False,False,False,False,2015-05-13,2024-05-13
P000265,reconstructible partiel,déjà-là partis,1,True,False,False,False,2015-01-16,2015-01-16
P000373,reconstructible partiel,déjà-là partis,3,False,False,False,False,2015-05-12,2017-03-15
P000523,reconstructible partiel,déjà-là partis,12,True,False,False,False,2015-05-15,2023-02-22
P000588,reconstructible partiel,déjà-là partis,5,False,False,False,False,2015-08-12,2019-01-29
P000591,reconstructible partiel,déjà-là partis,2,True,False,False,False,2015-08-06,2016-08-15
P000592,reconstructible partiel,déjà-là partis,5,False,False,False,False,2015-05-14,2019-01-27
P000593,reconstructible partiel,déjà-là partis,9,True,False,False,False,2015-08-10,2023-01-26
P000594,reconstructible partiel,déjà-là partis,5,True,False,False,False,2015-05-14,2019-01-30
P000595,reconstructible partiel,déjà-là partis,0,True,False,False,False,,
P000596,reconstructible partiel,déjà-là partis,2,False,False,False,False,2015-05-15,2016-05-12
P000597,reconstructible partiel,déjà-là restés,12,True,False,False,False,2015-09-08,2026-05-15
P000598,reconstructible partiel,déjà-là partis,5,True,False,False,False,2015-08-12,2019-04-29
P000599,reconstructible partiel,déjà-là partis,11,False,False,False,False,2015-04-30,2025-01-21
P000601,reconstructible partiel,déjà-là partis,9,False,False,False,False,2015-05-15,2023-01-15
P000602,reconstructible partiel,déjà-là partis,2,False,False,False,False,2015-07-30,2016-08-08
P000604,reconstructible partiel,déjà-là partis,9,False,False,False,False,2015-05-15,2023-05-15
P000605,reconstructible partiel,déjà-là restés,12,False,False,False,False,2015-08-07,2026-05-03
P000606,reconstructible partiel,déjà-là partis,5,False,False,False,False,2015-08-13,2019-01-18
P000607,reconstructible partiel,déjà-là restés,11,True,False,False,False,2015-05-14,2025-07-31
P000608,reconstructible partiel,déjà-là restés,12,True,False,False,False,2015-05-12,2025-08-11
P000609,reconstructible partiel,arrivés restés,13,True,False,False,False,2014-08-14,2026-04-15
P000611,reconstructible partiel,cycle complet,8,True,False,False,False,2014-05-21,2022-05-24
P000613,reconstructible partiel,arrivés restés,10,False,False,False,False,2015-12-07,2025-05-13
P000614,reconstructible partiel,arrivés restés,9,False,False,False,False,2017-12-18,2025-08-02
P000617,reconstructible partiel,arrivés restés,8,False,True,False,False,2019-06-14,2026-05-15
P000619,reconstructible partiel,cycle complet,4,False,False,False,False,2022-05-17,2025-03-10
P000620,reconstructible partiel,arrivés restés,5,False,True,False,False,2017-07-31,2025-08-13
P000621,reconstructible partiel,arrivés restés,3,False,True,False,False,2024-09-24,2026-05-15
P000622,reconstructible partiel,arrivés restés,2,False,True,False,False,2025-01-27,2025-08-04
Q000023,reconstructible partiel,déjà-là restés,9,False,False,False,False,2015-05-14,2026-05-14
R000011,reconstructible partiel,déjà-là partis,1,True,False,False,False,2015-06-03,2015-06-03
R000053,reconstructible partiel,déjà-là partis,3,False,False,False,False,2015-05-14,2017-05-09
R000395,reconstructible partiel,déjà-là restés,11,True,False,False,False,2015-05-13,2025-08-12
R000409,reconstructible partiel,déjà-là partis,5,False,False,False,False,2015-05-15,2019-05-03
R000435,reconstructible partiel,déjà-là partis,5,False,False,False,False,2015-05-14,2019-04-25
R000486,reconstructible partiel,déjà-là partis,9,False,False,False,False,2015-05-15,2023-03-28
R000487,reconstructible partiel,déjà-là partis,5,False,False,False,False,2015-05-15,2019-05-15
R000515,reconstructible partiel,déjà-là partis,9,False,False,False,False,2015-05-29,2023-02-09
R000570,reconstructible partiel,déjà-là partis,5,True,False,False,False,2015-05-14,2019-04-30
R000572,reconstructible partiel,déjà-là partis,1,False,False,False,False,2015-01-30,2015-01-30
R000575,reconstructible partiel,déjà-là restés,13,False,False,False,False,2015-05-08,2026-05-14
R000576,reconstructible partiel,déjà-là partis,11,False,False,False,False,2015-05-06,2025-01-14
R000577,reconstructible partiel,déjà-là partis,8,False,False,False,False,2015-08-13,2022-05-16
R000578,reconstructible partiel,déjà-là partis,5,False,False,False,False,2015-06-11,2019-01-31
R000579,reconstructible partiel,arrivés restés,6,True,False,False,False,2017-10-05,2025-08-12
R000580,reconstructible partiel,déjà-là partis,5,True,False,False,False,2015-05-15,2019-04-26
R000582,reconstructible partiel,déjà-là partis,7,True,False,False,False,2015-07-15,2021-12-07
R000583,reconstructible partiel,déjà-là partis,5,True,False,False,False,2015-08-11,2019-05-02
R000585,reconstructible partiel,déjà-là partis,8,False,False,False,False,2015-05-15,2022-05-13
R000586,reconstructible partiel,déjà-là partis,5,True,False,False,False,2015-05-13,2019-01-30
R000587,reconstructible partiel,déjà-là partis,3,False,False,False,False,2015-05-13,2017-02-01
R000588,reconstructible partiel,déjà-là partis,6,True,False,False,False,2015-05-15,2020-09-12
R000589,reconstructible partiel,déjà-là partis,3,True,False,False,False,2015-05-15,2017-05-01
R000591,reconstructible partiel,déjà-là partis,7,True,False,False,False,2015-05-15,2021-07-21
R000592,reconstructible partiel,déjà-là partis,5,True,False,False,False,2015-07-14,2019-02-01
R000593,reconstructible partiel,déjà-là partis,6,False,False,False,False,2015-05-11,2022-05-16
R000596,reconstructible partiel,déjà-là partis,1,True,False,False,False,2014-05-29,2014-05-29
R000597,reconstructible partiel,déjà-là partis,9,True,False,False,False,2015-05-14,2023-01-19
R000598,reconstructible partiel,déjà-là partis,5,True,False,False,False,2015-05-14,2019-05-01
R000599,reconstructible partiel,déjà-là restés,12,True,False,False,False,2015-05-15,2026-05-13
R000600,reconstructible partiel,arrivés restés,2,False,False,False,False,2023-04-25,2024-05-07
R000601,reconstructible partiel,cycle complet,7,False,False,False,False,2014-02-11,2020-09-06
R000602,reconstructible partiel,cycle complet,10,False,True,False,False,2014-05-15,2023-01-30
R000606,reconstructible partiel,arrivés restés,12,True,False,False,False,2015-05-15,2026-05-15
R000607,reconstructible partiel,cycle complet,6,True,False,False,False,2016-06-30,2021-02-03
R000610,reconstructible partiel,arrivés restés,9,True,False,False,False,2018-02-10,2025-07-25
R000611,reconstructible partiel,cycle complet,3,False,True,False,False,2018-06-29,2020-09-10
R000613,reconstructible partiel,cycle complet,7,False,False,False,False,2017-09-29,2022-05-15
R000617,reconstructible partiel,arrivés restés,5,False,False,False,False,2022-03-07,2025-07-22
R000619,reconstructible partiel,arrivés restés,2,False,False,False,False,2024-12-30,2025-05-14
R000620,reconstructible partiel,arrivés restés,3,False,False,False,False,2024-02-02,2025-05-13
R000622,reconstructible partiel,arrivés restés,5,False,True,False,False,2022-03-15,2025-08-13
S000018,reconstructible partiel,déjà-là partis,3,False,False,False,False,2015-05-13,2017-02-07
S000030,reconstructible partiel,déjà-là partis,3,False,False,False,False,2015-05-01,2017-01-13
S000051,reconstructible partiel,déjà-là partis,5,True,False,False,False,2015-05-15,2019-01-25
S000185,reconstructible partiel,déjà-là restés,11,True,False,False,False,2015-06-15,2025-08-07
S000244,reconstructible partiel,déjà-là partis,7,True,False,False,False,2015-07-28,2021-05-03
S000248,reconstructible partiel,déjà-là partis,7,False,False,False,False,2015-05-14,2021-01-17
S000344,reconstructible partiel,déjà-là restés,11,True,False,False,False,2015-05-07,2025-05-09
S000364,reconstructible partiel,déjà-là partis,7,False,False,False,False,2015-05-14,2021-05-12
S000480,reconstructible partiel,déjà-là partis,3,True,False,False,False,2015-05-15,2017-05-10
S000510,reconstructible partiel,déjà-là restés,13,True,False,False,False,2015-04-17,2026-04-14
S000522,reconstructible partiel,déjà-là restés,3,False,False,False,False,2024-05-15,2026-05-13
S000583,reconstructible partiel,déjà-là partis,8,True,False,False,False,2015-06-12,2026-02-01
S001145,reconstructible partiel,déjà-là restés,12,True,False,False,False,2015-05-15,2026-05-07
S001148,reconstructible partiel,déjà-là restés,12,True,False,False,False,2015-05-12,2026-04-14
S001150,reconstructible partiel,déjà-là partis,10,True,False,False,False,2015-05-15,2024-08-07
S001154,reconstructible partiel,déjà-là partis,5,False,False,False,False,2015-07-24,2019-04-30
S001156,reconstructible partiel,déjà-là restés,12,True,False,False,False,2015-05-15,2026-03-09
S001157,reconstructible partiel,déjà-là partis,11,False,False,False,False,2015-05-15,2025-07-14
S001159,reconstructible partiel,arrivés restés,6,False,True,False,False,2020-05-14,2025-09-04
S001162,reconstructible partiel,déjà-là partis,1,False,False,False,False,2015-03-02,2015-03-02
S001165,reconstructible partiel,déjà-là partis,9,True,False,False,False,2015-05-15,2023-01-28
S001168,reconstructible partiel,déjà-là partis,11,True,False,False,False,2015-05-15,2025-01-25
S001170,reconstructible partiel,déjà-là partis,6,False,False,False,False,2015-02-02,2019-02-06
S001172,reconstructible partiel,déjà-là restés,12,True,False,False,False,2015-05-15,2026-06-12
S001175,reconstructible partiel,déjà-là partis,9,True,False,False,False,2015-08-13,2023-02-02
S001176,reconstructible partiel,déjà-là restés,9,False,False,False,False,2015-08-13,2025-06-25
S001177,reconstructible partiel,déjà-là partis,11,False,False,False,False,2015-04-30,2025-03-27
S001179,reconstructible partiel,déjà-là partis,1,False,False,False,False,2015-07-31,2015-07-31
S001180,reconstructible partiel,déjà-là partis,9,True,False,False,False,2015-05-15,2023-03-28
S001183,reconstructible partiel,déjà-là restés,11,False,False,False,False,2015-05-15,2025-08-13
S001185,reconstructible partiel,déjà-là restés,11,True,False,False,False,2015-08-10,2025-08-11
S001186,reconstructible partiel,déjà-là partis,1,False,False,False,False,2015-03-04,2015-03-04
S001187,reconstructible partiel,déjà-là partis,8,True,False,False,False,2015-08-13,2021-09-08
S001188,reconstructible partiel,déjà-là restés,6,True,False,False,False,2015-08-09,2025-05-16
S001189,reconstructible partiel,déjà-là restés,11,True,False,False,False,2015-08-13,2025-08-13
S001192,reconstructible partiel,déjà-là partis,10,False,False,False,False,2015-05-13,2023-10-12
S001193,reconstructible partiel,déjà-là partis,11,True,False,False,False,2015-05-15,2025-08-13
S001195,reconstructible partiel,déjà-là restés,13,False,False,False,False,2014-05-20,2025-08-12
S001196,reconstructible partiel,arrivés restés,12,False,False,False,False,2014-05-23,2025-08-08
S001200,reconstructible partiel,arrivés restés,12,False,True,False,False,2015-08-11,2026-05-08
S001208,reconstructible partiel,cycle complet,8,False,False,False,False,2017-09-15,2024-08-13
S001209,reconstructible partiel,cycle complet,9,True,False,False,False,2017-07-24,2025-01-11
S001215,reconstructible partiel,arrivés restés,10,False,False,False,False,2017-08-24,2026-05-15
S001218,reconstructible partiel,arrivés restés,7,False,True,False,False,2021-02-19,2026-05-12
S001219,reconstructible partiel,cycle complet,3,False,False,False,False,2021-07-31,2023-02-01
S001220,reconstructible partiel,arrivés restés,5,False,True,False,False,2021-06-30,2025-08-07
S001221,reconstructible partiel,arrivés restés,6,False,True,False,False,2019-11-05,2025-08-06
S001223,reconstructible partiel,arrivés restés,4,False,False,False,False,2022-04-03,2025-08-13
S001224,reconstructible partiel,arrivés restés,6,True,False,False,False,2021-11-01,2026-06-30
S001225,reconstructible partiel,arrivés restés,6,False,True,False,False,2022-03-08,2025-08-04
S001226,reconstructible partiel,arrivés restés,6,False,True,False,False,2022-03-07,2026-05-07
S001228,reconstructible partiel,arrivés restés,2,False,True,False,False,2024-07-06,2025-08-13
S001230,reconstructible partiel,arrivés restés,4,False,True,False,False,2024-03-08,2026-06-10
S001231,reconstructible partiel,arrivés restés,4,False,True,False,False,2023-08-04,2025-08-13
T000165,reconstructible partiel,arrivés restés,8,False,True,False,False,2019-10-09,2026-05-01
T000193,reconstructible partiel,déjà-là restés,12,False,False,False,False,2015-05-14,2026-05-15
T000238,reconstructible partiel,déjà-là partis,7,False,False,False,False,2015-05-14,2021-01-05
T000266,reconstructible partiel,déjà-là partis,1,True,False,False,False,2015-01-12,2015-01-12
T000459,reconstructible partiel,déjà-là partis,1,False,False,False,False,2015-02-02,2015-02-02
T000460,reconstructible partiel,déjà-là restés,15,False,False,False,False,2015-05-15,2026-05-14
T000462,reconstructible partiel,déjà-là partis,4,False,False,False,False,2015-05-12,2018-02-06
T000463,reconstructible partiel,déjà-là restés,13,True,False,False,False,2015-05-14,2026-05-15
T000465,reconstructible partiel,déjà-là partis,5,True,False,False,False,2015-05-15,2019-01-31
T000467,reconstructible partiel,déjà-là restés,12,False,False,False,False,2014-04-18,2025-08-07
T000468,reconstructible partiel,déjà-là restés,11,True,False,False,False,2015-08-13,2025-08-12
T000469,reconstructible partiel,déjà-là restés,12,False,False,False,False,2015-05-12,2026-05-27
T000470,reconstructible partiel,déjà-là partis,7,True,False,False,False,2015-05-15,2021-02-02
T000472,reconstructible partiel,déjà-là restés,12,False,False,False,False,2015-05-14,2026-05-12
T000474,reconstructible partiel,arrivés restés,13,False,False,False,False,2014-05-02,2026-05-15
T000477,reconstructible partiel,cycle complet,6,False,False,False,False,2016-05-16,2026-05-12
T000478,reconstructible partiel,arrivés restés,13,False,True,False,False,2014-05-21,2025-08-02
T000480,reconstructible partiel,arrivés restés,8,True,False,False,False,2018-05-14,2025-08-13
T000481,reconstructible partiel,arrivés restés,8,False,False,False,False,2018-05-16,2025-08-13
T000484,reconstructible partiel,cycle complet,4,False,False,False,False,2018-05-15,2021-02-03
T000486,reconstructible partiel,arrivés restés,4,True,False,False,False,2022-08-13,2025-08-13
T000487,reconstructible partiel,arrivés restés,4,False,True,False,False,2022-06-27,2025-08-11
T000489,reconstructible partiel,cycle complet,1,False,False,False,False,2025-01-30,2025-01-30
T000491,reconstructible partiel,arrivés restés,5,False,True,False,False,2017-10-01,2025-08-10
U000031,reconstructible partiel,déjà-là partis,9,True,False,False,False,2015-07-28,2023-05-04
U000040,reconstructible partiel,arrivés restés,10,False,False,False,False,2017-08-14,2026-05-13
V000081,reconstructible partiel,déjà-là restés,8,False,False,False,False,2015-05-15,2026-05-12
V000108,reconstructible partiel,déjà-là partis,7,True,False,False,False,2015-05-01,2021-01-25
V000128,reconstructible partiel,déjà-là partis,2,True,False,False,False,2015-05-15,2016-05-16
V000129,reconstructible partiel,déjà-là restés,4,False,False,False,False,2015-05-14,2018-06-12
V000130,reconstructible partiel,déjà-là restés,14,False,False,False,False,2015-05-15,2026-05-11
V000131,reconstructible partiel,déjà-là restés,12,True,False,False,False,2015-08-13,2026-06-10
V000132,reconstructible partiel,déjà-là partis,8,False,False,False,False,2015-08-14,2022-04-29
V000133,reconstructible partiel,arrivés restés,11,False,False,False,False,2018-01-11,2026-05-14
V000134,reconstructible partiel,arrivés restés,6,False,True,False,False,2019-12-03,2025-08-11
V000135,reconstructible partiel,arrivés restés,7,False,False,False,False,2020-08-08,2026-06-12
V000136,reconstructible partiel,arrivés restés,5,False,True,False,False,2022-01-13,2025-05-14
V000138,reconstructible partiel,arrivés restés,3,False,True,False,False,2024-02-05,2025-07-31
W000187,reconstructible partiel,déjà-là restés,11,False,False,False,False,2015-05-15,2025-08-13
W000207,reconstructible partiel,déjà-là partis,0,True,False,False,False,,
W000215,reconstructible partiel,déjà-là partis,1,False,False,False,False,2015-01-28,2015-01-28
W000413,reconstructible partiel,déjà-là partis,3,True,False,False,False,2015-05-15,2016-10-20
W000672,reconstructible partiel,déjà-là partis,1,False,False,False,False,2015-01-30,2015-01-30
W000788,reconstructible partiel,arrivés restés,6,False,False,False,False,2020-09-20,2025-08-13
W000791,reconstructible partiel,déjà-là partis,7,True,False,False,False,2015-05-14,2021-01-28
W000795,reconstructible partiel,déjà-là restés,12,False,False,False,False,2015-05-14,2026-05-05
W000796,reconstructible partiel,déjà-là partis,3,False,False,False,False,2015-07-29,2017-01-26
W000797,reconstructible partiel,déjà-là restés,11,True,False,False,False,2015-06-12,2025-08-13
W000798,reconstructible partiel,déjà-là restés,12,True,False,False,False,2015-05-12,2026-05-13
W000799,reconstructible partiel,déjà-là partis,5,False,False,False,False,2015-05-15,2019-03-05
W000800,reconstructible partiel,déjà-là partis,8,True,False,False,False,2015-05-15,2022-08-13
W000804,reconstructible partiel,déjà-là restés,11,True,False,False,False,2015-05-15,2025-08-13
W000806,reconstructible partiel,déjà-là restés,12,True,False,False,False,2015-05-15,2026-06-01
W000808,reconstructible partiel,déjà-là restés,12,False,False,False,False,2015-08-13,2026-05-11
W000809,reconstructible partiel,déjà-là restés,12,True,False,False,False,2015-05-12,2026-05-14
W000810,reconstructible partiel,déjà-là partis,7,True,False,False,False,2015-05-14,2021-04-19
W000812,reconstructible partiel,déjà-là restés,12,True,False,False,False,2015-05-15,2026-05-13
W000813,reconstructible partiel,déjà-là partis,8,False,False,False,False,2015-05-13,2022-05-12
W000814,reconstructible partiel,déjà-là restés,11,False,False,False,False,2015-05-15,2025-08-06
W000815,reconstructible partiel,déjà-là partis,11,True,False,False,False,2015-05-15,2025-03-04
W000816,reconstructible partiel,déjà-là restés,13,True,False,False,False,2015-05-14,2025-05-14
W000819,reconstructible partiel,cycle complet,4,False,False,False,False,2014-05-23,2018-05-15
W000820,reconstructible partiel,cycle complet,9,False,False,False,False,2015-05-14,2019-05-08
W000821,reconstructible partiel,arrivés restés,12,True,False,False,False,2014-06-23,2025-08-08
W000827,reconstructible partiel,cycle complet,5,False,False,False,False,2018-01-02,2021-03-31
W000828,reconstructible partiel,cycle complet,8,True,False,False,False,2016-01-20,2026-04-20
W000831,reconstructible partiel,arrivés restés,2,False,True,False,False,2025-08-08,2026-04-29
Y000033,reconstructible partiel,déjà-là partis,7,False,False,False,False,2015-05-15,2021-08-03
Y000062,reconstructible partiel,déjà-là partis,9,True,False,False,False,2015-05-15,2023-03-20
Y000063,reconstructible partiel,déjà-là partis,5,True,False,False,False,2015-05-15,2019-02-02
Y000064,reconstructible partiel,déjà-là partis,2,False,False,False,False,2015-05-15,2016-05-16
Y000065,reconstructible partiel,déjà-là partis,7,True,False,False,False,2015-05-14,2021-01-29
Y000066,reconstructible partiel,cycle complet,5,False,False,False,False,2014-05-01,2018-05-15
Z000017,reconstructible partiel,cycle complet,10,False,True,False,False,2014-08-19,2023-02-01
Z000018,reconstructible partiel,arrivés restés,10,False,True,False,False,2014-03-06,2026-04-28
A000373,vérifiable strict,cycle complet,7,True,True,True,True,2014-03-24,2019-05-01
A000377,vérifiable strict,cycle complet,8,False,True,True,True,2018-05-10,2025-04-15
B001293,vérifiable strict,cycle complet,6,False,True,False,False,2014-06-27,2019-04-05
B001294,vérifiable strict,cycle complet,6,True,True,True,True,2014-05-13,2019-01-16
B001297,vérifiable strict,cycle complet,11,True,True,True,True,2014-05-04,2024-06-19
B001312,vérifiable strict,cycle complet,6,False,True,True,True,2018-08-13,2023-05-03
C001105,vérifiable strict,cycle complet,6,True,True,True,True,2014-03-26,2019-03-31
C001107,vérifiable strict,cycle complet,6,True,True,True,True,2014-08-18,2019-05-06
C001123,vérifiable strict,arrivés restés,8,True,True,True,True,2017-11-02,2025-08-13
C001124,vérifiable strict,cycle complet,5,True,True,True,True,2017-10-30,2021-05-04
C001134,vérifiable strict,cycle complet,6,False,True,True,True,2021-12-21,2025-08-13
D000613,vérifiable strict,cycle complet,4,True,True,False,True,2014-05-15,2017-02-08
F000464,vérifiable strict,cycle complet,5,True,True,True,True,2015-09-29,2019-01-17
F000465,vérifiable strict,cycle complet,11,False,True,True,True,2016-04-01,2025-01-29
G000570,vérifiable strict,cycle complet,4,False,False,False,True,2014-03-18,2017-01-31
G000575,vérifiable strict,cycle complet,4,False,True,True,True,2014-06-29,2017-04-28
G000577,vérifiable strict,cycle complet,12,True,True,True,True,2014-08-22,2025-02-08
G000579,vérifiable strict,cycle complet,9,True,True,True,True,2016-06-15,2024-08-22
G000588,vérifiable strict,cycle complet,7,True,True,True,True,2017-12-22,2023-05-03
G000596,vérifiable strict,cycle complet,8,True,True,True,True,2019-07-26,2026-05-07
H001078,vérifiable strict,cycle complet,5,False,True,False,False,2017-03-13,2020-07-24
H001092,vérifiable strict,cycle complet,2,False,True,False,False,2020-09-19,2021-02-01
J000020,vérifiable strict,cycle complet,5,True,True,False,False,2019-09-18,2023-05-02
J000308,vérifiable strict,cycle complet,4,True,True,True,True,2022-05-04,2025-05-02
K000386,vérifiable strict,cycle complet,10,False,True,False,False,2014-07-29,2023-06-02
K000387,vérifiable strict,cycle complet,7,True,True,True,True,2015-05-15,2024-02-02
L000581,vérifiable strict,cycle complet,11,True,False,False,True,2014-05-22,2025-12-15
L000584,vérifiable strict,cycle complet,6,False,True,True,True,2014-05-14,2019-02-03
L000586,vérifiable strict,cycle complet,9,False,True,True,True,2014-05-29,2026-03-11
L000587,vérifiable strict,cycle complet,5,False,True,False,False,2016-01-27,2019-01-10
L000591,vérifiable strict,cycle complet,8,True,True,True,True,2018-01-30,2026-05-15
M001135,vérifiable strict,cycle complet,9,True,True,True,True,2018-03-30,2025-04-21
M001193,vérifiable strict,cycle complet,6,True,True,True,True,2014-05-30,2019-05-02
M001201,vérifiable strict,cycle complet,8,True,True,True,True,2014-06-30,2021-01-19
M001207,vérifiable strict,cycle complet,5,False,True,True,True,2017-08-31,2021-05-01
M001209,vérifiable strict,cycle complet,7,False,True,True,True,2018-01-16,2026-05-14
M001221,vérifiable strict,cycle complet,5,False,True,True,True,2021-11-15,2025-01-31
N000192,vérifiable strict,cycle complet,6,True,True,True,True,2017-08-17,2023-01-27
P000615,vérifiable strict,cycle complet,9,False,True,True,True,2018-01-11,2025-01-27
P000616,vérifiable strict,cycle complet,9,True,True,True,True,2017-09-14,2025-04-23
P000618,vérifiable strict,cycle complet,10,False,True,True,True,2017-05-15,2025-05-30
R000103,vérifiable strict,cycle complet,7,False,True,False,False,2014-07-09,2025-01-30
R000604,vérifiable strict,cycle complet,6,False,True,True,True,2014-05-15,2019-01-25
R000616,vérifiable strict,cycle complet,6,True,True,True,True,2017-08-13,2021-11-10
S001135,vérifiable strict,cycle complet,7,False,True,True,True,2019-06-28,2025-03-23
S001201,vérifiable strict,arrivés restés,11,True,True,True,True,2016-05-24,2025-08-13
S001204,vérifiable strict,cycle complet,6,True,True,True,True,2018-05-15,2023-05-03
S001206,vérifiable strict,cycle complet,4,True,True,True,True,2018-07-27,2021-02-24
S001207,vérifiable strict,cycle complet,10,True,True,True,True,2017-09-10,2026-01-02
S001210,vérifiable strict,cycle complet,4,False,True,True,True,2018-11-03,2021-01-29
T000475,vérifiable strict,cycle complet,6,True,False,False,True,2014-06-30,2019-05-01
T000479,vérifiable strict,cycle complet,7,True,True,True,True,2018-01-18,2023-02-02
T000483,vérifiable strict,cycle complet,11,True,True,True,True,2016-03-04,2026-02-27
W000824,vérifiable strict,cycle complet,5,False,True,True,True,2018-03-29,2021-05-04
W000825,vérifiable strict,cycle complet,9,False,True,True,True,2017-08-18,2026-04-06
W000826,vérifiable strict,cycle complet,9,False,True,True,True,2017-11-16,2025-05-15
