bioguide,membre,ticker,cause,famille
A000373,Brad Ashford,AAPL,vraiment inexpliqué,vraiment inexpliqué
A000373,Brad Ashford,CC,petite position (≤ 15 000 $ au T — achat sous seuil plausible),structurel
A000373,Brad Ashford,CGI,petite position (≤ 15 000 $ au T — achat sous seuil plausible),structurel
A000373,Brad Ashford,KHC,petite position (≤ 15 000 $ au T — achat sous seuil plausible),structurel
A000373,Brad Ashford,NKE,petite position (≤ 15 000 $ au T — achat sous seuil plausible),structurel
A000373,Brad Ashford,S,compte géré (UMA / IRA / courtier),structurel
A000373,Brad Ashford,ZBH,petite position (≤ 15 000 $ au T — achat sous seuil plausible),structurel
A000377,Kelly Armstrong,S,compte géré (UMA / IRA / courtier),structurel
B001294,Rod Blum,ALB,vraiment inexpliqué,vraiment inexpliqué
B001294,Rod Blum,DAL,vraiment inexpliqué,vraiment inexpliqué
B001294,Rod Blum,FANG,vraiment inexpliqué,vraiment inexpliqué
B001294,Rod Blum,GOOG,compte géré (UMA / IRA / courtier),structurel
B001294,Rod Blum,GPN,vraiment inexpliqué,vraiment inexpliqué
B001294,Rod Blum,HOLX,vraiment inexpliqué,vraiment inexpliqué
B001294,Rod Blum,JPM,vraiment inexpliqué,vraiment inexpliqué
B001294,Rod Blum,LEN,vraiment inexpliqué,vraiment inexpliqué
B001294,Rod Blum,PNM,compte géré (UMA / IRA / courtier),structurel
B001294,Rod Blum,S,compte géré (UMA / IRA / courtier),structurel
B001294,Rod Blum,SPY,ETF / fonds (exempté de PTR),structurel
B001294,Rod Blum,SYF,vraiment inexpliqué,vraiment inexpliqué
B001294,Rod Blum,T,vraiment inexpliqué,vraiment inexpliqué
B001294,Rod Blum,TOT,compte géré (UMA / IRA / courtier),structurel
B001294,Rod Blum,UAL,vraiment inexpliqué,vraiment inexpliqué
B001294,Rod Blum,VEA,ETF / fonds (exempté de PTR),structurel
B001294,Rod Blum,VIAB,vraiment inexpliqué,vraiment inexpliqué
B001294,Rod Blum,VWO,ETF / fonds (exempté de PTR),structurel
B001297,Ken Buck,VTV,achat déclaré au Schedule B du T lui-même,déclaré ailleurs
B001312,Carolyn Bourdeaux,JSNSF,petite position (≤ 15 000 $ au T — achat sous seuil plausible),structurel
B001312,Carolyn Bourdeaux,S,compte géré (UMA / IRA / courtier),structurel
C001105,Barbara Comstock,CIU,ETF / fonds (exempté de PTR),structurel
C001105,Barbara Comstock,S,compte géré (UMA / IRA / courtier),structurel
C001107,Carlos Curbelo,CBOE,petite position (≤ 15 000 $ au T — achat sous seuil plausible),structurel
C001107,Carlos Curbelo,CRM,achat déclaré au Schedule B du T lui-même,déclaré ailleurs
C001107,Carlos Curbelo,INTC,achat déclaré au Schedule B du T lui-même,déclaré ailleurs
C001107,Carlos Curbelo,JPM,achat déclaré au Schedule B du T lui-même,déclaré ailleurs
C001107,Carlos Curbelo,S,compte géré (UMA / IRA / courtier),structurel
C001107,Carlos Curbelo,SPWR,compte géré (UMA / IRA / courtier),structurel
C001107,Carlos Curbelo,UEEC,achat déclaré au Schedule B du T lui-même,déclaré ailleurs
C001123,Gilbert Cisneros,EIF,petite position (≤ 15 000 $ au T — achat sous seuil plausible),structurel
C001123,Gilbert Cisneros,ENTG,achat déclaré au Schedule B du T lui-même,déclaré ailleurs
C001123,Gilbert Cisneros,FIT,compte géré (UMA / IRA / courtier),structurel
C001123,Gilbert Cisneros,GLOB,petite position (≤ 15 000 $ au T — achat sous seuil plausible),structurel
C001123,Gilbert Cisneros,GMCR,petite position (≤ 15 000 $ au T — achat sous seuil plausible),structurel
C001123,Gilbert Cisneros,IEFA,ETF / fonds (exempté de PTR),structurel
C001123,Gilbert Cisneros,IWP,ETF / fonds (exempté de PTR),structurel
C001123,Gilbert Cisneros,LW,petite position (≤ 15 000 $ au T — achat sous seuil plausible),structurel
C001123,Gilbert Cisneros,MTB,petite position (≤ 15 000 $ au T — achat sous seuil plausible),structurel
C001123,Gilbert Cisneros,OTIS,achat déclaré au Schedule B du T lui-même,déclaré ailleurs
C001123,Gilbert Cisneros,TMX,compte géré (UMA / IRA / courtier),structurel
C001123,Gilbert Cisneros,WSC,petite position (≤ 15 000 $ au T — achat sous seuil plausible),structurel
C001134,Yadira Caraveo,VOO,ETF / fonds (exempté de PTR),structurel
F000464,John Faso,S,compte géré (UMA / IRA / courtier),structurel
F000465,A. Ferguson,COWZ,achat déclaré au Schedule B d'un annuel O/A,déclaré ailleurs
F000465,A. Ferguson,DAPR,vraiment inexpliqué,vraiment inexpliqué
F000465,A. Ferguson,DMAY,compte géré (UMA / IRA / courtier),structurel
F000465,A. Ferguson,PG,vraiment inexpliqué,vraiment inexpliqué
F000465,A. Ferguson,PSCX,achat déclaré au Schedule B d'un annuel O/A,déclaré ailleurs
F000465,A. Ferguson,PSMR,achat déclaré au Schedule B d'un annuel O/A,déclaré ailleurs
G000575,Gwen Graham,DIS,petite position (≤ 15 000 $ au T — achat sous seuil plausible),structurel
G000575,Gwen Graham,S,compte géré (UMA / IRA / courtier),structurel
G000577,Garret Graves,ANET,petite position (≤ 15 000 $ au T — achat sous seuil plausible),structurel
G000577,Garret Graves,ARKF,achat déclaré au Schedule B d'un annuel O/A,déclaré ailleurs
G000577,Garret Graves,ARKK,achat déclaré au Schedule B d'un annuel O/A,déclaré ailleurs
G000577,Garret Graves,ARKX,achat déclaré au Schedule B d'un annuel O/A,déclaré ailleurs
G000577,Garret Graves,BFST,petite position (≤ 15 000 $ au T — achat sous seuil plausible),structurel
G000577,Garret Graves,GOOG,compte géré (UMA / IRA / courtier),structurel
G000577,Garret Graves,PSHZF,petite position (≤ 15 000 $ au T — achat sous seuil plausible),structurel
G000577,Garret Graves,QCBMRX,petite position (≤ 15 000 $ au T — achat sous seuil plausible),structurel
G000577,Garret Graves,QCGLRX,petite position (≤ 15 000 $ au T — achat sous seuil plausible),structurel
G000577,Garret Graves,QCGRRX,petite position (≤ 15 000 $ au T — achat sous seuil plausible),structurel
G000577,Garret Graves,QCSTRX,petite position (≤ 15 000 $ au T — achat sous seuil plausible),structurel
G000577,Garret Graves,QREARX,petite position (≤ 15 000 $ au T — achat sous seuil plausible),structurel
G000579,Mike Gallagher,DLN,petite position (≤ 15 000 $ au T — achat sous seuil plausible),structurel
G000579,Mike Gallagher,IVV,achat déclaré au Schedule B du T lui-même,déclaré ailleurs
G000579,Mike Gallagher,IWP,ETF / fonds (exempté de PTR),structurel
G000579,Mike Gallagher,IWS,petite position (≤ 15 000 $ au T — achat sous seuil plausible),structurel
G000579,Mike Gallagher,VYM,ETF / fonds (exempté de PTR),structurel
G000588,Anthony Gonzalez,S,compte géré (UMA / IRA / courtier),structurel
G000596,Marjorie Greene,AXP,achat déclaré au Schedule B du T lui-même,déclaré ailleurs
G000596,Marjorie Greene,EXC,achat déclaré au Schedule B du T lui-même,déclaré ailleurs
G000596,Marjorie Greene,FIGY,vraiment inexpliqué,vraiment inexpliqué
G000596,Marjorie Greene,FRO,achat déclaré au Schedule B du T lui-même,déclaré ailleurs
G000596,Marjorie Greene,MS,achat déclaré au Schedule B du T lui-même,déclaré ailleurs
G000596,Marjorie Greene,NKE,achat déclaré au Schedule B du T lui-même,déclaré ailleurs
G000596,Marjorie Greene,ORCL,vraiment inexpliqué,vraiment inexpliqué
G000596,Marjorie Greene,PEP,achat déclaré au Schedule B du T lui-même,déclaré ailleurs
G000596,Marjorie Greene,RH,achat déclaré au Schedule B du T lui-même,déclaré ailleurs
G000596,Marjorie Greene,SCHG,compte géré (UMA / IRA / courtier),structurel
G000596,Marjorie Greene,VB,ETF / fonds (exempté de PTR),structurel
G000596,Marjorie Greene,VEA,ETF / fonds (exempté de PTR),structurel
G000596,Marjorie Greene,VO,ETF / fonds (exempté de PTR),structurel
G000596,Marjorie Greene,VOO,ETF / fonds (exempté de PTR),structurel
G000596,Marjorie Greene,XMEX,achat déclaré au Schedule B du T lui-même,déclaré ailleurs
J000308,Jeffrey Jackson,S,compte géré (UMA / IRA / courtier),structurel
J000308,Jeffrey Jackson,SPHY,vraiment inexpliqué,vraiment inexpliqué
K000387,Steve Knight,S,compte géré (UMA / IRA / courtier),structurel
L000584,Mia Love,S,compte géré (UMA / IRA / courtier),structurel
L000586,Al Lawson,S,compte géré (UMA / IRA / courtier),structurel
M001135,Kathy Manning,AGG,achat déclaré au Schedule B d'un annuel O/A,déclaré ailleurs
M001135,Kathy Manning,AVDX,vraiment inexpliqué,vraiment inexpliqué
M001135,Kathy Manning,IBDP,achat déclaré au Schedule B d'un annuel O/A,déclaré ailleurs
M001135,Kathy Manning,IBDQ,achat déclaré au Schedule B d'un annuel O/A,déclaré ailleurs
M001135,Kathy Manning,IBDR,achat déclaré au Schedule B d'un annuel O/A,déclaré ailleurs
M001135,Kathy Manning,IBDS,achat déclaré au Schedule B d'un annuel O/A,déclaré ailleurs
M001135,Kathy Manning,IBDT,achat déclaré au Schedule B d'un annuel O/A,déclaré ailleurs
M001135,Kathy Manning,IBDU,achat déclaré au Schedule B d'un annuel O/A,déclaré ailleurs
M001135,Kathy Manning,IBDV,achat déclaré au Schedule B d'un annuel O/A,déclaré ailleurs
M001135,Kathy Manning,IBDW,achat déclaré au Schedule B d'un annuel O/A,déclaré ailleurs
M001135,Kathy Manning,IBDX,achat déclaré au Schedule B d'un annuel O/A,déclaré ailleurs
M001135,Kathy Manning,IBDY,achat déclaré au Schedule B du T lui-même,déclaré ailleurs
M001135,Kathy Manning,IBDZ,achat déclaré au Schedule B du T lui-même,déclaré ailleurs
M001135,Kathy Manning,IBTE,achat déclaré au Schedule B d'un annuel O/A,déclaré ailleurs
M001135,Kathy Manning,IBTF,achat déclaré au Schedule B d'un annuel O/A,déclaré ailleurs
M001135,Kathy Manning,IBTG,achat déclaré au Schedule B d'un annuel O/A,déclaré ailleurs
M001135,Kathy Manning,IBTH,achat déclaré au Schedule B d'un annuel O/A,déclaré ailleurs
M001135,Kathy Manning,IBTI,achat déclaré au Schedule B du T lui-même,déclaré ailleurs
M001135,Kathy Manning,IGIB,compte géré (UMA / IRA / courtier),structurel
M001135,Kathy Manning,IJH,achat déclaré au Schedule B d'un annuel O/A,déclaré ailleurs
M001135,Kathy Manning,IJJ,achat déclaré au Schedule B d'un annuel O/A,déclaré ailleurs
M001135,Kathy Manning,IJK,achat déclaré au Schedule B d'un annuel O/A,déclaré ailleurs
M001135,Kathy Manning,IJR,achat déclaré au Schedule B d'un annuel O/A,déclaré ailleurs
M001135,Kathy Manning,IJS,achat déclaré au Schedule B d'un annuel O/A,déclaré ailleurs
M001135,Kathy Manning,IWM,achat déclaré au Schedule B d'un annuel O/A,déclaré ailleurs
M001135,Kathy Manning,IWR,achat déclaré au Schedule B d'un annuel O/A,déclaré ailleurs
M001135,Kathy Manning,IWS,achat déclaré au Schedule B d'un annuel O/A,déclaré ailleurs
M001135,Kathy Manning,S,compte géré (UMA / IRA / courtier),structurel
M001193,Tom MacArthur,AVGO,achat déclaré au Schedule B du T lui-même,déclaré ailleurs
M001193,Tom MacArthur,BIVV,vraiment inexpliqué,vraiment inexpliqué
M001193,Tom MacArthur,CWEN,compte géré (UMA / IRA / courtier),structurel
M001193,Tom MacArthur,ET,vraiment inexpliqué,vraiment inexpliqué
M001193,Tom MacArthur,ETP,achat déclaré au Schedule B d'un annuel O/A,déclaré ailleurs
M001193,Tom MacArthur,FWONA,vraiment inexpliqué,vraiment inexpliqué
M001193,Tom MacArthur,FWONK,vraiment inexpliqué,vraiment inexpliqué
M001193,Tom MacArthur,GLIBA,petite position (≤ 15 000 $ au T — achat sous seuil plausible),structurel
M001193,Tom MacArthur,LIN,vraiment inexpliqué,vraiment inexpliqué
M001193,Tom MacArthur,LOGM,petite position (≤ 15 000 $ au T — achat sous seuil plausible),structurel
M001193,Tom MacArthur,LSXMA,même actif sous un autre ticker (renommage/fusion),structurel
M001193,Tom MacArthur,LSXMK,achat déclaré au Schedule B d'un annuel O/A,déclaré ailleurs
M001193,Tom MacArthur,NS,compte géré (UMA / IRA / courtier),structurel
M001193,Tom MacArthur,NVT,achat déclaré au Schedule B du T lui-même,déclaré ailleurs
M001193,Tom MacArthur,QRTEA,vraiment inexpliqué,vraiment inexpliqué
M001193,Tom MacArthur,RSP,achat déclaré au Schedule B d'un annuel O/A,déclaré ailleurs
M001193,Tom MacArthur,S,compte géré (UMA / IRA / courtier),structurel
M001201,Paul Mitchell,APOG,achat déclaré au Schedule B du T lui-même,déclaré ailleurs
M001201,Paul Mitchell,ATKR,achat déclaré au Schedule B d'un annuel O/A,déclaré ailleurs
M001201,Paul Mitchell,BFIIW,vraiment inexpliqué,vraiment inexpliqué
M001201,Paul Mitchell,CECO,achat déclaré au Schedule B d'un annuel O/A,déclaré ailleurs
M001201,Paul Mitchell,CMP,achat déclaré au Schedule B du T lui-même,déclaré ailleurs
M001201,Paul Mitchell,CVGI,achat déclaré au Schedule B d'un annuel O/A,déclaré ailleurs
M001201,Paul Mitchell,DCP,compte géré (UMA / IRA / courtier),structurel
M001201,Paul Mitchell,DKNGW,achat déclaré au Schedule B du T lui-même,déclaré ailleurs
M001201,Paul Mitchell,DORM,achat déclaré au Schedule B d'un annuel O/A,déclaré ailleurs
M001201,Paul Mitchell,ELMD,achat déclaré au Schedule B du T lui-même,déclaré ailleurs
M001201,Paul Mitchell,FMCIW,vraiment inexpliqué,vraiment inexpliqué
M001201,Paul Mitchell,GLDD,vraiment inexpliqué,vraiment inexpliqué
M001201,Paul Mitchell,GLOP,achat déclaré au Schedule B du T lui-même,déclaré ailleurs
M001201,Paul Mitchell,GPI,achat déclaré au Schedule B du T lui-même,déclaré ailleurs
M001201,Paul Mitchell,HCCHW,vraiment inexpliqué,vraiment inexpliqué
M001201,Paul Mitchell,HEAR,achat déclaré au Schedule B d'un annuel O/A,déclaré ailleurs
M001201,Paul Mitchell,IPOEU,vraiment inexpliqué,vraiment inexpliqué
M001201,Paul Mitchell,IPOFU,vraiment inexpliqué,vraiment inexpliqué
M001201,Paul Mitchell,IVV,achat déclaré au Schedule B d'un annuel O/A,déclaré ailleurs
M001201,Paul Mitchell,IWM,achat déclaré au Schedule B d'un annuel O/A,déclaré ailleurs
M001201,Paul Mitchell,JOUT,achat déclaré au Schedule B d'un annuel O/A,déclaré ailleurs
M001201,Paul Mitchell,LAKE,achat déclaré au Schedule B du T lui-même,déclaré ailleurs
M001201,Paul Mitchell,LMB,achat déclaré au Schedule B du T lui-même,déclaré ailleurs
M001201,Paul Mitchell,MCFT,achat déclaré au Schedule B d'un annuel O/A,déclaré ailleurs
M001201,Paul Mitchell,MED,achat déclaré au Schedule B d'un annuel O/A,déclaré ailleurs
M001201,Paul Mitchell,MEI,achat déclaré au Schedule B d'un annuel O/A,déclaré ailleurs
M001201,Paul Mitchell,MSB,achat déclaré au Schedule B d'un annuel O/A,déclaré ailleurs
M001201,Paul Mitchell,MYRG,achat déclaré au Schedule B d'un annuel O/A,déclaré ailleurs
M001201,Paul Mitchell,NATH,achat déclaré au Schedule B du T lui-même,déclaré ailleurs
M001201,Paul Mitchell,NEOG,vraiment inexpliqué,vraiment inexpliqué
M001201,Paul Mitchell,NKLAW,achat déclaré au Schedule B du T lui-même,déclaré ailleurs
M001201,Paul Mitchell,ONEW,achat déclaré au Schedule B du T lui-même,déclaré ailleurs
M001201,Paul Mitchell,PETS,achat déclaré au Schedule B d'un annuel O/A,déclaré ailleurs
M001201,Paul Mitchell,S,compte géré (UMA / IRA / courtier),structurel
M001201,Paul Mitchell,SAMAW,achat déclaré au Schedule B du T lui-même,déclaré ailleurs
M001201,Paul Mitchell,SKLZ,vraiment inexpliqué,vraiment inexpliqué
M001201,Paul Mitchell,SPCE.W,vraiment inexpliqué,vraiment inexpliqué
M001201,Paul Mitchell,THE,achat déclaré au Schedule B du T lui-même,déclaré ailleurs
M001201,Paul Mitchell,UFPT,achat déclaré au Schedule B d'un annuel O/A,déclaré ailleurs
M001201,Paul Mitchell,VIVO,achat déclaré au Schedule B du T lui-même,déclaré ailleurs
M001201,Paul Mitchell,VRS,achat déclaré au Schedule B du T lui-même,déclaré ailleurs
M001201,Paul Mitchell,WEYS,achat déclaré au Schedule B d'un annuel O/A,déclaré ailleurs
M001201,Paul Mitchell,ZAGG,achat déclaré au Schedule B d'un annuel O/A,déclaré ailleurs
M001207,Debbie Mucarsel-Powell,FRGI,petite position (≤ 15 000 $ au T — achat sous seuil plausible),structurel
M001207,Debbie Mucarsel-Powell,IVE,ETF / fonds (exempté de PTR),structurel
M001207,Debbie Mucarsel-Powell,S,compte géré (UMA / IRA / courtier),structurel
M001209,Ben McAdams,S,compte géré (UMA / IRA / courtier),structurel
N000192,Marie Newman,CHWY,compte géré (UMA / IRA / courtier),structurel
N000192,Marie Newman,CNA,compte géré (UMA / IRA / courtier),structurel
N000192,Marie Newman,GPRO,achat déclaré au Schedule B d'un annuel O/A,déclaré ailleurs
N000192,Marie Newman,KO,compte géré (UMA / IRA / courtier),structurel
N000192,Marie Newman,LMND,compte géré (UMA / IRA / courtier),structurel
N000192,Marie Newman,MSFT,compte géré (UMA / IRA / courtier),structurel
N000192,Marie Newman,NVCR,compte géré (UMA / IRA / courtier),structurel
N000192,Marie Newman,S,compte géré (UMA / IRA / courtier),structurel
N000192,Marie Newman,SPBC,vraiment inexpliqué,vraiment inexpliqué
N000192,Marie Newman,TRV,compte géré (UMA / IRA / courtier),structurel
N000192,Marie Newman,YTRA,petite position (≤ 15 000 $ au T — achat sous seuil plausible),structurel
P000615,Greg Pence,COP,vraiment inexpliqué,vraiment inexpliqué
R000616,Harley Rouda,ARKG,achat déclaré au Schedule B du T lui-même,déclaré ailleurs
R000616,Harley Rouda,ARKK,achat déclaré au Schedule B du T lui-même,déclaré ailleurs
R000616,Harley Rouda,FDN,achat déclaré au Schedule B du T lui-même,déclaré ailleurs
R000616,Harley Rouda,FXL,petite position (≤ 15 000 $ au T — achat sous seuil plausible),structurel
R000616,Harley Rouda,IWF,achat déclaré au Schedule B du T lui-même,déclaré ailleurs
R000616,Harley Rouda,IWM,achat déclaré au Schedule B du T lui-même,déclaré ailleurs
R000616,Harley Rouda,QTEC,achat déclaré au Schedule B du T lui-même,déclaré ailleurs
R000616,Harley Rouda,S,compte géré (UMA / IRA / courtier),structurel
S001135,Michelle Steel,DBEF,achat déclaré au Schedule B du T lui-même,déclaré ailleurs
S001201,Thomas Suozzi,APA,compte géré (UMA / IRA / courtier),structurel
S001201,Thomas Suozzi,DINO,achat en PTR papier (OCR),déclaré ailleurs
S001201,Thomas Suozzi,S,compte géré (UMA / IRA / courtier),structurel
S001201,Thomas Suozzi,VLO,compte géré (UMA / IRA / courtier),structurel
S001204,Michael San Nicolas,LTHM,petite position (≤ 15 000 $ au T — achat sous seuil plausible),structurel
S001204,Michael San Nicolas,SHOP,achat en PTR papier (OCR),déclaré ailleurs
S001206,Donna Shalala,AGGY,vraiment inexpliqué,vraiment inexpliqué
S001206,Donna Shalala,BSV,achat déclaré au Schedule B d'un annuel O/A,déclaré ailleurs
S001206,Donna Shalala,FPE,achat déclaré au Schedule B d'un annuel O/A,déclaré ailleurs
S001206,Donna Shalala,IEFA,achat déclaré au Schedule B d'un annuel O/A,déclaré ailleurs
S001206,Donna Shalala,KBE,achat déclaré au Schedule B du T lui-même,déclaré ailleurs
S001206,Donna Shalala,KRE,achat déclaré au Schedule B du T lui-même,déclaré ailleurs
S001206,Donna Shalala,MINT,achat déclaré au Schedule B d'un annuel O/A,déclaré ailleurs
S001206,Donna Shalala,S,compte géré (UMA / IRA / courtier),structurel
S001206,Donna Shalala,SRLN,achat déclaré au Schedule B d'un annuel O/A,déclaré ailleurs
S001206,Donna Shalala,TOTL,achat déclaré au Schedule B d'un annuel O/A,déclaré ailleurs
S001206,Donna Shalala,VCSH,ETF / fonds (exempté de PTR),structurel
S001206,Donna Shalala,VNQ,achat déclaré au Schedule B d'un annuel O/A,déclaré ailleurs
S001207,Mikie Sherrill,ACWX,compte géré (UMA / IRA / courtier),structurel
S001207,Mikie Sherrill,EFA,achat déclaré au Schedule B d'un annuel O/A,déclaré ailleurs
S001207,Mikie Sherrill,EWJ,compte géré (UMA / IRA / courtier),structurel
S001207,Mikie Sherrill,EWU,ETF / fonds (exempté de PTR),structurel
S001207,Mikie Sherrill,EZU,compte géré (UMA / IRA / courtier),structurel
S001207,Mikie Sherrill,GLD,achat déclaré au Schedule B d'un annuel O/A,déclaré ailleurs
S001207,Mikie Sherrill,HDV,compte géré (UMA / IRA / courtier),structurel
S001207,Mikie Sherrill,IEUR,vraiment inexpliqué,vraiment inexpliqué
S001207,Mikie Sherrill,IEV,vraiment inexpliqué,vraiment inexpliqué
S001207,Mikie Sherrill,INDA,ETF / fonds (exempté de PTR),structurel
S001207,Mikie Sherrill,IVV,ETF / fonds (exempté de PTR),structurel
S001207,Mikie Sherrill,IVW,ETF / fonds (exempté de PTR),structurel
S001207,Mikie Sherrill,IWF,ETF / fonds (exempté de PTR),structurel
S001207,Mikie Sherrill,QQQ,achat déclaré au Schedule B d'un annuel O/A,déclaré ailleurs
S001207,Mikie Sherrill,S,compte géré (UMA / IRA / courtier),structurel
S001207,Mikie Sherrill,SPY,achat déclaré au Schedule B d'un annuel O/A,déclaré ailleurs
S001207,Mikie Sherrill,UBS,achat déclaré au Schedule B d'un annuel O/A,déclaré ailleurs
S001207,Mikie Sherrill,VGT,compte géré (UMA / IRA / courtier),structurel
S001207,Mikie Sherrill,VPU,vraiment inexpliqué,vraiment inexpliqué
S001207,Mikie Sherrill,XLB,ETF / fonds (exempté de PTR),structurel
S001207,Mikie Sherrill,XLE,ETF / fonds (exempté de PTR),structurel
S001207,Mikie Sherrill,XLI,ETF / fonds (exempté de PTR),structurel
S001207,Mikie Sherrill,XLK,achat déclaré au Schedule B d'un annuel O/A,déclaré ailleurs
S001207,Mikie Sherrill,XLP,ETF / fonds (exempté de PTR),structurel
S001207,Mikie Sherrill,XLRE,ETF / fonds (exempté de PTR),structurel
S001207,Mikie Sherrill,XLU,achat déclaré au Schedule B d'un annuel O/A,déclaré ailleurs
S001207,Mikie Sherrill,XLV,ETF / fonds (exempté de PTR),structurel
S001207,Mikie Sherrill,XLY,ETF / fonds (exempté de PTR),structurel
T000479,Van Taylor,GGLP-X,vraiment inexpliqué,vraiment inexpliqué
T000479,Van Taylor,MCD,compte géré (UMA / IRA / courtier),structurel
T000479,Van Taylor,RNGR,vraiment inexpliqué,vraiment inexpliqué
T000479,Van Taylor,S,compte géré (UMA / IRA / courtier),structurel
T000479,Van Taylor,VOD,compte géré (UMA / IRA / courtier),structurel
T000479,Van Taylor,ZBH,petite position (≤ 15 000 $ au T — achat sous seuil plausible),structurel
T000479,Van Taylor,ZIMV,petite position (≤ 15 000 $ au T — achat sous seuil plausible),structurel
T000483,David Trone,BBAX,achat déclaré au Schedule B d'un annuel O/A,déclaré ailleurs
T000483,David Trone,BBCA,achat déclaré au Schedule B d'un annuel O/A,déclaré ailleurs
T000483,David Trone,BBEU,achat déclaré au Schedule B d'un annuel O/A,déclaré ailleurs
T000483,David Trone,BBJP,achat déclaré au Schedule B d'un annuel O/A,déclaré ailleurs
T000483,David Trone,IJH,achat déclaré au Schedule B d'un annuel O/A,déclaré ailleurs
T000483,David Trone,IVE,achat déclaré au Schedule B d'un annuel O/A,déclaré ailleurs
T000483,David Trone,IVW,achat déclaré au Schedule B d'un annuel O/A,déclaré ailleurs
T000483,David Trone,IWD,achat déclaré au Schedule B d'un annuel O/A,déclaré ailleurs
T000483,David Trone,IWF,achat déclaré au Schedule B d'un annuel O/A,déclaré ailleurs
T000483,David Trone,S,compte géré (UMA / IRA / courtier),structurel
T000483,David Trone,SOXX,compte géré (UMA / IRA / courtier),structurel
T000483,David Trone,VTI,ETF / fonds (exempté de PTR),structurel
T000483,David Trone,VTV,achat déclaré au Schedule B du T lui-même,déclaré ailleurs
T000483,David Trone,XBI,compte géré (UMA / IRA / courtier),structurel
T000483,David Trone,XLF,achat déclaré au Schedule B d'un annuel O/A,déclaré ailleurs
W000824,Steven Watkins,S,compte géré (UMA / IRA / courtier),structurel
W000825,Jennifer Wexton,S,compte géré (UMA / IRA / courtier),structurel
W000826,Susan Wild,DEHP,vraiment inexpliqué,vraiment inexpliqué
W000826,Susan Wild,DLS,vraiment inexpliqué,vraiment inexpliqué
W000826,Susan Wild,EFV,compte géré (UMA / IRA / courtier),structurel
W000826,Susan Wild,FALN,achat déclaré au Schedule B d'un annuel O/A,déclaré ailleurs
W000826,Susan Wild,FLOT,achat déclaré au Schedule B du T lui-même,déclaré ailleurs
W000826,Susan Wild,GRNB,vraiment inexpliqué,vraiment inexpliqué
W000826,Susan Wild,MUB,achat déclaré au Schedule B du T lui-même,déclaré ailleurs
W000826,Susan Wild,SCHO,achat déclaré au Schedule B du T lui-même,déclaré ailleurs
W000826,Susan Wild,TIP,ETF / fonds (exempté de PTR),structurel
W000826,Susan Wild,VBR,vraiment inexpliqué,vraiment inexpliqué
W000826,Susan Wild,VXUS,ETF / fonds (exempté de PTR),structurel
