doc_id,extrait
20003355,"Filing ID #20003355 P t r erioDic ranSaction ePort Clerk of the House of Representatives • legislative Resource Center • 135 Cannon Building • Washington, DC 20515 filer information name: Hon. Earl Blumenauer Status: Member State/District: oR03 tranSactionS iD owner asset transaction Date notificati"
20002327,"Filing ID #20002327 P t r erioDic ranSaction ePort Clerk of the House of Representatives • legislative Resource Center • B-106 Cannon Building • Washington, DC 20515 filer information name: Hon. Mo Brooks Status: Member State/District: al05 tranSactionS iD owner asset transaction Date notification a"
20003873,"Filing ID #20003873 P t r erioDic ranSaction ePort Clerk of the House of Representatives • legislative Resource Center • 135 Cannon Building • Washington, DC 20515 filer information name: Hon. Cheri Bustos Status: Member State/District: Il17 tranSactionS iD owner asset transaction Date notification "
20004110,"Filing ID #20004110 P t r erioDic ranSaction ePort Clerk of the House of Representatives • Legislative Resource Center • 135 Cannon Building • Washington, DC 20515 filer information name: Hon. Bill Flores Status: Member State/District: TX17 tranSactionS iD owner asset transaction Date notification a"
20003086,"Filing ID #20003086 P t r erioDic ranSaction ePort Clerk of the House of Representatives • legislative Resource Center • 135 Cannon Building • Washington, DC 20515 filer information name: Hon. Raúl M. Grijalva Status: Member State/District: aZ03 tranSactionS iD owner asset transaction Date notificat"
20003346,"Filing ID #20003346 P t r erioDic ranSaction ePort Clerk of the House of Representatives • legislative Resource Center • 135 Cannon Building • Washington, DC 20515 filer information name: Hon. Raúl M. Grijalva Status: Member State/District: aZ03 tranSactionS iD owner asset transaction Date notificat"
20002425,"Filing ID #20002425 P t r erioDic ranSaction ePort Clerk of the House of Representatives • legislative Resource Center • B-106 Cannon Building • Washington, DC 20515 filer information name: Hon. Beto O'Rourke Status: Member State/District: TX16 tranSactionS iD owner asset transaction Date notificati"
20002711,"Filing ID #20002711 P t r erioDic ranSaction ePort Clerk of the House of Representatives • legislative Resource Center • B-106 Cannon Building • Washington, DC 20515 filer information name: Hon. Ed Whitfield Status: Member State/District: KY01 tranSactionS iD owner asset transaction Date notificatio"
20002865,"Filing ID #20002865 P t r erioDic ranSaction ePort Clerk of the House of Representatives • legislative Resource Center • 135 Cannon Building • Washington, DC 20515 filer information name: Hon. Ed Whitfield Status: Member State/District: KY01 tranSactionS iD owner asset transaction Date notification "
