ticker_yahoo,statut_prix
A,couvert
AA,couvert
AABA,sans_prix
AAGIY,couvert
AAIGF,couvert
AAL,couvert
AAN,sans_prix
AAON,couvert
AAP,couvert
AAPL,couvert
AAT,couvert
AATC,couvert
AAUKY,sans_prix
AAVMY,couvert
AAWW,sans_prix
AAXJ,couvert
AB,couvert
ABBNY,couvert
ABBV,couvert
ABCB,couvert
ABCO,sans_prix
ABCOO,sans_prix
ABEV,couvert
ABG,couvert
ABM,couvert
ABMD,sans_prix
ABNB,couvert
ABNFX,couvert
ABNRY,sans_prix
ABOS,couvert
ABQCX,couvert
ABT,couvert
ABX,couvert
ACA,couvert
ACAD,couvert
ACAS,sans_prix
ACB,couvert
ACC,sans_prix
ACCYY,couvert
ACE,sans_prix
ACGL,couvert
ACGPF,sans_prix
ACHC,couvert
ACI,couvert
ACIA,sans_prix
ACIW,couvert
ACM,couvert
ACMP,sans_prix
ACMR,couvert
ACN,couvert
ACOR,sans_prix
ACRE,couvert
ACRS,couvert
ACSAY,couvert
ACSDX,couvert
ACST,sans_prix
ACT,couvert
ACTS,couvert
ACWI,couvert
ACWX,couvert
ACXM,sans_prix
ADBE,couvert
ADC,couvert
ADCT,couvert
ADDYY,couvert
ADI,couvert
ADM,couvert
ADNT,couvert
ADP,couvert
ADRE,couvert
ADRNY,couvert
ADRO,sans_prix
ADS,sans_prix
ADSK,couvert
ADSW,sans_prix
ADT,couvert
ADT-F,sans_prix
ADTN,couvert
ADUS,couvert
ADV,couvert
ADVS,sans_prix
ADYEY,couvert
AE,sans_prix
AEE,couvert
AEG,couvert
AEIS,couvert
AEL,sans_prix
AEM,couvert
AEO,couvert
AEP,couvert
AER,couvert
AES,couvert
AESE,sans_prix
AESI,couvert
AET,couvert
AETUF,couvert
AEXAY,prix_corrompu
AEZS,sans_prix
AFAM,couvert
AFCE,sans_prix
AFG,couvert
AFL,couvert
AFRM,couvert
AFSI,couvert
AFT,sans_prix
AGAE,couvert
AGCO,couvert
AGESY,couvert
AGG,couvert
AGI,couvert
AGIO,couvert
AGN,sans_prix
AGNC,couvert
AGO,couvert
AGR,sans_prix
AGS,sans_prix
AGU,sans_prix
AGX,couvert
AGZ,couvert
AHCHY,couvert
AHCO,couvert
AHEXY,couvert
AHGP,couvert
AHKSY,couvert
AHL,sans_prix
AHL-C,sans_prix
AHONY,sans_prix
AHT,couvert
AI,couvert
AIG,couvert
AIMC,sans_prix
AIN,couvert
AINV,sans_prix
AIO,couvert
AIQUY,couvert
AIR,couvert
AIRM,sans_prix
AIT,couvert
AIV,couvert
AIVAF,couvert
AIZ,couvert
AJG,couvert
AJINF,couvert
AJINY,sans_prix
AJRD,sans_prix
AKAM,couvert
AKCPF,sans_prix
AKO-A,couvert
AKR,couvert
AKRO,sans_prix
AKRX,sans_prix
AKZOY,couvert
AL,sans_prix
ALAB,couvert
ALB,couvert
ALC,couvert
ALE,sans_prix
ALEX,sans_prix
ALFVY,couvert
ALG,couvert
ALGGY,couvert
ALGM,couvert
ALGN,couvert
ALGT,couvert
ALIOY,sans_prix
ALIZY,couvert
ALK,couvert
ALKT,couvert
ALL,couvert
ALLE,couvert
ALLK,sans_prix
ALLO,couvert
ALLY,couvert
ALMT,sans_prix
ALNY,couvert
ALOG,couvert
ALOT,couvert
ALPMY,couvert
ALR,sans_prix
ALRM,couvert
ALRS,couvert
ALTM,sans_prix
ALTR,sans_prix
ALV,couvert
ALXN,sans_prix
ALYF,sans_prix
AM,couvert
AMADY,couvert
AMAG,sans_prix
AMAT,couvert
AMBA,couvert
AMBP,couvert
AMBR,couvert
AMC,prix_corrompu
AMCR,couvert
AMCRY,sans_prix
AMCX,couvert
AMD,couvert
AME,couvert
AMED,sans_prix
AMEH,sans_prix
AMG,couvert
AMGN,couvert
AMGP,sans_prix
AMH,couvert
AMJ,couvert
AMKBY,couvert
AMKR,couvert
AMLP,couvert
AMLX,couvert
AMN,couvert
AMP,couvert
AMRC,couvert
AMRI,sans_prix
AMRS,sans_prix
AMRX,couvert
AMRZ,couvert
AMSF,couvert
AMSG,sans_prix
AMSWA,sans_prix
AMSYF,couvert
AMT,couvert
AMTB,couvert
AMTD,couvert
AMTM,couvert
AMTX,couvert
AMWD,couvert
AMX,couvert
AMZA,couvert
AMZN,couvert
AN,couvert
ANCTF,couvert
ANDE,couvert
ANDV,couvert
ANDX,sans_prix
ANET,couvert
ANF,couvert
ANGO,couvert
ANIK,couvert
ANN,sans_prix
ANSS,sans_prix
ANY,couvert
ANYYY,couvert
ANZBY,sans_prix
ANZGY,couvert
AOBC,sans_prix
AON,couvert
AONNY,couvert
AORT,couvert
AOS,couvert
AOSL,couvert
AOZOF,prix_corrompu
AOZOY,couvert
APA,couvert
APAGF,sans_prix
APAM,couvert
APC,couvert
APD,couvert
APDGX,couvert
APEN,sans_prix
APG,couvert
APH,couvert
APHA,sans_prix
APLE,couvert
APNHY,prix_corrompu
APO,couvert
APOL,sans_prix
APP,couvert
APPAD,sans_prix
APPF,couvert
APPL,sans_prix
APPS,couvert
APT,couvert
APTS,sans_prix
APTV,couvert
APU,sans_prix
APVO,couvert
APY,sans_prix
AQB,couvert
AQFH,sans_prix
AQN,couvert
AQUA,sans_prix
AR,couvert
ARAV,sans_prix
ARCB,couvert
ARCC,couvert
ARCH,sans_prix
ARCI,couvert
ARCO,couvert
ARCP,sans_prix
ARE,couvert
ARES,couvert
AREX,sans_prix
ARG,sans_prix
ARGO,sans_prix
ARGX,couvert
ARI,couvert
ARINA,sans_prix
ARIS,couvert
ARKAY,couvert
ARKG,couvert
ARKK,couvert
ARLP,couvert
ARM,couvert
ARMH,couvert
ARMK,couvert
ARNA,sans_prix
ARNC,sans_prix
AROC,couvert
AROW,couvert
ARQT,couvert
ARR,couvert
ARRS,sans_prix
ARRY,couvert
ARW,couvert
ARWR,couvert
ASAZY,couvert
ASB,couvert
ASBC,sans_prix
ASBFY,couvert
ASBRF,couvert
ASC,couvert
ASCMA,sans_prix
ASGN,sans_prix
ASHR,couvert
ASHS,couvert
ASHTY,sans_prix
ASIX,couvert
ASMB,couvert
ASML,couvert
ASMVY,couvert
ASND,couvert
ASO,couvert
ASOMY,couvert
ASPN,couvert
ASR,couvert
ASTE,couvert
ASTH,prix_corrompu
ASX,couvert
ASXC,sans_prix
ASXFY,couvert
ATASY,sans_prix
ATAZF,couvert
ATEC,couvert
ATEYY,couvert
ATH,sans_prix
ATHA,sans_prix
ATHM,couvert
ATHN,sans_prix
ATI,couvert
ATIS,sans_prix
ATKR,couvert
ATLKY,couvert
ATML,sans_prix
ATMP,couvert
ATNI,couvert
ATO,couvert
ATOS,prix_corrompu
ATR,couvert
ATRC,couvert
ATRO,couvert
ATU,sans_prix
ATUS,sans_prix
ATVI,sans_prix
AUO,sans_prix
AUY,sans_prix
AVA,couvert
AVAV,couvert
AVB,couvert
AVDV,couvert
AVGO,couvert
AVID,sans_prix
AVLR,sans_prix
AVNS,couvert
AVNT,couvert
AVP,sans_prix
AVT,couvert
AVTR,couvert
AVVIY,couvert
AVXL,couvert
AVY,couvert
AVYA,sans_prix
AWAY,couvert
AWH,sans_prix
AWI,couvert
AWK,couvert
AXAHY,couvert
AXGN,couvert
AXHE,sans_prix
AXL,sans_prix
AXLL,sans_prix
AXON,couvert
AXP,couvert
AXS,couvert
AXSM,couvert
AXTA,couvert
AXTE,sans_prix
AY,sans_prix
AYI,couvert
AYR,sans_prix
AYX,sans_prix
AZEK,sans_prix
AZN,couvert
AZNCF,sans_prix
AZO,couvert
AZPN,sans_prix
AZSEY,sans_prix
AZTA,couvert
AZZA3,sans_prix
B,couvert
BA,couvert
BABA,couvert
BABAF,couvert
BAC,couvert
BAESY,couvert
BAF,sans_prix
BAH,couvert
BALL,couvert
BALY,couvert
BAM,couvert
BAMXF,couvert
BAMXY,sans_prix
BAND,couvert
BAP,couvert
BARES,sans_prix
BASFY,couvert
BATRA,couvert
BATRK,couvert
BAX,couvert
BAYRY,couvert
BAYZF,couvert
BBAI,couvert
BBAVY,sans_prix
BBBY,couvert
BBDC,couvert
BBEP,sans_prix
BBEU,couvert
BBH,couvert
BBIO,couvert
BBL,sans_prix
BBSEY,couvert
BBT,couvert
BBU,sans_prix
BBVA,couvert
BBWI,couvert
BBY,couvert
BC,couvert
BCC,couvert
BCE,couvert
BCEI,sans_prix
BCEL,sans_prix
BCLYF,couvert
BCO,couvert
BCOR,couvert
BCPC,couvert
BCR,sans_prix
BCRX,couvert
BCS,couvert
BCX,couvert
BDC,couvert
BDN,couvert
BDNNY,couvert
BDORY,couvert
BDRFF,couvert
BDRFY,couvert
BDSI,sans_prix
BDSX,couvert
BDVSY,couvert
BDX,couvert
BE,couvert
BEAV,sans_prix
BECN,sans_prix
BEEM,couvert
BEEP,couvert
BEKE,couvert
BEL,sans_prix
BELFB,couvert
BEN,couvert
BEP,couvert
BEPC,couvert
BERY,sans_prix
BETR,couvert
BF-A,couvert
BF-B,couvert
BFAM,couvert
BFET,couvert
BFK,sans_prix
BFS,couvert
BG,couvert
BGCP,sans_prix
BGFV,sans_prix
BGG,sans_prix
BGLYX,couvert
BGNE,sans_prix
BGS,couvert
BH,couvert
BHC,couvert
BHF,couvert
BHGE,sans_prix
BHI,sans_prix
BHKLY,couvert
BHLB,sans_prix
BHP,couvert
BHR,couvert
BIABX,couvert
BIALX,couvert
BIDU,couvert
BIF,sans_prix
BIG,sans_prix
BIIB,couvert
BIJB,sans_prix
BIK,sans_prix
BILL,couvert
BIO,couvert
BIOA,couvert
BIP,couvert
BIPC,couvert
BITA,sans_prix
BITB,couvert
BIV,couvert
BIVV,couvert
BJ,couvert
BK,couvert
BKCC,sans_prix
BKD,couvert
BKE,couvert
BKEP,sans_prix
BKEPP,sans_prix
BKH,couvert
BKI,sans_prix
BKJAY,sans_prix
BKLN,couvert
BKNG,couvert
BKR,couvert
BKU,couvert
BL,couvert
BLBD,couvert
BLDP,couvert
BLDR,couvert
BLFS,couvert
BLFSD,sans_prix
BLK,couvert
BLKB,couvert
BLMN,couvert
BLNK,couvert
BLT,sans_prix
BLUE,sans_prix
BLX,couvert
BMBLY,sans_prix
BMEZ,couvert
BMGAX,couvert
BMI,couvert
BMN,couvert
BMNR,prix_corrompu
BMO,couvert
BMR,prix_corrompu
BMRN,couvert
BMRRY,couvert
BMTC,sans_prix
BMY,couvert
BNCDY,couvert
BNDX,couvert
BNEFF,couvert
BNPQF,couvert
BNPQY,couvert
BNS,couvert
BNTGY,couvert
BNTX,couvert
BOBE,sans_prix
BOE,couvert
BOH,couvert
BOIVF,couvert
BOKF,couvert
BONT,sans_prix
BOOM,couvert
BOOT,couvert
BOTZ,couvert
BOWX,sans_prix
BOX,couvert
BP,couvert
BPAQF,couvert
BPIRY,sans_prix
BPL,sans_prix
BPMP,sans_prix
BPR,sans_prix
BPY,sans_prix
BR,couvert
BRBR,couvert
BRC,couvert
BRCM,sans_prix
BRDCY,couvert
BREW,couvert
BRFS,sans_prix
BRGYY,sans_prix
BRK,sans_prix
BRK-A,couvert
BRK-B,couvert
BRKB,sans_prix
BRKL,sans_prix
BRKR,couvert
BRKS,sans_prix
BRMK,sans_prix
BRO,couvert
BROS,couvert
BRP,sans_prix
BRS,sans_prix
BRX,couvert
BRY,sans_prix
BSCP,couvert
BSCQ,couvert
BSCV,couvert
BSFT,sans_prix
BSM,couvert
BSPIX,couvert
BSTZ,couvert
BSV,couvert
BSX,couvert
BSY,couvert
BSYBY,sans_prix
BT,sans_prix
BTE,couvert
BTEC,couvert
BTF,couvert
BTI,couvert
BTLCY,couvert
BTO,couvert
BTVCY,sans_prix
BTZ,couvert
BUD,couvert
BUFF,couvert
BUI,couvert
BUNT,sans_prix
BURBY,couvert
BURL,couvert
BUSE,couvert
BV,couvert
BVVBY,couvert
BW,couvert
BWA,couvert
BWIN,couvert
BWLD,sans_prix
BWX,couvert
BWXT,couvert
BX,couvert
BXBLY,couvert
BXLT,sans_prix
BXMT,couvert
BXP,couvert
BXS,sans_prix
BYD,couvert
BYDDF,couvert
BYI,sans_prix
BYND,couvert
BZLFY,couvert
C,couvert
CA,couvert
CAA,couvert
CAB,couvert
CABGY,couvert
CABO,couvert
CAC,couvert
CACC,couvert
CACI,couvert
CADE,sans_prix
CAE,couvert
CAFD,couvert
CAG,couvert
CAH,couvert
CAIFX,couvert
CAJ,sans_prix
CAJPY,couvert
CAKE,couvert
CALD,couvert
CALF,couvert
CAM,couvert
CAMP,couvert
CAOVY,couvert
CAP,sans_prix
CAPL,couvert
CAPR,prix_corrompu
CAR,couvert
CARG,couvert
CARR,couvert
CARS,couvert
CART,couvert
CASS,couvert
CASY,couvert
CAT,couvert
CATM,sans_prix
CATO,couvert
CATY,couvert
CAVM,couvert
CAW,sans_prix
CB,couvert
CBA,prix_corrompu
CBAY,sans_prix
CBG,sans_prix
CBI,prix_corrompu
CBL,couvert
CBLK,sans_prix
CBM,sans_prix
CBOE,couvert
CBPX,sans_prix
CBRE,couvert
CBRL,couvert
CBSH,couvert
CBSI,couvert
CBT,couvert
CBU,couvert
CBZ,couvert
CC,couvert
CCC,couvert
CCCGY,sans_prix
CCCS,sans_prix
CCE,couvert
CCEP,couvert
CCG,couvert
CCH,sans_prix
CCI,couvert
CCJ,couvert
CCK,couvert
CCL,couvert
CCLAY,sans_prix
CCLD,couvert
CCMP,sans_prix
CCMSX,couvert
CCOEY,couvert
CCOI,couvert
CCP,sans_prix
CCS,couvert
CCT,prix_corrompu
CCXI,couvert
CCXX,sans_prix
CDA,prix_corrompu
CDAY,sans_prix
CDE,couvert
CDEV,sans_prix
CDK,sans_prix
CDLX,couvert
CDNA,couvert
CDNS,couvert
CDP,couvert
CDR,sans_prix
CDRE,couvert
CDW,couvert
CDXS,couvert
CE,couvert
CEA,sans_prix
CEB,sans_prix
CECO,couvert
CEF,couvert
CEG,couvert
CELC,couvert
CELG,sans_prix
CELH,prix_corrompu
CEM,sans_prix
CEMCF,sans_prix
CEMI,sans_prix
CEN,sans_prix
CENT,couvert
CENTA,couvert
CEQP,sans_prix
CERN,sans_prix
CF,couvert
CFFN,couvert
CFG,couvert
CFR,couvert
CFRUY,couvert
CFSSX,couvert
CFX,sans_prix
CG,couvert
CGC,couvert
CGEMY,couvert
CGNT,couvert
CGNX,couvert
CGO,couvert
CHA,couvert
CHCO,couvert
CHD,couvert
CHDN,couvert
CHE,couvert
CHEF,couvert
CHEOY,couvert
CHEUY,sans_prix
CHFC,sans_prix
CHGCY,couvert
CHGG,couvert
CHH,couvert
CHKP,couvert
CHKR,prix_corrompu
CHL,sans_prix
CHLKF,sans_prix
CHMT,sans_prix
CHNG,sans_prix
CHPT,couvert
CHRD,prix_corrompu
CHRS,couvert
CHRW,couvert
CHTR,couvert
CHUY,sans_prix
CHWY,couvert
CHX,sans_prix
CHYHY,sans_prix
CI,couvert
CIBR,couvert
CICHY,couvert
CIEN,couvert
CIG,couvert
CIHKY,couvert
CIM,couvert
CINF,couvert
CINR,sans_prix
CIOXY,sans_prix
CIR,sans_prix
CIT,sans_prix
CIU,sans_prix
CIVI,sans_prix
CJNK,couvert
CJPRY,couvert
CJREF,prix_corrompu
CKP,sans_prix
CL,couvert
CLB,couvert
CLC,couvert
CLCT,sans_prix
CLD,sans_prix
CLDT,couvert
CLF,couvert
CLGX,sans_prix
CLH,couvert
CLI,sans_prix
CLLNY,couvert
CLMS,sans_prix
CLNC,sans_prix
CLNE,couvert
CLNS,sans_prix
CLNY,sans_prix
CLOU,couvert
CLPBY,couvert
CLR,sans_prix
CLS,couvert
CLSN,sans_prix
CLVT,couvert
CLW,couvert
CLX,couvert
CM,couvert
CMA,sans_prix
CMBS,couvert
CMC,couvert
CMCSA,couvert
CME,couvert
CMG,couvert
CMI,couvert
CMLF,sans_prix
CMLFU,sans_prix
CMLP,sans_prix
CMLTU,sans_prix
CMO,sans_prix
CMP,couvert
CMPGY,couvert
CMPO,sans_prix
CMPR,couvert
CMPS,couvert
CMRE,couvert
CMRX,sans_prix
CMS,couvert
CMSQY,couvert
CMTG,couvert
CMTL,couvert
CMWAY,couvert
CNA,couvert
CNC,couvert
CNDT,couvert
CNF,couvert
CNH,couvert
CNI,couvert
CNK,couvert
CNM,couvert
CNMD,couvert
CNNE,couvert
CNO,couvert
CNP,couvert
CNQ,couvert
CNR,couvert
CNRAF,couvert
CNS,couvert
CNSL,sans_prix
CNSWF,couvert
CNTY,couvert
CNVR,sans_prix
CNVVY,couvert
CNXC,couvert
CNXM,sans_prix
CNXN,couvert
COCO,couvert
CODI,couvert
CODYY,couvert
COF,couvert
COGT,prix_corrompu
COH,sans_prix
COHR,couvert
COIN,couvert
COKE,couvert
COL,prix_corrompu
COLB,couvert
COLD,couvert
COLM,couvert
COMM,sans_prix
CON,couvert
CONE,sans_prix
CONN,sans_prix
CONNE,sans_prix
COO,couvert
COP,couvert
COR,couvert
CORE,sans_prix
CORP,couvert
CORT,couvert
COST,couvert
COT,sans_prix
COTV,couvert
COTY,couvert
COUP,sans_prix
COV,sans_prix
CP,couvert
CPA,couvert
CPAY,couvert
CPB,couvert
CPE,sans_prix
CPF,couvert
CPGX,sans_prix
CPHD,sans_prix
CPHO,sans_prix
CPN,couvert
CPNG,couvert
CPPL,sans_prix
CPRI,couvert
CPRT,couvert
CPSI,sans_prix
CPT,couvert
CPXWF,couvert
CPYYY,couvert
CQP,couvert
CR,couvert
CRAI,couvert
CRARY,couvert
CRC,couvert
CRCL,couvert
CRDO,couvert
CREE,sans_prix
CRGY,couvert
CRH,couvert
CRI,couvert
CRL,couvert
CRM,couvert
CRMT,couvert
CRNC,couvert
CRNX,couvert
CRON,couvert
CROX,couvert
CRR,sans_prix
CRRFY,couvert
CRS,couvert
CRSP,couvert
CRT,couvert
CRTO,couvert
CRUS,couvert
CRWD,couvert
CRWV,couvert
CRY,couvert
CRZBY,couvert
CRZO,sans_prix
CS,sans_prix
CSC,sans_prix
CSCO,couvert
CSD,couvert
CSE,couvert
CSFL,sans_prix
CSGKF,sans_prix
CSGP,couvert
CSH,couvert
CSII,sans_prix
CSIQ,couvert
CSJ,couvert
CSL,couvert
CSLLY,couvert
CSLT,sans_prix
CSOD,sans_prix
CSPCY,couvert
CSQ,couvert
CSRA,couvert
CST,sans_prix
CSTL,couvert
CSTM,couvert
CSU,sans_prix
CSUAY,couvert
CSV,couvert
CSVI,sans_prix
CSW,couvert
CSX,couvert
CT,prix_corrompu
CTAA,couvert
CTAS,couvert
CTB,sans_prix
CTBI,couvert
CTCT,sans_prix
CTLT,sans_prix
CTO,couvert
CTRA,couvert
CTRCF,sans_prix
CTRE,couvert
CTRL,sans_prix
CTRM,couvert
CTRX,sans_prix
CTS,couvert
CTSH,couvert
CTTAY,couvert
CTVA,couvert
CTXS,sans_prix
CTY,sans_prix
CUAEF,couvert
CUBE,couvert
CUK,couvert
CULP,couvert
CURI,couvert
CUTR,sans_prix
CUZ,couvert
CVBF,couvert
CVC,sans_prix
CVCO,couvert
CVD,sans_prix
CVE,couvert
CVET,sans_prix
CVG,couvert
CVGW,couvert
CVI,couvert
CVLT,couvert
CVNA,couvert
CVR,couvert
CVRR,couvert
CVS,couvert
CVSL,sans_prix
CVX,couvert
CW,couvert
CWB,couvert
CWEN,couvert
CWGL,couvert
CWH,couvert
CWI,sans_prix
CWK,couvert
CWST,couvert
CX,couvert
CXO,sans_prix
CXP,sans_prix
CXW,couvert
CY,sans_prix
CYBR,sans_prix
CYBX,sans_prix
CYH,couvert
CYN,couvert
CYRX,couvert
CYS,couvert
CYT,sans_prix
CYTK,couvert
CYTR,sans_prix
CZMWY,couvert
CZR,couvert
D,couvert
DAIUF,prix_corrompu
DAKT,couvert
DAL,couvert
DALCX,couvert
DAN,couvert
DANOY,couvert
DAR,couvert
DASH,couvert
DASTY,couvert
DAVA,couvert
DAY,sans_prix
DB,couvert
DBA,couvert
DBB,couvert
DBD,couvert
DBEF,couvert
DBI,couvert
DBLEX,couvert
DBOEY,couvert
DBP,couvert
DBRG,couvert
DBSDF,couvert
DBSDY,couvert
DBVT,prix_corrompu
DBX,couvert
DCI,couvert
DCM,sans_prix
DCMYY,sans_prix
DCO,couvert
DCP,sans_prix
DCTH,couvert
DD,couvert
DDAIF,sans_prix
DDD,couvert
DDOG,couvert
DDR,couvert
DDS,couvert
DE,couvert
DEA,couvert
DEACU,sans_prix
DECK,couvert
DEI,couvert
DEL,couvert
DELL,couvert
DEM,couvert
DEN,sans_prix
DENN,sans_prix
DEO,couvert
DEPO,sans_prix
DERM,couvert
DEST,sans_prix
DFAS,couvert
DFIC,couvert
DFIN,couvert
DFKCY,couvert
DFREX,couvert
DFRG,sans_prix
DFS,sans_prix
DFT,sans_prix
DG,couvert
DGI,sans_prix
DGNR,sans_prix
DGRO,couvert
DGS,couvert
DGX,couvert
DHC,couvert
DHI,couvert
DHLGY,couvert
DHR,couvert
DHS,couvert
DHX,couvert
DIA,couvert
DIAL,couvert
DIFTY,couvert
DIISY,sans_prix
DIN,couvert
DINO,couvert
DIOD,couvert
DIS,couvert
DISH,sans_prix
DIV,couvert
DJP,couvert
DJT,prix_corrompu
DK,couvert
DKILY,couvert
DKL,couvert
DKNG,couvert
DKS,couvert
DLAKY,couvert
DLB,couvert
DLICY,couvert
DLN,couvert
DLPH,sans_prix
DLR,couvert
DLTH,couvert
DLTR,couvert
DLX,couvert
DM,sans_prix
DMLP,couvert
DMRC,couvert
DMTK,sans_prix
DNB,sans_prix
DNBBY,couvert
DNFGY,sans_prix
DNHBY,sans_prix
DNKN,sans_prix
DNNGY,couvert
DNO,couvert
DNOW,couvert
DNPLY,couvert
DNR,sans_prix
DNSKY,sans_prix
DNTUY,couvert
DNUT,couvert
DNZOY,couvert
DO,sans_prix
DOC,couvert
DOCS,couvert
DOCU,couvert
DODFX,couvert
DODGX,couvert
DODWX,couvert
DOM,sans_prix
DOMO,couvert
DOOR,sans_prix
DORM,couvert
DOV,couvert
DOW,couvert
DOX,couvert
DPG,couvert
DPLO,sans_prix
DPM,sans_prix
DPS,sans_prix
DPSGY,sans_prix
DPZ,couvert
DQ,couvert
DQJCY,couvert
DRAD,sans_prix
DRE,sans_prix
DRH,couvert
DRI,couvert
DRPRY,couvert
DRQ,sans_prix
DRS,couvert
DRYS,sans_prix
DSCSY,couvert
DSDVY,couvert
DSEY,sans_prix
DSGX,couvert
DSKYF,couvert
DSNKY,couvert
DSU,couvert
DT,couvert
DTD,couvert
DTE,couvert
DTEGY,couvert
DTM,couvert
DTN,couvert
DTO,couvert
DTRUY,couvert
DTV,sans_prix
DUK,couvert
DUKH,couvert
DUOL,couvert
DURA,couvert
DUSA,couvert
DV,couvert
DVA,couvert
DVFAX,couvert
DVMT,couvert
DVN,couvert
DVY,couvert
DW,sans_prix
DWAC,sans_prix
DWAHY,couvert
DWDP,sans_prix
DWTI,sans_prix
DWX,couvert
DXC,couvert
DXCM,couvert
DXJ,couvert
DXTR,sans_prix
DY,couvert
E,couvert
EA,couvert
EADSY,couvert
EAF,couvert
EAT,couvert
EBAY,couvert
EBF,couvert
EBKDY,couvert
EBS,couvert
EBSB,sans_prix
EC,couvert
ECA,sans_prix
ECL,couvert
ECOL,sans_prix
ECOM,sans_prix
ECPCY,sans_prix
ECPG,couvert
ED,couvert
EDA,sans_prix
EDIT,couvert
EDPFY,couvert
EDR,sans_prix
EDU,couvert
EEFT,couvert
EEI,sans_prix
EEM,couvert
EEP,couvert
EEQ,couvert
EEX,couvert
EFA,couvert
EFAV,couvert
EFC,couvert
EFG,couvert
EFII,sans_prix
EFV,couvert
EFX,couvert
EG,couvert
EGBN,couvert
EGHT,couvert
EGIEY,couvert
EGO,couvert
EGP,couvert
EGY,couvert
EHC,couvert
EIG,couvert
EIPI,couvert
EIX,couvert
EJPRY,couvert
EL,couvert
ELAN,couvert
ELF,couvert
ELGX,sans_prix
ELLI,sans_prix
ELRC,sans_prix
ELS,couvert
ELU,couvert
ELUXY,couvert
ELV,couvert
ELX,sans_prix
ELY,sans_prix
EMB,couvert
EMC,couvert
EMD,couvert
EME,couvert
EMES,couvert
EMGF,couvert
EMKR,sans_prix
EML,couvert
EMLC,couvert
EMLP,couvert
EMN,couvert
EMR,couvert
EMRZX,couvert
EMTL,couvert
EMXC,couvert
ENB,couvert
ENBL,sans_prix
ENBP,couvert
ENDP,sans_prix
ENGGY,couvert
ENGIY,couvert
ENGQF,couvert
ENH,sans_prix
ENIC,couvert
ENLAY,couvert
ENLC,sans_prix
ENLK,couvert
ENOB,sans_prix
ENOC,sans_prix
ENPH,couvert
ENR,couvert
ENS,couvert
ENTA,couvert
ENTG,couvert
ENTL,sans_prix
ENTR,couvert
ENV,sans_prix
ENVA,couvert
ENVX,couvert
ENZY,sans_prix
EOG,couvert
EONGY,couvert
EOX,sans_prix
EPAC,couvert
EPAM,couvert
EPAY,sans_prix
EPD,couvert
EPOKY,sans_prix
EPP,couvert
EPR,couvert
EPRT,couvert
EQC,sans_prix
EQCE,sans_prix
EQGP,couvert
EQH,couvert
EQIX,couvert
EQM,sans_prix
EQNR,couvert
EQR,couvert
EQT,couvert
ERH,couvert
ERI,sans_prix
ERIC,couvert
ERIE,couvert
ERII,couvert
ERJ,sans_prix
ES,couvert
ESALY,sans_prix
ESE,couvert
ESGC,sans_prix
ESGD,couvert
ESGR,sans_prix
ESGU,couvert
ESI,couvert
ESL,sans_prix
ESLOY,couvert
ESNT,couvert
ESPR,couvert
ESRT,couvert
ESRX,couvert
ESS,couvert
ESTC,couvert
ESTE,sans_prix
ESV,sans_prix
ET,couvert
ETE,sans_prix
ETFC,sans_prix
ETG,couvert
ETM,sans_prix
ETN,couvert
ETOR,couvert
ETP,couvert
ETR,couvert
ETRN,sans_prix
ETSY,couvert
ETV,couvert
ETY,couvert
EUO,couvert
EV,couvert
EVBG,sans_prix
EVEP,sans_prix
EVH,couvert
EVOP,sans_prix
EVR,couvert
EVRG,couvert
EVT,couvert
EVTC,couvert
EVV,couvert
EVVTY,couvert
EW,couvert
EWA,couvert
EWBC,couvert
EWC,couvert
EWJ,couvert
EWU,couvert
EWW,couvert
EWY,couvert
EX,prix_corrompu
EXAS,sans_prix
EXC,couvert
EXE,couvert
EXEL,couvert
EXFY,couvert
EXG,couvert
EXK,couvert
EXLS,couvert
EXP,couvert
EXPD,couvert
EXPE,couvert
EXPGY,couvert
EXPI,prix_corrompu
EXPO,couvert
EXPR,sans_prix
EXR,couvert
EXXI,sans_prix
EYE,couvert
EZU,couvert
F,couvert
FAC,couvert
FAF,couvert
FAIRX,couvert
FAN,couvert
FANG,couvert
FANUF,couvert
FANUY,couvert
FAS,couvert
FAST,couvert
FATE,couvert
FBC,sans_prix
FBIN,couvert
FBK,couvert
FBND,couvert
FBP,couvert
FBRT,couvert
FBSI,couvert
FBT,couvert
FCE,sans_prix
FCEA,sans_prix
FCEL,couvert
FCFS,couvert
FCG,couvert
FCGYF,sans_prix
FCN,couvert
FCNCA,couvert
FCNTX,couvert
FCPIX,couvert
FCPT,couvert
FCS,sans_prix
FCX,couvert
FDC,sans_prix
FDEV,couvert
FDIS,couvert
FDL,couvert
FDM,couvert
FDML,sans_prix
FDN,couvert
FDO,sans_prix
FDRR,couvert
FDS,couvert
FDSWX,couvert
FDX,couvert
FE,couvert
FEI,sans_prix
FEIC,sans_prix
FEP,couvert
FERG,couvert
FET,couvert
FEZ,couvert
FF,couvert
FFBC,couvert
FFG,sans_prix
FFIN,couvert
FFIV,couvert
FGBI,couvert
FGP,sans_prix
FGPR,couvert
FGSCX,couvert
FHB,couvert
FHLC,couvert
FHN,couvert
FHYS,couvert
FIBK,couvert
FICO,couvert
FIHL,couvert
FII,sans_prix
FINL,couvert
FINMF,couvert
FINMY,couvert
FINX,couvert
FIP,couvert
FIS,couvert
FISI,couvert
FISV,sans_prix
FIT,sans_prix
FITB,couvert
FIVE,couvert
FIVN,couvert
FIX,couvert
FIXD,couvert
FIZZ,couvert
FJTSY,couvert
FL,sans_prix
FLCB,couvert
FLCO,couvert
FLEX,couvert
FLG,couvert
FLGB,couvert
FLIP,sans_prix
FLIR,sans_prix
FLJP,couvert
FLL,couvert
FLMVX,couvert
FLNG,couvert
FLO,couvert
FLQL,couvert
FLR,couvert
FLS,couvert
FLTX,sans_prix
FLWS,couvert
FLXN,couvert
FLY,couvert
FLYW,couvert
FMAO,couvert
FMAT,couvert
FMBA,sans_prix
FMBI,sans_prix
FMC,couvert
FMCMF,sans_prix
FMER,sans_prix
FMI,couvert
FMS,couvert
FMX,couvert
FN,couvert
FNA,sans_prix
FNB,couvert
FNBC,sans_prix
FND,couvert
FNF,couvert
FNFG,sans_prix
FNGN,sans_prix
FNI,couvert
FNKO,couvert
FNMA,couvert
FNMAJ,couvert
FNP,sans_prix
FNSR,sans_prix
FNV,couvert
FOEAF,sans_prix
FOJCF,couvert
FOLD,sans_prix
FOR,couvert
FOSL,couvert
FOUR,couvert
FOX,couvert
FOXA,couvert
FOXF,couvert
FPAFY,couvert
FPE,couvert
FPEI,couvert
FPI,couvert
FPL,sans_prix
FPX,couvert
FQAL,couvert
FQVLF,couvert
FR,couvert
FRC,sans_prix
FRCOY,couvert
FRFHE,sans_prix
FRFHF,couvert
FRIAX,couvert
FRO,couvert
FRPT,couvert
FRRVY,sans_prix
FRT,couvert
FSFR,sans_prix
FSK,couvert
FSKR,sans_prix
FSLR,couvert
FSLY,couvert
FSNUY,couvert
FSP,couvert
FSS,couvert
FSSL,couvert
FSTR,couvert
FSUGY,couvert
FSV,couvert
FTA,couvert
FTAI,couvert
FTBFX,couvert
FTBXL,sans_prix
FTCH,sans_prix
FTD,sans_prix
FTDR,couvert
FTEC,couvert
FTGC,couvert
FTI,couvert
FTK,couvert
FTNT,couvert
FTR,sans_prix
FTRE,couvert
FTS,couvert
FTSM,couvert
FTV,couvert
FUBO,couvert
FUJHY,couvert
FUJIY,couvert
FUL,couvert
FULT,couvert
FUN,couvert
FUND,couvert
FUPBY,couvert
FUR,sans_prix
FV,couvert
FVD,couvert
FVRR,couvert
FWONA,couvert
FWONK,couvert
FWRG,couvert
FXB,couvert
FXC,couvert
FXD,couvert
FXE,couvert
FXF,couvert
FXG,couvert
FXH,couvert
FXI,couvert
FXN,couvert
FXP,couvert
G,couvert
GAMR,couvert
GAN,sans_prix
GAP,couvert
GARPF,prix_corrompu
GAS,sans_prix
GASNY,couvert
GATX,couvert
GB,sans_prix
GBCI,couvert
GBDC,couvert
GBERY,couvert
GBIL,couvert
GBOOY,couvert
GBT,sans_prix
GBTC,couvert
GBTZY,sans_prix
GBX,couvert
GCAP,sans_prix
GCBC,couvert
GCGMF,sans_prix
GCI,sans_prix
GCO,couvert
GCP,sans_prix
GD,couvert
GDDY,couvert
GDEN,couvert
GDRX,couvert
GDV,couvert
GDX,couvert
GDXJ,couvert
GE,couvert
GEAGY,sans_prix
GEHC,couvert
GEHCV,sans_prix
GEL,couvert
GEM,couvert
GEN,couvert
GENI,couvert
GEOS,couvert
GES,sans_prix
GEV,couvert
GEVO,couvert
GFI,couvert
GFIG,sans_prix
GFL,couvert
GFN,sans_prix
GFS,couvert
GFSZY,sans_prix
GG,sans_prix
GGG,couvert
GGP,sans_prix
GGT,couvert
GH,couvert
GHC,couvert
GHM,couvert
GIC,couvert
GICIX,couvert
GIFI,sans_prix
GIGB,couvert
GIL,couvert
GILD,couvert
GIMO,sans_prix
GIRBX,couvert
GIS,couvert
GK,couvert
GL,couvert
GLAD,couvert
GLD,couvert
GLDM,couvert
GLIBA,couvert
GLNCY,couvert
GLNG,couvert
GLOB,couvert
GLOG,sans_prix
GLOP,sans_prix
GLOV,couvert
GLP,couvert
GLPEY,couvert
GLPI,couvert
GLT,sans_prix
GLTR,couvert
GLW,couvert
GM,couvert
GMAB,couvert
GMCR,sans_prix
GME,couvert
GMED,couvert
GMLP,sans_prix
GMRE,sans_prix
GMT,sans_prix
GMXAY,sans_prix
GNC,sans_prix
GNGBY,couvert
GNK,couvert
GNKOQ,sans_prix
GNL,couvert
GNPX,couvert
GNRC,couvert
GNTX,couvert
GNW,couvert
GO,couvert
GOFPY,couvert
GOGL,sans_prix
GOGO,couvert
GOLD,couvert
GOLF,couvert
GOOCV,sans_prix
GOOG,couvert
GOOGL,couvert
GOOS,couvert
GOV,sans_prix
GOVT,couvert
GPC,couvert
GPCR,couvert
GPI,couvert
GPK,couvert
GPN,couvert
GPOR,couvert
GPP,sans_prix
GPRO,couvert
GPT,couvert
GRA,sans_prix
GRCK,sans_prix
GRFS,couvert
GRII,sans_prix
GRMN,couvert
GROUP,sans_prix
GRPN,couvert
GRUB,sans_prix
GRX,couvert
GS,couvert
GSAH,sans_prix
GSDUX,couvert
GSK,couvert
GSLC,couvert
GSS,sans_prix
GSY,couvert
GT,couvert
GTES,couvert
GTLB,couvert
GTLS,couvert
GTN,couvert
GTOMY,sans_prix
GTX,couvert
GTY,couvert
GVA,couvert
GVDNY,couvert
GVP,sans_prix
GWPH,sans_prix
GWR,sans_prix
GWRE,couvert
GWW,couvert
GXO,couvert
GXP,couvert
H,couvert
HA,sans_prix
HACK,couvert
HAE,couvert
HAIN,couvert
HAL,couvert
HALO,couvert
HAR,couvert
HAS,couvert
HASI,couvert
HAYN,sans_prix
HAYW,couvert
HBAN,couvert
HBANZ,couvert
HBAYF,sans_prix
HBHC,sans_prix
HBI,sans_prix
HBMD,sans_prix
HCA,couvert
HCC,couvert
HCMLY,couvert
HCN,sans_prix
HCP,sans_prix
HCRB,couvert
HCSG,couvert
HD,couvert
HDB,couvert
HDELY,sans_prix
HDS,sans_prix
HDV,couvert
HE,couvert
HEDJ,couvert
HEES,sans_prix
HEGIY,couvert
HEI,couvert
HEI-A,couvert
HEINY,couvert
HELE,couvert
HENOY,couvert
HES,sans_prix
HESAF,couvert
HESAY,couvert
HESM,couvert
HF,couvert
HFC,sans_prix
HFWA,couvert
HGH,sans_prix
HGR,sans_prix
HGV,couvert
HHC,sans_prix
HI,sans_prix
HIBB,sans_prix
HIFR,sans_prix
HIG,couvert
HII,couvert
HIL,sans_prix
HIMS,couvert
HIMX,couvert
HIPO,couvert
HIW,couvert
HIX,couvert
HIYS,couvert
HK,sans_prix
HKXCY,couvert
HL,couvert
HLDCY,couvert
HLF,couvert
HLI,couvert
HLIO,couvert
HLMN,couvert
HLN,couvert
HLPPY,couvert
HLS,sans_prix
HLT,couvert
HLUYY,sans_prix
HLX,couvert
HMC,couvert
HMHC,sans_prix
HMN,couvert
HMSY,sans_prix
HNDL,couvert
HNI,couvert
HNNMY,couvert
HNST,couvert
HNZ,sans_prix
HOCPY,couvert
HOFV,sans_prix
HOG,couvert
HOLX,sans_prix
HOMB,couvert
HON,couvert
HOOD,couvert
HOPE,couvert
HOT,couvert
HP,couvert
HPE,couvert
HPP,couvert
HPQ,couvert
HPT,sans_prix
HPV,sans_prix
HPY,sans_prix
HQL,couvert
HQY,couvert
HR,couvert
HRB,couvert
HRC,sans_prix
HRG,sans_prix
HRI,couvert
HRL,couvert
HRTX,couvert
HRZN,couvert
HSAC,sans_prix
HSBC,couvert
HSC,sans_prix
HSH,sans_prix
HSHCY,couvert
HSIC,couvert
HSNGY,sans_prix
HSNI,sans_prix
HSQVY,couvert
HST,couvert
HSTM,couvert
HSY,couvert
HTA,sans_prix
HTD,couvert
HTGC,couvert
HTH,couvert
HTHIY,couvert
HTLD,couvert
HTS,sans_prix
HTZ,couvert
HTZWW,couvert
HUB-A,sans_prix
HUB-B,sans_prix
HUBB,couvert
HUBG,couvert
HUBS,couvert
HUD,sans_prix
HUM,couvert
HUMA,couvert
HUN,couvert
HURA,couvert
HURC,couvert
HURN,couvert
HUYA,couvert
HVRRY,couvert
HW,sans_prix
HWAY,couvert
HWM,couvert
HXGBY,prix_corrompu
HXL,couvert
HY,couvert
HYBB,couvert
HYG,couvert
HYH,sans_prix
HYI,couvert
HYT,couvert
HZN,sans_prix
HZNP,sans_prix
I,sans_prix
IAA,sans_prix
IAC,couvert
IACI,sans_prix
IAG,couvert
IAI,couvert
IART,couvert
IAT,couvert
IAU,couvert
IBB,couvert
IBDM,couvert
IBDN,couvert
IBDO,couvert
IBDP,couvert
IBDQ,couvert
IBDR,couvert
IBDRY,couvert
IBDS,couvert
IBDSF,couvert
IBDT,couvert
IBDU,couvert
IBIT,couvert
IBKC,sans_prix
IBKR,couvert
IBM,couvert
IBN,couvert
IBP,couvert
IBRX,couvert
IBTB,couvert
IBTD,couvert
IBTF,couvert
IBTG,couvert
IBTH,couvert
IBTI,couvert
IBTJ,couvert
IBTK,couvert
IBUY,couvert
ICAGY,couvert
ICE,couvert
ICFI,couvert
ICHR,couvert
ICL,couvert
ICLR,couvert
ICON,couvert
ICPT,sans_prix
ICSH,couvert
ICUI,couvert
IDA,couvert
IDCBY,couvert
IDEXY,couvert
IDOG,couvert
IDT,couvert
IDTI,sans_prix
IDU,couvert
IDV,couvert
IDXX,couvert
IEF,couvert
IEFA,couvert
IEI,couvert
IEMG,couvert
IEUR,couvert
IEX,couvert
IEZ,couvert
IFF,couvert
IFJPY,couvert
IFNNY,couvert
IGE,couvert
IGIB,couvert
IGLB,couvert
IGN,couvert
IGSB,couvert
IGT,sans_prix
IGTE,sans_prix
IGV,couvert
IHE,couvert
IHF,couvert
IHG,couvert
IHI,couvert
IHRT,couvert
IHS,couvert
II,sans_prix
IILG,sans_prix
IIN,sans_prix
IIPR,couvert
IIVI,sans_prix
IJH,couvert
IJJ,couvert
IJK,couvert
IJR,couvert
IJS,couvert
IJT,couvert
ILF,couvert
ILG,couvert
ILMN,couvert
ILPT,couvert
IMAX,couvert
IMBBY,couvert
IMGN,sans_prix
IMKTA,couvert
IMO,couvert
IMPV,couvert
INCY,couvert
INDA,couvert
INDB,couvert
INF,sans_prix
INFA,sans_prix
INFI,sans_prix
INFN,sans_prix
INFO,couvert
INFR,couvert
INFY,couvert
ING,couvert
INGIY,sans_prix
INGN,couvert
INGR,couvert
ININ,sans_prix
INMD,couvert
INN,couvert
INO,couvert
INOD,couvert
INOV,couvert
INPAP,couvert
INRD,sans_prix
INSM,couvert
INSP,couvert
INST,sans_prix
INSTL,sans_prix
INSW,couvert
INT,sans_prix
INTA,couvert
INTC,couvert
INTU,couvert
INVA,couvert
INVH,couvert
INVN,couvert
INVX,couvert
INWK,sans_prix
INXN,sans_prix
IONQ,couvert
IONS,couvert
IOSP,couvert
IOT,couvert
IP,couvert
IPCM,sans_prix
IPG,sans_prix
IPGP,couvert
IPHI,sans_prix
IPHS,sans_prix
IPKW,couvert
IPWR,couvert
IPXHY,couvert
IPXL,couvert
IQNT,sans_prix
IQV,couvert
IR,couvert
IRBT,sans_prix
IRDM,couvert
IREN,couvert
IRET,couvert
IRLBF,sans_prix
IRM,couvert
IRT,couvert
IRTC,couvert
IS,sans_prix
ISD,couvert
ISDR,sans_prix
ISEE,sans_prix
ISGB,sans_prix
ISIS,sans_prix
ISNPY,couvert
ISRG,couvert
ISUZF,couvert
ISUZY,couvert
IT,couvert
ITA,couvert
ITB,couvert
ITC,prix_corrompu
ITCI,sans_prix
ITE,couvert
ITEK,sans_prix
ITIP,couvert
ITMN,sans_prix
ITOCF,couvert
ITOCY,couvert
ITOT,couvert
ITRI,couvert
ITT,couvert
ITTOY,sans_prix
ITUB,couvert
ITVPY,couvert
ITW,couvert
ITYBY,sans_prix
IUSG,couvert
IUSV,couvert
IVE,couvert
IVHIX,couvert
IVV,couvert
IVW,couvert
IVZ,couvert
IWB,couvert
IWD,couvert
IWF,couvert
IWM,couvert
IWN,couvert
IWO,couvert
IWP,couvert
IWR,couvert
IWS,couvert
IWV,couvert
IX,couvert
IXJ,couvert
IXNZF,sans_prix
IXP,couvert
IXUS,couvert
IXYS,sans_prix
IYE,couvert
IYF,couvert
IYG,couvert
IYH,couvert
IYJ,couvert
IYLD,couvert
IYM,couvert
IYR,couvert
IYT,couvert
IYW,couvert
IYY,couvert
IYZ,couvert
J,couvert
JACK,couvert
JAH,sans_prix
JAPAY,couvert
JAPSY,couvert
JAZZ,couvert
JBAXY,couvert
JBGS,couvert
JBHT,couvert
JBI,couvert
JBL,couvert
JBLU,couvert
JBT,sans_prix
JBTM,couvert
JCAP,couvert
JCI,couvert
JCOM,sans_prix
JCP,sans_prix
JCS,sans_prix
JD,couvert
JDD,sans_prix
JEC,sans_prix
JEF,couvert
JEPI,couvert
JETS,couvert
JG,couvert
JGCCF,prix_corrompu
JGCCY,couvert
JHB,sans_prix
JHCBX,couvert
JHG,couvert
JHX,couvert
JIH,sans_prix
JJSF,couvert
JKHY,couvert
JLL,couvert
JMBS,couvert
JMF,sans_prix
JMG,sans_prix
JMHLY,couvert
JMP,sans_prix
JNJ,couvert
JNK,couvert
JNPR,sans_prix
JNS,sans_prix
JNUG,couvert
JOE,couvert
JOSB,sans_prix
JOY,sans_prix
JPJQL,sans_prix
JPM,couvert
JRONY,couvert
JRVR,couvert
JSAIY,couvert
JSGRY,couvert
JSMD,couvert
JSML,couvert
JSOSX,couvert
JTKWY,couvert
JUNO,couvert
JW-A,sans_prix
JWN,sans_prix
K,sans_prix
KAI,couvert
KALU,couvert
KALV,couvert
KAR,sans_prix
KATE,sans_prix
KB,couvert
KBCSY,couvert
KBE,couvert
KBH,couvert
KBR,couvert
KBWB,couvert
KCDMY,couvert
KCRPY,sans_prix
KD,couvert
KDDIY,couvert
KDP,couvert
KEG,sans_prix
KEP,couvert
KERX,couvert
KEX,couvert
KEY,couvert
KEYS,couvert
KEYW,couvert
KGC,couvert
KGFHY,couvert
KGSPY,prix_corrompu
KH,sans_prix
KHC,couvert
KHNGY,couvert
KHOLY,couvert
KIDS,couvert
KIE,couvert
KIM,couvert
KITE,sans_prix
KKD,sans_prix
KKOYY,couvert
KKPNY,couvert
KKR,couvert
KL,sans_prix
KLAC,couvert
KLIC,couvert
KLXI,couvert
KMB,couvert
KMG,couvert
KMI,couvert
KMI-W,sans_prix
KMP,sans_prix
KMPR,couvert
KMR,sans_prix
KMT,couvert
KMTUY,couvert
KMX,couvert
KN,couvert
KNBWY,couvert
KNL,sans_prix
KNOP,couvert
KNRRY,couvert
KNSL,couvert
KNX,couvert
KO,couvert
KOD,couvert
KORS,sans_prix
KOS,couvert
KOSCF,prix_corrompu
KPCPY,couvert
KPELY,couvert
KPLT,couvert
KPLTW,prix_corrompu
KPTI,couvert
KR,couvert
KRC,couvert
KRE,couvert
KRFT,sans_prix
KRG,couvert
KRNT,couvert
KRNY,couvert
KRP,couvert
KRTX,sans_prix
KRYAY,couvert
KRYS,couvert
KS,prix_corrompu
KSRYY,couvert
KSS,couvert
KSU,sans_prix
KT,couvert
KTB,couvert
KTOS,couvert
KUBTY,couvert
KURA,couvert
KVUE,couvert
KW,couvert
KWIPF,couvert
KWR,couvert
KYCCF,couvert
KYN,couvert
KYO,sans_prix
KYOCF,couvert
L,couvert
LABL,sans_prix
LAD,couvert
LAMR,couvert
LANC,sans_prix
LAND,couvert
LAUR,couvert
LAZ,couvert
LAZR,prix_corrompu
LB,couvert
LBDAV,sans_prix
LBIX,sans_prix
LBRDA,couvert
LBRDK,couvert
LBTYA,couvert
LBTYK,couvert
LC,couvert
LCGFX,couvert
LCI,sans_prix
LCID,couvert
LCII,couvert
LCTX,couvert
LCUT,couvert
LDBKY,sans_prix
LDL,sans_prix
LDNXF,couvert
LDOS,couvert
LDP,couvert
LDR,sans_prix
LEA,couvert
LEAF,sans_prix
LECO,couvert
LEE,couvert
LEG,couvert
LEN,couvert
LEN-B,couvert
LESL,couvert
LEVI,couvert
LEXEA,sans_prix
LFUS,couvert
LGCY,couvert
LGF-A,sans_prix
LGF-B,sans_prix
LGI,couvert
LGIH,couvert
LGN,couvert
LGND,couvert
LGP,sans_prix
LGRDY,couvert
LH,couvert
LHCG,sans_prix
LHX,couvert
LI,couvert
LII,couvert
LILA,couvert
LILAK,couvert
LIN,couvert
LINE,couvert
LINTA,sans_prix
LION,couvert
LITE,couvert
LITP,couvert
LJPC,sans_prix
LKQ,couvert
LKSD,sans_prix
LL,sans_prix
LLDTF,couvert
LLESY,couvert
LLTC,sans_prix
LLTI,sans_prix
LLY,couvert
LLYVK,couvert
LM,sans_prix
LMACU,sans_prix
LMCA,sans_prix
LMCK,sans_prix
LMGEX,couvert
LMND,couvert
LMNX,couvert
LMRK,sans_prix
LMST,sans_prix
LMT,couvert
LN,sans_prix
LNC,couvert
LNCE,couvert
LNEGY,sans_prix
LNG,couvert
LNGG,couvert
LNKD,sans_prix
LNN,couvert
LNSTY,sans_prix
LNT,couvert
LNTH,couvert
LNVGY,couvert
LNXW,couvert
LO,sans_prix
LOCK,sans_prix
LOCK0,sans_prix
LOGI,couvert
LOGM,sans_prix
LOPE,couvert
LORL,sans_prix
LOW,couvert
LPI,sans_prix
LPLA,couvert
LPSN,couvert
LPT,sans_prix
LPX,couvert
LQ,couvert
LQD,couvert
LQDT,couvert
LRCX,couvert
LRLCY,couvert
LRN,couvert
LRNZ,couvert
LSCC,couvert
LSI,sans_prix
LSRCY,couvert
LSTR,couvert
LSXMA,sans_prix
LSXMK,sans_prix
LTC,couvert
LTD,sans_prix
LTGHY,couvert
LTHM,sans_prix
LTRPA,sans_prix
LTXB,sans_prix
LUK,sans_prix
LUKOY,sans_prix
LULU,couvert
LUMN,couvert
LUV,couvert
LVGO,sans_prix
LVLT,sans_prix
LVMHF,couvert
LVMUY,couvert
LVS,couvert
LW,couvert
LXFR,couvert
LXFT,sans_prix
LXP,couvert
LYB,couvert
LYFT,couvert
LYG,couvert
LYSFF,couvert
LYV,couvert
LZ,couvert
LZAGY,couvert
LZB,couvert
M,couvert
MA,couvert
MAA,couvert
MAC,couvert
MAG,sans_prix
MAGN,couvert
MAIN,couvert
MAN,couvert
MANH,couvert
MANT,sans_prix
MAR,couvert
MAS,couvert
MASI,couvert
MAT,couvert
MATX,couvert
MAXD,sans_prix
MAXR,sans_prix
MBB,couvert
MBFI,sans_prix
MBFJF,couvert
MBGYY,couvert
MBLY,couvert
MBT,sans_prix
MC,couvert
MCC,sans_prix
MCD,couvert
MCHP,couvert
MCK,couvert
MCO,couvert
MCRS,sans_prix
MCS,couvert
MD,couvert
MDB,couvert
MDC,sans_prix
MDCA,sans_prix
MDD,prix_corrompu
MDDVX,couvert
MDGL,couvert
MDIBY,couvert
MDLAY,sans_prix
MDLY,sans_prix
MDLZ,couvert
MDNDF,couvert
MDP,sans_prix
MDRX,couvert
MDSO,sans_prix
MDT,couvert
MDU,couvert
MDVN,sans_prix
MDXG,couvert
MDY,couvert
MDYG,couvert
MDYV,couvert
MED,couvert
MEDP,couvert
MEET,sans_prix
MEG,sans_prix
MELI,couvert
MEMP,sans_prix
MEOH,couvert
MET,couvert
META,couvert
MFA,couvert
MFC,couvert
MFCDX,couvert
MFG,couvert
MFGP,sans_prix
MFRM,sans_prix
MFS,sans_prix
MG,couvert
MGA,couvert
MGDDY,couvert
MGEE,couvert
MGEMX,couvert
MGI,sans_prix
MGK,couvert
MGLN,sans_prix
MGM,couvert
MGP,sans_prix
MGPI,couvert
MGRC,couvert
MGU,sans_prix
MGY,couvert
MGYOY,couvert
MHF,couvert
MHFI,sans_prix
MHGVY,couvert
MHK,couvert
MHLD,sans_prix
MHVIY,couvert
MHVYF,couvert
MIAX,couvert
MIC,sans_prix
MICC,couvert
MICRD,sans_prix
MIDD,couvert
MIE,sans_prix
MIELY,couvert
MIJN,sans_prix
MIK,sans_prix
MINI,sans_prix
MIR,couvert
MITEY,couvert
MITK,couvert
MITL,couvert
MITSY,couvert
MIXT,sans_prix
MJDLF,couvert
MJN,sans_prix
MJNA,prix_corrompu
MKC,couvert
MKH,sans_prix
MKKGY,couvert
MKL,couvert
MKSI,couvert
MKTAY,couvert
MKTO,sans_prix
MKTX,couvert
MLCO,couvert
MLHR,sans_prix
MLKN,couvert
MLM,couvert
MLNX,sans_prix
MLPA,couvert
MLPI,couvert
MLPN,couvert
MLPRX,couvert
MLPX,couvert
MLYNF,couvert
MMHIX,couvert
MMLP,couvert
MMM,couvert
MMP,sans_prix
MMS,couvert
MMSI,couvert
MMU,couvert
MN,sans_prix
MNDT,sans_prix
MNDY,couvert
MNK,sans_prix
MNRL,sans_prix
MNRO,couvert
MNST,couvert
MNTA,sans_prix
MO,couvert
MOAT,couvert
MODG,sans_prix
MOG-A,couvert
MOH,couvert
MON,sans_prix
MONOY,couvert
MORN,couvert
MOS,couvert
MOWI,sans_prix
MP,couvert
MPC,couvert
MPLN,sans_prix
MPLX,couvert
MPW,sans_prix
MPWR,couvert
MPX,couvert
MQBKY,couvert
MRAAY,couvert
MRC,sans_prix
MRH,sans_prix
MRIN,sans_prix
MRK,couvert
MRKT,sans_prix
MRLN,couvert
MRNA,couvert
MRO,sans_prix
MRP,couvert
MRPLY,couvert
MRSH,sans_prix
MRT,couvert
MRTX,sans_prix
MRVI,couvert
MRVL,couvert
MRWSY,sans_prix
MS,couvert
MS2,sans_prix
MS3,sans_prix
MS4,sans_prix
MS7,sans_prix
MSA,couvert
MSACX,couvert
MSADY,couvert
MSB,couvert
MSBHY,sans_prix
MSCI,couvert
MSFT,couvert
MSG,sans_prix
MSGE,couvert
MSGS,couvert
MSI,couvert
MSLOY,couvert
MSM,couvert
MSSMY,couvert
MSTR,couvert
MT,couvert
MTAGF,couvert
MTB,couvert
MTBC,sans_prix
MTCH,couvert
MTD,couvert
MTDR,couvert
MTG,couvert
MTH,couvert
MTHRY,couvert
MTN,couvert
MTOR,sans_prix
MTSC,sans_prix
MTSFY,couvert
MTSI,couvert
MTUAY,couvert
MTUM,couvert
MTW,couvert
MTX,couvert
MTZ,couvert
MTZPY,sans_prix
MU,couvert
MUA,couvert
MUB,couvert
MUC,couvert
MUFG,couvert
MUR,couvert
MURGY,couvert
MUSA,couvert
MUVGF,sans_prix
MWA,couvert
MWE,sans_prix
MWIV,sans_prix
MWO,sans_prix
MX,couvert
MXIM,sans_prix
MXL,couvert
MXWL,sans_prix
MYCC,sans_prix
MYE,couvert
MYRG,couvert
MZDAY,couvert
MZOR,couvert
N,sans_prix
NABZY,couvert
NAT,couvert
NATI,sans_prix
NAVI,couvert
NBHC,couvert
NBIX,couvert
NBL,sans_prix
NBLX,sans_prix
NBR,couvert
NCBDY,couvert
NCLH,couvert
NCLTY,couvert
NCMGF,sans_prix
NCMGY,sans_prix
NCR,sans_prix
NDAQ,couvert
NDBKY,couvert
NDEKY,couvert
NDSN,couvert
NE,couvert
NEAR,couvert
NEE,couvert
NEM,couvert
NEO,couvert
NEOG,couvert
NEOT,sans_prix
NEP,sans_prix
NES,sans_prix
NESR,couvert
NET,couvert
NETE,sans_prix
NEU,couvert
NEW,sans_prix
NEWR,sans_prix
NEWT,couvert
NEX,sans_prix
NEXOY,couvert
NEZYX,couvert
NFE,couvert
NFFFX,couvert
NFG,couvert
NFLX,couvert
NFO,couvert
NFRAX,couvert
NFRIX,couvert
NFRJX,sans_prix
NFX,couvert
NGD,sans_prix
NGG,couvert
NGHC,sans_prix
NGIPX,couvert
NGL,couvert
NGLS,sans_prix
NGS,couvert
NGVT,couvert
NHI,couvert
NI,couvert
NICE,couvert
NID,sans_prix
NILSY,sans_prix
NINOY,couvert
NIO,couvert
NJ,sans_prix
NJDCY,couvert
NJR,couvert
NKE,couvert
NKLA,sans_prix
NKTR,couvert
NLSN,sans_prix
NLY,couvert
NMBL,couvert
NMFC,couvert
NMIH,couvert
NML,couvert
NMM,couvert
NMR,couvert
NMRK,couvert
NMVZX,couvert
NNGPF,couvert
NNGRY,couvert
NNN,couvert
NNVC,couvert
NOC,couvert
NOG,couvert
NOK,couvert
NOKBF,couvert
NORW,couvert
NOTV,prix_corrompu
NOV,couvert
NOVT,couvert
NOW,couvert
NP,couvert
NPK,couvert
NPKLY,sans_prix
NPM,sans_prix
NPO,couvert
NPSND,sans_prix
NPSNY,couvert
NPSP,sans_prix
NR,sans_prix
NRBAY,sans_prix
NRDBY,couvert
NRDY,couvert
NRE,sans_prix
NRF,sans_prix
NRG,couvert
NRILY,couvert
NRP,couvert
NRZ,sans_prix
NS,sans_prix
NSA,couvert
NSAM,sans_prix
NSANY,couvert
NSC,couvert
NSCO,sans_prix
NSIT,couvert
NSP,couvert
NSR,sans_prix
NSRGY,couvert
NTAP,couvert
NTCT,couvert
NTDMF,sans_prix
NTDOF,couvert
NTDOY,couvert
NTDTY,sans_prix
NTES,couvert
NTI,sans_prix
NTLA,couvert
NTNX,couvert
NTOIY,couvert
NTR,couvert
NTRA,couvert
NTRI,sans_prix
NTRP,couvert
NTRS,couvert
NTST,couvert
NTT,sans_prix
NTTYY,couvert
NTXFY,sans_prix
NU,couvert
NUAN,sans_prix
NUE,couvert
NULC,couvert
NULG,couvert
NULV,couvert
NUS,couvert
NUVA,sans_prix
NVAX,couvert
NVCR,couvert
NVDA,couvert
NVDQ,couvert
NVEE,sans_prix
NVG,couvert
NVGS,couvert
NVIGF,sans_prix
NVO,couvert
NVR,couvert
NVRO,sans_prix
NVS,couvert
NVST,couvert
NVT,couvert
NVVE,couvert
NVZMY,couvert
NWBI,couvert
NWE,couvert
NWG,couvert
NWL,couvert
NWN,couvert
NWS,couvert
NWSA,couvert
NXPI,couvert
NXRT,couvert
NXST,couvert
NXTM,sans_prix
NYCB,sans_prix
NYLD,sans_prix
NYMX,sans_prix
NYSE,sans_prix
NYT,couvert
NZTCF,couvert
O,couvert
OA,couvert
OAK,sans_prix
OAKGX,couvert
OAS,sans_prix
OC,couvert
OCDDY,prix_corrompu
OCFC,couvert
OCGN,couvert
OCLCF,prix_corrompu
OCN,sans_prix
OCR,sans_prix
ODFL,couvert
OEC,couvert
OFC,sans_prix
OGE,couvert
OGFGF,couvert
OGLYX,couvert
OGN,couvert
OGS,couvert
OHI,couvert
OI,couvert
OIH,couvert
OII,couvert
OIL,couvert
OKE,couvert
OKS,sans_prix
OKTA,couvert
OLCB,couvert
OLCLY,couvert
OLED,couvert
OLLI,couvert
OLN,couvert
OLO,sans_prix
OLP,couvert
OLPX,couvert
OLU,sans_prix
OLYMY,couvert
OMC,couvert
OMCL,couvert
OMF,couvert
OMI,sans_prix
OMN,sans_prix
OMRNY,couvert
OMVKY,couvert
OMX,sans_prix
ON,couvert
ONB,couvert
ONE,sans_prix
ONEQ,couvert
ONEW,couvert
ONON,couvert
ONTO,couvert
ONVO,sans_prix
OOCP,sans_prix
OPCH,couvert
OPEN,couvert
OPHLY,couvert
OPI,sans_prix
OPK,couvert
OPY,couvert
ORA,couvert
ORAN,sans_prix
ORB,sans_prix
ORBC,sans_prix
ORBK,sans_prix
ORCC,sans_prix
ORCL,couvert
OREX,sans_prix
ORI,couvert
ORIT,sans_prix
ORKLY,couvert
ORLY,couvert
ORMP,couvert
ORVR3,sans_prix
OSIS,couvert
OSK,couvert
OSUR,couvert
OSW,couvert
OTCM,couvert
OTEX,couvert
OTIC,sans_prix
OTIS,couvert
OTSKY,couvert
OTTR,couvert
OUNZ,couvert
OUT,couvert
OVCHY,couvert
OVTI,sans_prix
OVV,couvert
OWL,couvert
OXBR,couvert
OXM,couvert
OXY,couvert
OYST,sans_prix
OZK,couvert
OZKAP,couvert
OZM,sans_prix
OZRK,sans_prix
P,couvert
PAA,couvert
PAAS,couvert
PAC,couvert
PACW,sans_prix
PAG,couvert
PAGP,couvert
PAGS,couvert
PAH,sans_prix
PAHC,couvert
PAL,couvert
PALL,couvert
PAM,couvert
PANDY,sans_prix
PANW,couvert
PAR,couvert
PARAA,sans_prix
PARMX,couvert
PARR,couvert
PASO,prix_corrompu
PATK,couvert
PAVE,couvert
PAY,couvert
PAYC,couvert
PAYX,couvert
PB,couvert
PBA,couvert
PBCT,sans_prix
PBF,couvert
PBFX,sans_prix
PBH,couvert
PBI,couvert
PBJ,couvert
PBR,couvert
PBR-A,couvert
PBSFY,couvert
PBYI,couvert
PCAR,couvert
PCG,couvert
PCH,sans_prix
PCL,couvert
PCLPX,couvert
PCNNX,couvert
PCP,sans_prix
PCPL,sans_prix
PCRFY,sans_prix
PCRX,couvert
PCTY,couvert
PCVX,couvert
PCY,couvert
PD,couvert
PDBC,couvert
PDCE,sans_prix
PDCO,sans_prix
PDD,couvert
PDLI,sans_prix
PDM,couvert
PDRDF,couvert
PDRDY,sans_prix
PDS,couvert
PDYPY,sans_prix
PE,sans_prix
PEB,couvert
PEBO,couvert
PECO,couvert
PEG,couvert
PEGA,couvert
PEGFF,sans_prix
PEGI,sans_prix
PEI,sans_prix
PEJ,couvert
PEN,couvert
PENN,couvert
PEP,couvert
PER,sans_prix
PERI,couvert
PETM,sans_prix
PETQ,sans_prix
PETRY,sans_prix
PEY,couvert
PF,couvert
PFE,couvert
PFF,couvert
PFFV,couvert
PFG,couvert
PFGC,couvert
PFPT,sans_prix
PFS,couvert
PG,couvert
PGC,couvert
PGEN,sans_prix
PGF,couvert
PGH,couvert
PGNX,sans_prix
PGNY,couvert
PGR,couvert
PGRE,sans_prix
PGSVY,sans_prix
PGX,couvert
PGZ,couvert
PH,couvert
PHB,couvert
PHG,couvert
PHH,sans_prix
PHI,couvert
PHIN,couvert
PHLD,sans_prix
PHM,couvert
PHR,couvert
PI,couvert
PIAIF,couvert
PICK,couvert
PII,couvert
PIMIX,couvert
PINC,sans_prix
PINS,couvert
PIR,sans_prix
PJP,couvert
PJT,couvert
PK,couvert
PKB,couvert
PKCOY,couvert
PKG,couvert
PKT,sans_prix
PKW,couvert
PKX,couvert
PL,couvert
PLAN,sans_prix
PLAY,couvert
PLCE,couvert
PLD,couvert
PLGTF,sans_prix
PLKI,sans_prix
PLL,sans_prix
PLM,sans_prix
PLNT,couvert
PLOW,couvert
PLT,couvert
PLTK,couvert
PLTR,couvert
PLUG,couvert
PLUS,couvert
PLXS,couvert
PLYA,sans_prix
PM,couvert
PMFG,sans_prix
PMI,couvert
PNC,couvert
PNE,sans_prix
PNFP,couvert
PNGAY,couvert
PNK,couvert
PNM,sans_prix
PNNT,couvert
PNPFF,couvert
PNQI,couvert
PNR,couvert
PNRA,sans_prix
PNW,couvert
POAGX,sans_prix
POAHY,couvert
PODD,couvert
POEFF,sans_prix
POGRX,couvert
POL,sans_prix
POMO4,sans_prix
PONCX,couvert
PONPX,couvert
POOL,couvert
POR,couvert
POST,couvert
POT,sans_prix
POWI,couvert
PPA,couvert
PPBI,sans_prix
PPC,couvert
PPD,sans_prix
PPERY,couvert
PPG,couvert
PPL,couvert
PPLT,couvert
PPR,sans_prix
PPRUY,couvert
PPSPX,sans_prix
PR,couvert
PRA,couvert
PRAA,couvert
PRAH,sans_prix
PRE,couvert
PRFHX,couvert
PRFXH,sans_prix
PRGO,couvert
PRGS,couvert
PRGTX,couvert
PRHSX,couvert
PRI,couvert
PRIM,couvert
PRKS,couvert
PRLB,couvert
PRMB,couvert
PRNDY,couvert
PRNHX,couvert
PRO,sans_prix
PROF,couvert
PROJ,couvert
PROSY,couvert
PROX,sans_prix
PRPFX,couvert
PRSC,sans_prix
PRSP,sans_prix
PRTA,couvert
PRU,couvert
PRXL,sans_prix
PRYMY,couvert
PS,couvert
PSA,couvert
PSB,sans_prix
PSEC,couvert
PSIX,couvert
PSKY,couvert
PSMMY,couvert
PSMT,couvert
PSNL,couvert
PSO,couvert
PSQ,couvert
PSTG,sans_prix
PSTH,sans_prix
PSX,couvert
PSXP,sans_prix
PT,sans_prix
PTA,couvert
PTAIY,couvert
PTC,couvert
PTEN,couvert
PTLA,sans_prix
PTNR,sans_prix
PTON,couvert
PUBGY,couvert
PUK,couvert
PUMP,couvert
PUTKY,couvert
PUTW,couvert
PVA,sans_prix
PVH,couvert
PWCDF,couvert
PWE,sans_prix
PWP,couvert
PWR,couvert
PX,sans_prix
PXD,sans_prix
PXF,couvert
PYCR,sans_prix
PYPL,couvert
PYPLV,sans_prix
Q,couvert
QABSY,couvert
QBIEY,couvert
QCOM,couvert
QCP,couvert
QCRH,couvert
QDEL,couvert
QEP,sans_prix
QGEN,couvert
QIHU,sans_prix
QLIK,sans_prix
QLYS,couvert
QMCO,couvert
QNT,sans_prix
QNTY,sans_prix
QQQ,couvert
QQQM,couvert
QQXT,couvert
QRE,sans_prix
QRTEA,sans_prix
QRTEP,sans_prix
QRVO,couvert
QS,couvert
QSR,couvert
QSY,couvert
QTM,sans_prix
QTS,sans_prix
QTWO,couvert
QUAD,couvert
QUMU,sans_prix
QUNR,sans_prix
QUOT,sans_prix
QVCA,sans_prix
QYLD,couvert
R,couvert
RA,couvert
RACE,couvert
RAD,sans_prix
RADI,sans_prix
RAI,sans_prix
RAL,couvert
RALS,couvert
RAMP,couvert
RAND,couvert
RANJY,couvert
RARE,couvert
RAS,sans_prix
RAVN,sans_prix
RBA,couvert
RBC,couvert
RBCAA,couvert
RBGLY,couvert
RBLX,couvert
RBS,sans_prix
RC,couvert
RCI,couvert
RCII,sans_prix
RCKY,couvert
RCL,couvert
RCON,couvert
RCPT,sans_prix
RCS,couvert
RDC,sans_prix
RDDT,couvert
RDEIY,couvert
RDFN,sans_prix
RDIV,couvert
RDSA,sans_prix
RDSMY,sans_prix
RDUS,sans_prix
RDVY,couvert
RDY,couvert
RE,sans_prix
REE,couvert
REG,couvert
REGL,couvert
REGN,couvert
REI,couvert
RELL,couvert
RELX,couvert
RELY,couvert
REMX,couvert
REPYY,couvert
RES,couvert
RESI,couvert
RETA,sans_prix
REVB,couvert
REX,couvert
REXMY,sans_prix
REXR,couvert
REYN,couvert
REZ,couvert
REZI,couvert
RF,couvert
RFDG,sans_prix
RFI,couvert
RFMD,sans_prix
RGA,couvert
RGC,prix_corrompu
RGCO,couvert
RGEN,couvert
RGLD,couvert
RGNX,couvert
RGP,couvert
RGS,prix_corrompu
RGT,couvert
RGTI,couvert
RH,couvert
RHHBF,couvert
RHHBY,couvert
RHI,couvert
RHP,couvert
RHT,sans_prix
RIG,couvert
RIGP,sans_prix
RIGS,couvert
RIO,couvert
RITM,couvert
RIVN,couvert
RJF,couvert
RKT,couvert
RL,couvert
RLAY,couvert
RLGY,sans_prix
RLI,couvert
RLJ,couvert
RLMD,couvert
RLOC,sans_prix
RMAX,couvert
RMBS,couvert
RMD,couvert
RMKT,sans_prix
RMP,couvert
RNDY,sans_prix
RNET,sans_prix
RNG,couvert
RNLSY,couvert
RNMBF,couvert
RNMBY,couvert
RNR,couvert
RNST,couvert
RNWAX,couvert
RNWGX,couvert
RNWK,sans_prix
ROAD,couvert
ROAN,sans_prix
ROBO,couvert
ROC,couvert
ROCK,couvert
RODM,couvert
ROG,couvert
ROIC,sans_prix
ROIV,couvert
ROK,couvert
ROKU,couvert
ROL,couvert
ROLL,sans_prix
ROP,couvert
ROSE,sans_prix
ROST,couvert
ROVI,sans_prix
ROYMY,sans_prix
RP,sans_prix
RPBAX,couvert
RPD,couvert
RPG,couvert
RPM,couvert
RPT,couvert
RPXC,sans_prix
RQI,couvert
RRC,couvert
RRD,sans_prix
RRMS,sans_prix
RRTS,prix_corrompu
RRX,couvert
RS,couvert
RSCO,couvert
RSG,couvert
RSNHF,couvert
RSP,couvert
RSPP,couvert
RSTI,sans_prix
RTL,sans_prix
RTLR,sans_prix
RTNB,prix_corrompu
RTO,couvert
RTRX,sans_prix
RTX,couvert
RUK,sans_prix
RUM,couvert
RUN,couvert
RUSHA,couvert
RUSHB,couvert
RVI,couvert
RVLV,couvert
RVMD,couvert
RVNC,sans_prix
RVRA,sans_prix
RVT,couvert
RVTY,couvert
RWEOY,couvert
RWL,couvert
RWR,couvert
RWT,couvert
RXN,sans_prix
RXT,couvert
RY,couvert
RYAAY,couvert
RYAM,couvert
RYAOF,couvert
RYCEY,couvert
RYDBF,sans_prix
RYE,couvert
RYH,couvert
RYKKY,couvert
RYL,sans_prix
RYN,couvert
RYT,couvert
S,couvert
SABR,couvert
SAFM,sans_prix
SAFRY,couvert
SAGE,sans_prix
SAIA,couvert
SAIC,couvert
SALRY,couvert
SAM,couvert
SAN,couvert
SAND,sans_prix
SANM,couvert
SAP,couvert
SAPE,sans_prix
SARO,couvert
SATS,couvert
SAVA,sans_prix
SAVE,sans_prix
SAXPY,couvert
SBAC,couvert
SBCF,couvert
SBFM,couvert
SBGI,couvert
SBGSF,prix_corrompu
SBGSY,couvert
SBH,couvert
SBLK,couvert
SBMRY,sans_prix
SBNY,couvert
SBRA,couvert
SBRCY,sans_prix
SBS,couvert
SBSI,couvert
SBUX,couvert
SC,sans_prix
SCBT,sans_prix
SCCO,couvert
SCD,couvert
SCG,couvert
SCGLY,couvert
SCHA,couvert
SCHB,couvert
SCHD,couvert
SCHE,couvert
SCHF,couvert
SCHH,couvert
SCHN,sans_prix
SCHP,couvert
SCHW,couvert
SCHX,couvert
SCHYY,couvert
SCHZ,couvert
SCI,couvert
SCL,couvert
SCMWY,couvert
SCOR,couvert
SCTY,sans_prix
SCU,sans_prix
SCX,sans_prix
SCZ,couvert
SDC,sans_prix
SDLP,sans_prix
SDOG,couvert
SDRL,couvert
SDVKY,couvert
SDXAY,couvert
SDY,couvert
SDZ,sans_prix
SDZNY,couvert
SE,couvert
SEA,couvert
SEAC,couvert
SEDG,couvert
SEE,sans_prix
SEI,couvert
SEIC,couvert
SEKEY,couvert
SEM,couvert
SEMG,couvert
SEP,couvert
SER,couvert
SERA,couvert
SERV,couvert
SF,couvert
SFE,sans_prix
SFGYY,couvert
SFIX,couvert
SFL,couvert
SFLY,sans_prix
SFM,couvert
SFNC,couvert
SFST,couvert
SFTBF,couvert
SFTBY,couvert
SG,couvert
SGAPY,couvert
SGBK,sans_prix
SGBLY,couvert
SGEN,sans_prix
SGH,sans_prix
SGI,couvert
SGIIX,couvert
SGIOY,couvert
SGMA,sans_prix
SGMO,prix_corrompu
SGOV,couvert
SGSOY,couvert
SGU,couvert
SGY,sans_prix
SH,couvert
SHAK,couvert
SHECY,couvert
SHEL,couvert
SHG,couvert
SHI,sans_prix
SHLD,couvert
SHLS,couvert
SHLX,sans_prix
SHO,couvert
SHOO,couvert
SHOP,couvert
SHOS,sans_prix
SHPG,couvert
SHPGF,sans_prix
SHTDY,couvert
SHV,couvert
SHW,couvert
SHY,couvert
SHYF,sans_prix
SHYG,couvert
SI,couvert
SIAL,sans_prix
SIE,sans_prix
SIEGY,couvert
SIG,couvert
SIGCY,couvert
SIGI,couvert
SILK,sans_prix
SIMO,couvert
SINGY,couvert
SIR,prix_corrompu
SIRE,sans_prix
SIRI,couvert
SIRO,sans_prix
SITC,couvert
SITE,couvert
SIVB,sans_prix
SIX,sans_prix
SJI,sans_prix
SJM,couvert
SJNK,couvert
SJR,sans_prix
SJT,couvert
SKBSY,couvert
SKFRY,couvert
SKHCY,sans_prix
SKHHY,couvert
SKHSY,couvert
SKLTY,couvert
SKLZ,couvert
SKM,couvert
SKT,couvert
SKVKY,sans_prix
SKWD,couvert
SKX,sans_prix
SKY,couvert
SKYAY,couvert
SKYY,couvert
SLAB,couvert
SLB,couvert
SLF,couvert
SLG,couvert
SLGN,couvert
SLH,sans_prix
SLLDY,couvert
SLM,couvert
SLQD,couvert
SLV,couvert
SLVM,couvert
SLW,sans_prix
SLY,couvert
SLYG,couvert
SLYV,couvert
SM,couvert
SMA,couvert
SMAR,sans_prix
SMAWF,couvert
SMCAY,couvert
SMCI,couvert
SMCYY,sans_prix
SMECF,couvert
SMEGF,couvert
SMEZ,couvert
SMFG,couvert
SMFKY,sans_prix
SMFNF,couvert
SMG,couvert
SMGZY,couvert
SMLP,sans_prix
SMMNY,couvert
SMNEY,sans_prix
SMNNY,couvert
SMPL,couvert
SMR,couvert
SMTA,sans_prix
SMTC,couvert
SMTOY,couvert
SN,couvert
SNA,couvert
SNAP,couvert
SNCR,sans_prix
SNDA,couvert
SNDK,couvert
SNDR,couvert
SNEJF,couvert
SNGNF,couvert
SNH,sans_prix
SNHY,sans_prix
SNI,sans_prix
SNMX,couvert
SNN,couvert
SNNUF,couvert
SNOW,couvert
SNP,sans_prix
SNPHY,couvert
SNPS,couvert
SNR,sans_prix
SNREY,sans_prix
SNV,sans_prix
SNX,couvert
SNY,couvert
SO,couvert
SOAGY,couvert
SOAGZ,sans_prix
SOBKY,couvert
SOFI,couvert
SOHO,sans_prix
SOI,sans_prix
SOJA,couvert
SOLO,sans_prix
SOLS,couvert
SOLV,couvert
SOMLY,couvert
SOMMY,couvert
SON,couvert
SONO,couvert
SONVY,couvert
SONY,couvert
SOUHY,couvert
SOUN,couvert
SP,sans_prix
SP2RJ,sans_prix
SPB,couvert
SPCE,couvert
SPCX,sans_prix
SPDW,couvert
SPG,couvert
SPGI,couvert
SPGYF,sans_prix
SPH,couvert
SPHB,couvert
SPHQ,couvert
SPHR,couvert
SPHY,couvert
SPKE,sans_prix
SPKEP,sans_prix
SPKKY,couvert
SPLK,sans_prix
SPLS,couvert
SPMB,couvert
SPN,sans_prix
SPNC,sans_prix
SPNE,sans_prix
SPOT,couvert
SPR,sans_prix
SPSB,couvert
SPSC,couvert
SPTI,couvert
SPTM,couvert
SPWR,couvert
SPX,sans_prix
SPXC,couvert
SPXCY,couvert
SPY,couvert
SPYB,sans_prix
SPYG,couvert
SPYM,couvert
SPYV,couvert
SQI,sans_prix
SQM,couvert
SR,couvert
SRC,sans_prix
SRCI,sans_prix
SRCL,sans_prix
SRE,couvert
SREV,sans_prix
SRF,sans_prix
SRGHY,couvert
SRI,couvert
SRLN,couvert
SRLP,sans_prix
SRNE,prix_corrompu
SRPT,couvert
SRVR,couvert
SSB,couvert
SSBK,sans_prix
SSD,couvert
SSDOY,couvert
SSE,sans_prix
SSEZY,couvert
SSI,sans_prix
SSL,couvert
SSLTY,sans_prix
SSMXF,couvert
SSMXY,couvert
SSNC,couvert
SSNI,sans_prix
SSP,couvert
SSREY,couvert
SSTK,couvert
SSUMY,couvert
SSW,sans_prix
SSYS,couvert
ST,couvert
STAG,couvert
STAR,sans_prix
STAY,sans_prix
STBFY,couvert
STE,couvert
STJ,sans_prix
STL,sans_prix
STLA,couvert
STLD,couvert
STM,couvert
STNE,couvert
STNG,couvert
STO,sans_prix
STOCK,sans_prix
STON,sans_prix
STOR,sans_prix
STR,sans_prix
STRC,couvert
STRL,couvert
STRNY,couvert
STRZ,couvert
STRZA,sans_prix
STT,couvert
STWD,couvert
STX,couvert
STZ,couvert
SU,couvert
SUB,couvert
SUHJY,couvert
SUI,couvert
SUM,sans_prix
SUN,couvert
SUNE,prix_corrompu
SUP,sans_prix
SUPN,couvert
SURG,couvert
SUSP,sans_prix
SUSQ,sans_prix
SUSS,sans_prix
SUTNY,couvert
SVC,couvert
SVCBY,sans_prix
SVM,couvert
SVNDY,couvert
SVNE,sans_prix
SVNLY,couvert
SVU,couvert
SW,couvert
SWAV,sans_prix
SWAY,sans_prix
SWDBY,couvert
SWGAY,couvert
SWH,sans_prix
SWI,sans_prix
SWK,couvert
SWKS,couvert
SWMAY,sans_prix
SWN,sans_prix
SWRAY,couvert
SWTX,sans_prix
SWX,couvert
SXE,sans_prix
SXI,couvert
SXL,sans_prix
SXT,couvert
SXYAY,couvert
SYF,couvert
SYIEY,couvert
SYK,couvert
SYMC,sans_prix
SYNA,couvert
SYNH,sans_prix
SYNT,couvert
SYPR,couvert
SYRG,sans_prix
SYT,sans_prix
SYY,couvert
SZEVY,sans_prix
SZKMY,couvert
SZYM,sans_prix
T,couvert
TACO,couvert
TAK,couvert
TAL,couvert
TANN,sans_prix
TAP,couvert
TASR,sans_prix
TATYY,couvert
TAX,couvert
TBF,couvert
TBK,sans_prix
TBLL,couvert
TBPH,couvert
TBT,couvert
TBVPF,couvert
TCAP,prix_corrompu
TCB,sans_prix
TCBI,couvert
TCEHY,couvert
TCF,sans_prix
TCIEX,couvert
TCK,sans_prix
TCMD,couvert
TCNNF,sans_prix
TCO,sans_prix
TCOIX,couvert
TCOM,couvert
TCP,sans_prix
TCS,sans_prix
TCTZF,couvert
TCX,couvert
TCYMY,sans_prix
TD,couvert
TDA,sans_prix
TDC,couvert
TDG,couvert
TDHOY,couvert
TDIV,couvert
TDOC,couvert
TDS,couvert
TDW,couvert
TDY,couvert
TE,couvert
TEAM,couvert
TEAR,sans_prix
TECH,couvert
TECK,couvert
TECO,sans_prix
TEF,sans_prix
TEG,couvert
TEGP,sans_prix
TEL,couvert
TELL,sans_prix
TELNF,couvert
TELNY,couvert
TENB,couvert
TEP,couvert
TER,couvert
TERM,couvert
TEUM,sans_prix
TEV,couvert
TEVA,couvert
TEX,couvert
TEZNY,couvert
TFC,couvert
TFCFA,sans_prix
TFCIX,couvert
TFFP,sans_prix
TFM,sans_prix
TFSL,couvert
TFX,couvert
TGBAX,couvert
TGE,couvert
TGH,sans_prix
TGI,sans_prix
TGNA,sans_prix
TGOPY,prix_corrompu
TGP,sans_prix
TGT,couvert
TGTX,prix_corrompu
THC,couvert
THG,couvert
THI,couvert
THLEF,couvert
THO,couvert
THR,couvert
THRM,couvert
THS,sans_prix
TI,sans_prix
TIF,sans_prix
TILVX,couvert
TIMB,couvert
TIME,couvert
TIMVX,couvert
TIP,couvert
TIS,sans_prix
TISBX,couvert
TIXC,prix_corrompu
TJX,couvert
TK,couvert
TKAMY,couvert
TKC,couvert
TKGBY,couvert
TKO,couvert
TKOMY,couvert
TKPYY,sans_prix
TKR,couvert
TLGPY,couvert
TLH,couvert
TLK,couvert
TLLP,sans_prix
TLMR,sans_prix
TLN,couvert
TLND,sans_prix
TLPFY,couvert
TLRA,sans_prix
TLRD,sans_prix
TLRN,sans_prix
TLRY,couvert
TLS,couvert
TLSNY,couvert
TLSRP,sans_prix
TLSYY,sans_prix
TLT,couvert
TM,couvert
TME,couvert
TMH,couvert
TMHC,couvert
TMICY,couvert
TMK,sans_prix
TMO,couvert
TMSI,sans_prix
TMSNY,couvert
TMUS,couvert
TMUSR,sans_prix
TMX,sans_prix
TNC,couvert
TNDM,couvert
TNGO,sans_prix
TNH,couvert
TNL,couvert
TNTEY,couvert
TNTR,sans_prix
TOELF,couvert
TOELY,couvert
TOL,couvert
TOLLX,couvert
TOO,sans_prix
TOSYY,sans_prix
TOTDY,couvert
TOTL,couvert
TOTZF,couvert
TPCO,sans_prix
TPH,couvert
TPL,couvert
TPR,couvert
TPX,sans_prix
TPYP,couvert
TRBCX,couvert
TREE,couvert
TREX,couvert
TRGP,couvert
TRHC,sans_prix
TRI,couvert
TRIP,couvert
TRIT,sans_prix
TRMB,couvert
TRMK,couvert
TRN,couvert
TRNO,couvert
TROW,couvert
TRP,couvert
TRREX,couvert
TRS,couvert
TRTN,sans_prix
TRU,couvert
TRUMY,couvert
TRUP,couvert
TRV,couvert
TRW,sans_prix
TRXC,sans_prix
TRYIY,couvert
TS,couvert
TSC,sans_prix
TSCDF,couvert
TSCDY,couvert
TSCO,couvert
TSEM,couvert
TSLA,couvert
TSM,couvert
TSN,couvert
TSS,sans_prix
TSX,sans_prix
TT,couvert
TTAN,couvert
TTC,couvert
TTD,couvert
TTDKY,couvert
TTE,couvert
TTEK,couvert
TTFS,sans_prix
TTI,couvert
TTM,sans_prix
TTNDY,couvert
TTP,sans_prix
TTSH,sans_prix
TTT,couvert
TTWO,couvert
TU,couvert
TUES,sans_prix
TUMI,sans_prix
TUP,sans_prix
TUWOY,prix_corrompu
TV,couvert
TVPT,couvert
TVTY,sans_prix
TW,couvert
TWC,sans_prix
TWKS,sans_prix
TWLO,couvert
TWNK,sans_prix
TWO,couvert
TWOU,sans_prix
TWST,couvert
TWTR,sans_prix
TWX,couvert
TX,couvert
TXG,couvert
TXN,couvert
TXNM,couvert
TXRH,couvert
TXT,couvert
TYC,sans_prix
TYG,couvert
TYL,couvert
TYPE,sans_prix
U,couvert
UA,couvert
UA-C,sans_prix
UAA,couvert
UAL,couvert
UBA,sans_prix
UBER,couvert
UBNK,sans_prix
UBNT,sans_prix
UBS,couvert
UBSFY,couvert
UBSH,sans_prix
UBSI,couvert
UCB,couvert
UCBJY,couvert
UCON,couvert
UCTT,couvert
UDR,couvert
UE,couvert
UEC,couvert
UFI,couvert
UFPI,couvert
UFS,sans_prix
UGI,couvert
UGRO,prix_corrompu
UHAL,couvert
UHALB,sans_prix
UHID,sans_prix
UHS,couvert
UHT,couvert
UI,couvert
UIL,sans_prix
UIS,couvert
UL,couvert
ULTA,couvert
ULTI,couvert
UMBF,couvert
UMICY,couvert
UMPQ,sans_prix
UN,sans_prix
UNCFF,couvert
UNCHF,couvert
UNCRY,couvert
UNF,couvert
UNFI,couvert
UNH,couvert
UNICY,couvert
UNIT,couvert
UNM,couvert
UNP,couvert
UNRDY,sans_prix
UNT,sans_prix
UNVR,sans_prix
UOVEY,couvert
UPL,sans_prix
UPLD,couvert
UPMKF,couvert
UPMKY,sans_prix
UPMMY,couvert
UPS,couvert
UPST,couvert
UPWK,couvert
URA,couvert
URBN,couvert
URI,couvert
URIRP,sans_prix
URNM,couvert
URS,sans_prix
USAC,couvert
USB,couvert
USD,couvert
USDP,prix_corrompu
USFD,couvert
USFR,couvert
USG,couvert
USIG,couvert
USMC,couvert
USMV,couvert
USO,couvert
USPH,couvert
USTR,sans_prix
UTGN,couvert
UTHR,couvert
UTZ,couvert
UUGRY,couvert
UUP,couvert
UUUU,couvert
UVSP,couvert
UVV,couvert
V,couvert
VAC,couvert
VACNY,couvert
VADDX,couvert
VAIAF,couvert
VAL,couvert
VALE,couvert
VAR,sans_prix
VAW,couvert
VAXX,prix_corrompu
VB,couvert
VBK,couvert
VBTX,sans_prix
VC,couvert
VCISY,couvert
VCIT,couvert
VCLT,couvert
VCR,couvert
VCRA,sans_prix
VCSH,couvert
VCTR,couvert
VCYT,couvert
VDC,couvert
VDE,couvert
VDMCY,couvert
VDSI,sans_prix
VEA,couvert
VEEV,couvert
VEOEY,couvert
VER,sans_prix
VET,couvert
VEU,couvert
VEVIX,couvert
VFC,couvert
VFH,couvert
VFIJX,couvert
VG,couvert
VGK,couvert
VGR,sans_prix
VGT,couvert
VHT,couvert
VIAB,sans_prix
VIAC,sans_prix
VIASP,couvert
VIAV,couvert
VICI,couvert
VICR,couvert
VIG,couvert
VIK,couvert
VIOT,couvert
VIS,couvert
VITSX,couvert
VIV,couvert
VIV-V,sans_prix
VIVHY,couvert
VIVO,prix_corrompu
VIXY,couvert
VLEEY,couvert
VLGEA,couvert
VLKPY,sans_prix
VLO,couvert
VLP,couvert
VLRS,couvert
VLTO,couvert
VLUE,couvert
VLVLY,couvert
VLY,couvert
VMC,couvert
VMI,couvert
VMIIX,couvert
VMW,sans_prix
VNCE,couvert
VNO,couvert
VNOM,couvert
VNQ,couvert
VNQI,couvert
VNR,sans_prix
VNT,couvert
VNTV,sans_prix
VO,couvert
VOD,couvert
VODPD,sans_prix
VOE,couvert
VOLC,sans_prix
VOLVY,sans_prix
VONE,couvert
VOO,couvert
VOPKY,couvert
VOT,couvert
VOX,couvert
VOYA,couvert
VOYG,couvert
VPG,couvert
VPL,couvert
VPU,couvert
VR,couvert
VRAI,couvert
VRAY,sans_prix
VRE,couvert
VREX,couvert
VRIG,couvert
VRM,couvert
VRNS,couvert
VRNT,sans_prix
VRP,couvert
VRSK,couvert
VRSN,couvert
VRT,couvert
VRTS,couvert
VRTU,sans_prix
VRTX,couvert
VRX,sans_prix
VSAR,sans_prix
VSAT,couvert
VSCO,couvert
VSEC,couvert
VSH,couvert
VSI,sans_prix
VSLR,sans_prix
VSM,sans_prix
VSMIX,couvert
VSNT,couvert
VST,couvert
VSTO,sans_prix
VTEB,couvert
VTI,couvert
VTIP,couvert
VTKLY,couvert
VTNR,sans_prix
VTR,couvert
VTRS,couvert
VTRSV,sans_prix
VTS,couvert
VTSAX,couvert
VTV,couvert
VUG,couvert
VUSFX,couvert
VUZI,couvert
VV,couvert
VVC,prix_corrompu
VVI,sans_prix
VVNT,sans_prix
VVV,couvert
VWAGY,couvert
VWAPY,couvert
VWDRY,couvert
VWIGX,couvert
VWO,couvert
VWR,sans_prix
VWUAX,couvert
VWUSX,couvert
VXF,couvert
VXUS,couvert
VXX,couvert
VYM,couvert
VYX,couvert
VZ,couvert
W,couvert
WAB,couvert
WABC,couvert
WAC,sans_prix
WAFD,couvert
WAG,sans_prix
WAGE,sans_prix
WAIR,sans_prix
WAL,couvert
WARFY,couvert
WASCX,couvert
WASH,couvert
WASYX,couvert
WAT,couvert
WB,couvert
WBA,sans_prix
WBC,sans_prix
WBD,couvert
WBI,couvert
WBK,sans_prix
WBS,couvert
WBT,sans_prix
WCAGY,sans_prix
WCC,couvert
WCG,sans_prix
WCLD,couvert
WCN,couvert
WCRX,sans_prix
WDAY,couvert
WDC,couvert
WDFC,couvert
WDR,sans_prix
WDS,couvert
WEC,couvert
WEGE3,sans_prix
WEIGY,sans_prix
WELL,couvert
WES,couvert
WETF,sans_prix
WEX,couvert
WF,couvert
WFAFY,couvert
WFC,couvert
WFM,sans_prix
WFRD,couvert
WFT,sans_prix
WGHPY,sans_prix
WGL,couvert
WGO,couvert
WGP,sans_prix
WH,couvert
WHR,couvert
WIA,couvert
WIFI,sans_prix
WIN,sans_prix
WINA,couvert
WING,couvert
WIT,couvert
WIW,couvert
WIX,couvert
WJRYY,couvert
WK,couvert
WKHS,couvert
WLK,couvert
WLL,sans_prix
WLP,sans_prix
WLT,sans_prix
WM,couvert
WMB,couvert
WMGI,sans_prix
WMS,couvert
WMT,couvert
WNRP,sans_prix
WOLWF,couvert
WOOF,couvert
WOPEY,sans_prix
WOR,couvert
WORK,sans_prix
WOSYY,sans_prix
WP,sans_prix
WPC,couvert
WPG,sans_prix
WPM,couvert
WPP,couvert
WPPGY,sans_prix
WPX,sans_prix
WPYGY,sans_prix
WPZ,couvert
WR,couvert
WRB,couvert
WRDLY,prix_corrompu
WRK,sans_prix
WRK-V,sans_prix
WSBC,couvert
WSC,couvert
WSFS,couvert
WSH,sans_prix
WSM,couvert
WSO,couvert
WST,couvert
WSTL,couvert
WSTMX,couvert
WTFC,couvert
WTKWY,couvert
WTM,couvert
WTR,sans_prix
WTRG,couvert
WTS,couvert
WTSHF,couvert
WTT,sans_prix
WTW,couvert
WU,couvert
WUBA,sans_prix
WW,couvert
WWAV,sans_prix
WWD,couvert
WWGEX,couvert
WWSYX,couvert
WWW,couvert
WX,sans_prix
WY,couvert
WY-Z,sans_prix
WYN,sans_prix
WYND,sans_prix
WYNN,couvert
X,sans_prix
XBI,couvert
XEC,sans_prix
XEL,couvert
XENT,sans_prix
XFIV,couvert
XHB,couvert
XHR,couvert
XIACF,couvert
XL,sans_prix
XLB,couvert
XLC,couvert
XLE,couvert
XLF,couvert
XLI,couvert
XLK,couvert
XLNX,sans_prix
XLP,couvert
XLRE,couvert
XLRN,sans_prix
XLS,sans_prix
XLU,couvert
XLV,couvert
XLY,couvert
XME,couvert
XMEX,sans_prix
XMHQ,couvert
XNGSY,couvert
XOM,couvert
XONE,couvert
XP,couvert
XPO,couvert
XPOI,sans_prix
XPRO,couvert
XRAY,couvert
XRT,couvert
XRX,couvert
XSD,couvert
XSHQ,couvert
XSLV,couvert
XSOE,couvert
XT,couvert
XTWO,couvert
XTXI,sans_prix
XYIGY,couvert
XYL,couvert
XYZ,couvert
Y,sans_prix
YACKX,couvert
YAHOY,couvert
YAMHY,sans_prix
YARIY,couvert
YASKY,couvert
YCS,couvert
YELP,couvert
YETI,couvert
YEXT,couvert
YHOO,sans_prix
YNDX,sans_prix
YOU,couvert
YRAIF,couvert
YRD,couvert
YTEN,sans_prix
YTRA,couvert
YUM,couvert
YUMC,couvert
YXI,couvert
YY,sans_prix
Z,couvert
ZAYO,sans_prix
ZBH,couvert
ZBRA,couvert
ZEN,sans_prix
ZG,couvert
ZI,sans_prix
ZIMV,sans_prix
ZION,couvert
ZIOP,sans_prix
ZLNDY,couvert
ZM,couvert
ZMH,sans_prix
ZMLP,prix_corrompu
ZN,sans_prix
ZNGA,sans_prix
ZOOM,sans_prix
ZROZ,couvert
ZS,couvert
ZTO,couvert
ZTS,couvert
ZU,sans_prix
ZUO,sans_prix
ZURVY,couvert
ZW,sans_prix
