year,uuid,member,disclosure_date
2020,dbc1c728-6fe4-49d7-809b-d1c79f7b1376,RICHARD BLUMENTHAL,2020-12-22
2020,f45a6e12-e24c-4fac-8ced-3d704a179559,DIANNE FEINSTEIN,2020-12-15
2020,2a123633-1454-49ff-8c3b-c4028372a119,RICHARD BLUMENTHAL,2020-12-02
2020,7ce788ae-dbe0-46b2-ac9a-a1aa5a4ff62d,JOHN BOOZMAN,2020-11-10
2020,dfeac24c-e61d-4732-b200-ccae42657df2,JOHN BOOZMAN,2020-10-16
2020,de3406b8-6047-4f08-8c2e-2f20aa280112,RICHARD BLUMENTHAL,2020-10-13
2020,6e153093-081b-41b1-9c3e-3a1512de56f2,DIANNE FEINSTEIN,2020-09-22
2020,53a76d97-d1c7-4c80-999a-99d12987979b,RICHARD BLUMENTHAL,2020-09-09
2020,19b4badb-691c-451d-90a1-5f8e68c3750d,JOHN BOOZMAN,2020-09-08
2020,05ee8aed-9bbc-48ba-9cb5-037e8f1c7d3b,JOHN BOOZMAN,2020-08-21
2020,fe49d68d-e344-4c64-a621-4ea77d59eb47,RICHARD M BURR,2020-08-13
2020,196d2697-baa7-43ed-bbd2-f35823eae0f8,RICHARD BLUMENTHAL,2020-08-13
2020,7aa0d20c-a400-4326-8aca-5bdc8e5c5797,JOHN BOOZMAN,2020-08-11
2020,a755855f-e352-456b-9811-857d279eb269,DIANNE FEINSTEIN,2020-07-16
2020,5222f3bf-d740-4457-b3b9-190e56485109,RICHARD BLUMENTHAL,2020-07-01
2020,3b996061-cdb5-4066-a963-64b23988ad02,RICHARD BLUMENTHAL,2020-06-22
2020,e27fd07d-ed8f-4d3e-b825-81e9bfceda1f,RICHARD BLUMENTHAL,2020-06-02
2020,ae9950be-f385-4c4f-b70a-caa5e1602966,RICHARD BLUMENTHAL,2020-05-21
2020,df06d95e-953b-47fa-8f17-252a2b388bfe,DIANNE FEINSTEIN,2020-05-19
2020,31e8128b-93b6-4a0d-88b2-2c54c6e802fc,JOHN BOOZMAN,2020-05-15
2020,8104804b-208a-49ca-8089-7d270a4b2bfa,JOHN BOOZMAN,2020-05-11
2020,bcf4205f-7df0-48c9-b51e-25c5b99b2bd2,RICHARD BLUMENTHAL,2020-03-24
2020,9cb7a5dd-bf30-48d2-8e73-58e980b9c203,JOHN BOOZMAN,2020-03-19
2020,680b4c2d-8eea-48c5-b79e-df2754e37ac4,DIANNE FEINSTEIN,2020-03-17
2020,8da9c843-54ce-4d2e-ac32-74b2153ec020,RICHARD BLUMENTHAL,2020-03-12
2020,4c78ce9f-d842-4f36-9102-48e43377166b,DIANNE FEINSTEIN,2020-02-28
2020,156b69ba-6f48-4a32-b796-707093c476c6,RICHARD M BURR,2020-02-27
2020,c5ce97f8-72c9-4067-b789-34b656af4fb4,RICHARD M BURR,2020-02-26
2020,1a861004-b7f4-4dbd-9186-60bc49286562,DIANNE FEINSTEIN,2020-02-25
2020,c3471d47-b8ef-4f81-95a4-296a440b2ddc,RICHARD BLUMENTHAL,2020-02-10
2020,d145efef-1925-4ec2-b435-118c9a57a394,JOHN BOOZMAN,2020-02-07
2020,03b9dc2b-2e00-44ed-8b2f-cfc729313f92,RICHARD BLUMENTHAL,2020-02-04
2020,7b9582d4-6a8b-4f49-8100-f43c0537a561,JOHN BOOZMAN,2020-01-24
2021,ec4d0d90-b4a7-4fb8-a1ac-bbcfd1c3ad6a,RICHARD BLUMENTHAL,2021-12-13
2021,366d62bd-723c-4708-8d48-aa636fed35bb,JOHN BOOZMAN,2021-12-07
2021,e924e7a1-7b11-4bf6-85e0-2238bce7fb0f,RICHARD BLUMENTHAL,2021-11-09
2021,8df50107-62ea-45a1-87db-ee144cc3f568,JOHN BOOZMAN,2021-10-12
2021,a84b299c-20ca-4f6d-8987-a23c5f5bcf54,RICHARD BLUMENTHAL,2021-10-04
2021,f37321cd-cd47-443b-8687-4093e9bd5a15,RICHARD BLUMENTHAL,2021-09-22
2021,1f256949-caed-40d5-8076-d9243221bbc4,JOHN BOOZMAN,2021-09-08
2021,de267ca2-8849-4bd9-a6a5-2ac1358b7d24,JOHN BOOZMAN,2021-08-31
2021,58e7336b-77cd-491f-99ea-6bd8d2def825,RICHARD BLUMENTHAL,2021-08-05
2021,d40c72ed-6239-4214-a20a-f576b9628901,JOHN BOOZMAN,2021-07-07
2021,7d15a892-ceff-43c2-acd3-092d7a240de6,RICHARD BLUMENTHAL,2021-07-01
2021,f0f1cd53-d159-42e8-89fc-c86fc7a7a68c,RICHARD BLUMENTHAL,2021-06-28
2021,4716d538-d7d0-4146-8ed3-d619366db4da,JOHN BOOZMAN,2021-06-10
2021,c83ebe60-e64e-47a2-a63c-1b219ec7a404,RICHARD M BURR,2021-05-17
2021,612be9f2-83b7-4ae3-b107-458dd493b516,JOHN BOOZMAN,2021-05-11
2021,6b110b5f-e060-4d6d-b1c2-b14d8442d03c,JOHN BOOZMAN,2021-05-06
2021,5afb1535-000b-4e84-b8ad-908381f5ac2a,JOHN BOOZMAN,2021-04-06
2021,a68e9328-7725-42ef-8f34-32fb4139270f,RICHARD BLUMENTHAL,2021-03-15
2021,f276f338-ccee-4392-bb95-f55fd8b57f24,JOHN BOOZMAN,2021-03-09
2021,ba1163f0-8d19-41a2-8745-83028a346a62,JOHN BOOZMAN,2021-02-10
2021,f22c2d87-4f73-4469-8fcc-02c9567c6707,RICHARD BLUMENTHAL,2021-02-01
2021,37bcc48e-e4b7-42b4-b33c-e4b8e126fb7a,DIANNE FEINSTEIN,2021-01-12
2022,2a393d64-8daa-4b4b-9fe0-82923c3b0544,JOHN BOOZMAN,2022-12-14
2022,e02847b3-30f1-40ae-90f0-f87752f56472,RICHARD BLUMENTHAL,2022-11-30
2022,6b63ba3f-2f97-4e8e-8e64-4043d29fe10e,JOHN BOOZMAN,2022-11-10
2022,5d1db106-16dc-4cfa-bbdd-bca6f03dd5bd,JOHN BOOZMAN,2022-10-07
2022,77237d34-d0f2-4336-a25c-91fd0b107e14,RICHARD BLUMENTHAL,2022-10-05
2022,7f733a14-a6be-4cc1-af27-c4f059fedb3f,RICHARD BLUMENTHAL,2022-09-07
2022,56ee8988-3c92-4408-a148-e65a0f4c3576,JOHN BOOZMAN,2022-08-25
2022,802a6462-e067-42f3-b3d3-6a2071b21198,RICHARD BLUMENTHAL,2022-07-27
2022,a2384543-f25f-427f-8935-853f6c6dcfd7,JOHN BOOZMAN,2022-07-20
2022,0c238ab7-cc33-40bd-b590-71b96409887e,JOHN BOOZMAN,2022-06-08
2022,23551b1d-69dc-4622-9c3c-304ba11d4047,RICHARD BLUMENTHAL,2022-06-07
2022,bf71ee8a-8362-4e9d-833b-145c63d97f82,JOHN BOOZMAN,2022-05-12
2022,19d089ab-729e-4b52-95c4-585a9b085b55,RICHARD BLUMENTHAL,2022-04-26
2022,008c8224-f7ef-4a01-8cd2-8b92ca71d0c5,JOHN BOOZMAN,2022-04-07
2022,accadeb3-5ecf-4be2-a460-95b8888ae4ba,RICHARD BLUMENTHAL,2022-03-03
2022,676e1821-b88d-46d9-ab48-15363c5b8405,DIANNE FEINSTEIN,2022-02-15
2022,7e2a5d00-362a-45fb-9c24-c9ca9f1944c3,JOHN BOOZMAN,2022-02-07
2022,01d98c63-1737-4bfd-b6eb-1e429dc16c1b,RICHARD BLUMENTHAL,2022-02-02
2022,c6ad481e-9a51-4593-8d24-40b5ad87fe7c,JOHN BOOZMAN,2022-01-12
2023,8372e04b-ed41-41f2-a780-f4ce4db9cac0,RICHARD BLUMENTHAL,2023-12-15
2023,7ebf3c9c-8caf-4b75-8150-e0975727eed8,RICHARD BLUMENTHAL,2023-09-19
2023,f805b510-6697-47ac-a54c-91449afcc3be,RICHARD BLUMENTHAL,2023-09-05
2023,85d6ffc4-9aab-4548-ae3a-439fb20a9ccc,JOHN BOOZMAN,2023-08-21
2023,5e3f0c2c-fff4-46b0-b29b-a6fe3fc87b61,RICHARD BLUMENTHAL,2023-08-07
2023,ab1c52c9-9881-4142-81a1-4081210c40a0,JOHN BOOZMAN,2023-07-12
2023,45b4a191-b18e-4a4b-89cd-d92bc5edd777,RICHARD BLUMENTHAL,2023-07-11
2023,feaa20dd-677f-40a4-ba7d-e0d64a61b665,RICHARD BLUMENTHAL,2023-06-14
2023,7ec5049f-bfd4-4402-b516-1bdc2f50147f,JOHN BOOZMAN,2023-05-26
2023,db14ceb9-7925-489e-99b2-003f5850eab4,RICHARD BLUMENTHAL,2023-04-20
2023,c96aed47-2270-43fd-b4be-3a06edc428df,JOHN BOOZMAN,2023-04-10
2023,5b864c4e-fadf-49af-bdb0-e4cb3db38d21,RICHARD BLUMENTHAL,2023-03-22
2023,7dfcd5fd-ae2e-4a52-8f54-bcfe1c4599ef,JOHN BOOZMAN,2023-03-06
2023,e88a2069-7bc6-4635-ae19-37fbd533a3f1,RICHARD BLUMENTHAL,2023-02-01
2023,4df8548a-b058-4538-b273-ede087597a28,JOHN BOOZMAN,2023-01-11
2024,7d8d619e-cbcb-4fec-9146-d4bbd7b87c3a,RICHARD BLUMENTHAL,2024-12-31
2024,9af2d969-8530-41e5-bba4-fbdfa7dce896,RICHARD BLUMENTHAL,2024-12-09
2024,fde3b4a5-78ab-4ec7-a0a1-fc462d39649a,RICHARD BLUMENTHAL,2024-10-30
2024,520e479e-3586-4de5-a16b-cb7c22414594,RICHARD BLUMENTHAL,2024-10-16
2024,c6b29455-39fd-4033-93fe-f9b1d69c9751,RICHARD BLUMENTHAL,2024-10-02
2024,d7e2b033-3bb4-4877-95fc-497264e9e0ce,RICHARD BLUMENTHAL,2024-08-20
2024,3b1affbf-2359-4fef-980d-1d2600cb8731,JOHN FETTERMAN,2024-07-12
2024,2cd90465-7aef-4f33-881a-57cbf4f439ef,RICHARD BLUMENTHAL,2024-06-20
2024,3c3b2fe8-c1ea-4d84-b986-a4484cbead80,RICHARD BLUMENTHAL,2024-05-21
2024,2842ecf5-a3c9-4263-a25b-cb6ddde63186,RICHARD BLUMENTHAL,2024-05-03
2024,75a6a5f9-4076-45df-bd8e-6b884f7a2a2a,RICHARD BLUMENTHAL,2024-04-12
2024,9a6471ce-564f-4f65-8a3d-2c12370bf870,RICHARD BLUMENTHAL,2024-03-28
2024,0663c4d9-f5f8-43d4-81d3-6d46b49d4dfd,RICHARD BLUMENTHAL,2024-03-05
2024,9335e60a-450c-464e-8452-8602eec4d2ad,RICHARD BLUMENTHAL,2024-02-05
2025,13a0fc2a-bbbb-4c1b-b380-d315e198d2a3,RICHARD BLUMENTHAL,2025-12-22
2025,16afdd38-c0ec-4e37-bc05-cbd82901b43f,RICHARD BLUMENTHAL,2025-12-12
2025,19dc3e18-b10f-465d-8f37-117ab78a8d0b,RICHARD BLUMENTHAL,2025-12-01
2025,e63995b3-352b-4cf8-ac61-ae05cfa7553b,RICHARD BLUMENTHAL,2025-11-17
2025,4728c5fd-8bbd-43f7-a028-d17cfb8008dc,RICHARD BLUMENTHAL,2025-10-24
2025,f8c167e9-090d-471d-81c9-f8c7366420d1,RICHARD BLUMENTHAL,2025-10-02
2025,387cefb6-11f7-4871-89ef-5bad61124584,RICHARD BLUMENTHAL,2025-09-24
2025,e08ef39c-87e8-4381-9f92-41218ecc7cd4,RICHARD BLUMENTHAL,2025-09-12
2025,05ec5023-a80c-47ce-8f1c-02494ac41ba3,RICHARD BLUMENTHAL,2025-08-25
2025,09694768-3b1e-4af0-8b46-8521c00cbd96,RICHARD BLUMENTHAL,2025-08-13
2025,85d70f0a-406a-40e1-80bb-bd9fbdf4d360,RICHARD BLUMENTHAL,2025-08-13
2025,db518e1a-cc0c-4d04-95c9-f22f1c1a1e36,RICHARD BLUMENTHAL,2025-07-18
2025,69b40e20-ff5a-45cd-92cb-a24035f53f33,RICHARD BLUMENTHAL,2025-07-03
2025,95c54ecf-69b7-47d2-8cc9-e68dac2db254,RICHARD BLUMENTHAL,2025-06-20
2025,a3722489-195c-4554-8ad0-d32981aa2f61,RICHARD BLUMENTHAL,2025-05-28
2025,d5562ad3-9789-426c-9ba9-a056e09d62c1,RICHARD BLUMENTHAL,2025-05-06
2025,ee360a8f-8d24-4dd3-8176-652d7ec64d3c,RICHARD BLUMENTHAL,2025-04-07
2025,8e8ae815-6d8b-4330-8aa0-da89ab2e2ca0,RICHARD BLUMENTHAL,2025-03-17
2025,4fbbf6be-25c1-4589-bda0-95b5295c4107,RICHARD BLUMENTHAL,2025-03-04
2025,14607985-10ba-44a3-bd64-9840e003b06e,RICHARD BLUMENTHAL,2025-02-10
2025,d7d35e4a-545e-4215-a318-f90031461bc3,RICHARD BLUMENTHAL,2025-01-21
2026,a0d25e8f-fe54-4328-a7ea-504da008742b,RICHARD BLUMENTHAL,2026-06-08
2026,d02263c3-381d-4ee9-8d84-2c44d9baa59e,RICHARD BLUMENTHAL,2026-05-19
2026,f028d2ce-4ab7-41a8-a67a-91675b6941d7,RICHARD BLUMENTHAL,2026-04-08
2026,d337c392-e0aa-428e-be93-44a327b90d08,RICHARD BLUMENTHAL,2026-03-13
2026,068274e1-4b7a-4453-a242-563dde4c10d8,RICHARD BLUMENTHAL,2026-02-12
2026,f873aeb4-adbb-4934-a188-79416a2e4c76,RICHARD BLUMENTHAL,2026-01-20
2014,1FA31695-2481-47BC-A8B8-2B39D4D0B97E,MARK R WARNER,2014-12-12
2014,F65A4325-6FC7-4C5E-8F3D-3F7BDEED6E99,RICHARD M BURR,2014-11-17
2014,6BB34CE7-72BF-4F9A-B078-DDE209016DD6,MARK R WARNER,2014-11-10
2014,BE1F720C-4A8A-4B29-9679-2D33E51A2946,RICHARD M BURR,2014-11-03
2014,597944C5-F426-4C1B-9037-52DBA7DB6557,RICHARD M BURR,2014-10-23
2014,19361CEA-BD67-45FD-A6FD-7A47E072CA0F,MARK R WARNER,2014-09-29
2014,EB09706F-2098-40DB-B666-B014B21553AA,RICHARD M BURR,2014-09-17
2014,3505D650-4644-4A79-9A6D-1CC293292F5C,SHELDON WHITEHOUSE,2014-09-03
2014,0D70EF39-D892-4BEF-B1C9-121D4A30009F,SHELDON WHITEHOUSE,2014-08-13
2014,669650A1-0AFA-4363-8851-494DBE867389,MARK R WARNER,2014-08-05
2014,2D5E7EA6-DD61-4C3B-A886-63F586C54E1B,RICHARD M BURR,2014-07-31
2014,4FCBD8B2-6429-40A4-8927-4F75FD84D0E1,MARK R WARNER,2014-07-16
2014,03EADD6B-C1A4-45F8-AC63-78E1C4787AC0,RICHARD M BURR,2014-07-10
2014,4377555C-2E74-4FF7-A2A0-AC67BDDA90B3,RICHARD BLUMENTHAL,2014-07-03
2014,5AC4FA1A-B114-464B-93EA-2ADE5E652529,RICHARD M BURR,2014-06-18
2014,0646854C-A5E3-49CC-9063-084B25BCBC3B,MARK R WARNER,2014-06-17
2014,ABE5742E-C4DA-4833-819A-F5F2673CD7F1,MARK R WARNER,2014-05-14
2014,EA7371D7-EA0C-447E-8CC7-E5BEF9AF21DE,RICHARD M BURR,2014-05-06
2014,A5661778-A18F-4F81-A778-AC988F69F9B1,MARK R WARNER,2014-05-05
2014,D322BE57-9E16-482D-9998-11D04BB37132,THOMAS R CARPER,2014-04-29
2014,07FB8D44-1310-4330-894C-DEC36CDCD2B4,RICHARD M BURR,2014-04-10
2014,1EB806E5-3D99-481B-B45C-5392CEBCC092,MARK R WARNER,2014-03-26
2014,D22FAF65-5196-452C-8042-92E593E21F8B,RICHARD M BURR,2014-03-25
2014,AB5EEBA0-7045-4B8D-BC91-007761245D4C,PAT ROBERTS,2014-03-12
2014,4C1D8DC4-7941-43F6-A992-95B17A2B79B4,RICHARD M BURR,2014-03-07
2014,150EDC44-0E54-48AA-9107-AEA667615811,PAT ROBERTS,2014-03-04
2014,5716F08C-6F84-4AC6-B53B-C167E15E5B37,MARK R WARNER,2014-02-18
2014,F5F31261-73D5-49A9-9642-16871D93AD45,PAT ROBERTS,2014-02-05
2014,E1E79C60-9429-4BD5-B040-21A1A1D4A498,SHELDON WHITEHOUSE,2014-01-30
2014,1E0B4A32-38D3-44F7-9834-8724E273CEB0,SUSAN M COLLINS,2014-01-29
2014,16D65434-11F3-4CCA-9A01-D929D8307E05,SUSAN M COLLINS,2014-01-29
2014,3E7456A0-0D3E-431F-AD3E-9644C9F22EF3,MARK R WARNER,2014-01-22
2014,9242F316-3F2F-48DE-AE71-F3D812EE33E5,MARIA CANTWELL,2014-01-16
2014,30FFA407-999E-4F25-B2E4-E5ACD6EC5CD9,SUSAN M COLLINS,2014-01-14
2014,B7B303F9-086E-4E0B-B46A-4A055848D599,SHELDON WHITEHOUSE,2014-01-10
2014,E0F69812-6B00-4773-894B-4068B7600DDC,PAT ROBERTS,2014-01-08
2014,06A375AE-B6BF-4CB9-A675-8E4703896A18,JOHN HOEVEN,2014-01-08
2014,BE524E9F-5E03-416B-9CFB-51A198F3E05C,SUSAN M COLLINS,2014-01-07
2014,CAFCC425-B1D5-47DF-A2EC-7CBB8BF37FE5,THOMAS R CARPER,2014-01-07
2014,5B7D23B8-661C-45AC-8B40-EAD128130E8D,JACK REED,2014-01-06
2015,BAB946BE-A931-4A1D-ACE4-6DBEA29A445C,RICHARD BLUMENTHAL,2015-12-22
2015,793A1242-2824-489D-AF61-68A907B9C897,MARK R WARNER,2015-12-15
2015,7296D989-CF00-4F4D-BFD1-A80FA4970FFA,MARK R WARNER,2015-10-13
2015,3958238C-743E-4223-AFB0-CDB74F59BA96,RICHARD BLUMENTHAL,2015-10-06
2015,C50F00D7-DBE9-4DFA-AA46-23A9C5BDB413,RICHARD M BURR,2015-09-30
2015,07EFCC33-8702-496C-BC29-5B78EB7ADDB1,MARK R WARNER,2015-09-21
2015,F27D0166-CB77-4D9D-B8B0-110965A46409,RICHARD M BURR,2015-09-11
2015,4745FDCF-9BD0-4D2D-8B02-A9AB143A2246,MARK R WARNER,2015-08-28
2015,D0265D41-74A4-4A96-BFEA-647DFB22169F,RICHARD BLUMENTHAL,2015-08-18
2015,A701D31F-B3B0-483E-8F38-729D0A97BA86,RICHARD BLUMENTHAL,2015-08-18
2015,E273DE65-7F80-4CBE-AA9A-EA232D165C4C,RICHARD M BURR,2015-07-16
2015,11FB9231-B083-4ACD-9234-084718A0F00E,DIANNE FEINSTEIN,2015-07-15
2015,B82D4538-ADAB-44BD-8E1E-2C25657A1AE4,DIANNE FEINSTEIN,2015-07-15
2015,E933D449-D4A4-4307-B949-29E948DC5BD5,DIANNE FEINSTEIN,2015-07-15
2015,E3EDB295-14C0-4FD6-AC92-CBE53E5BFD4B,MARK R WARNER,2015-07-13
2015,5EE1FCA0-CED0-435A-913F-C855893E1B0D,MARK R WARNER,2015-06-12
2015,6E0A407B-E64E-4264-8F05-D23BDA26F873,RICHARD M BURR,2015-06-09
2015,B371D33C-C877-44D0-B611-9B06312CEB25,RICHARD M BURR,2015-06-04
2015,A3B18805-1140-435B-94D8-35273BFCB52A,JAMES M INHOFE,2015-06-01
2015,FEF47448-AFDE-4858-BE6F-ADB7FEC1BE4A,RICHARD M BURR,2015-05-19
2015,6F80BD03-4293-4352-B84E-0F36BAD82165,MARK R WARNER,2015-05-15
2015,DC93FD81-D789-483D-937A-5DED545F9709,RICHARD M BURR,2015-05-12
2015,C8764A1C-CD06-40E8-9D1F-DB0410E8869C,MARK R WARNER,2015-04-16
2015,0D8D9AF8-1BFD-442A-87CF-82197A6A1FD0,RICHARD M BURR,2015-04-10
2015,1AF08743-0E7D-4B92-9BE7-B781FEC5AF66,MARK R WARNER,2015-03-19
2015,F85505B5-C8FE-47E7-BB97-1FFF5CFEDC06,MARK R WARNER,2015-02-19
2015,E3A557F6-DCA0-4A7F-B65B-37DE8AE25403,RICHARD M BURR,2015-01-21
2015,7E4DD64C-9D98-4B64-8EF6-E5F217FD3B32,RICHARD M BURR,2015-01-08
2016,a7a15ba6-fde7-4b5a-b6bf-d3517746144d,MARK R WARNER,2016-12-15
2016,c3f63433-47f8-4e65-92df-2289cc8e220e,RICHARD BLUMENTHAL,2016-12-06
2016,eb685916-d9b8-4790-9493-1d0d4e944094,RICHARD M BURR,2016-11-18
2016,90233c4f-c41f-421b-8aa2-40082e786d12,JOHN BOOZMAN,2016-11-17
2016,d1a21ce1-4c24-4559-878d-b4c8b564eff3,RICHARD M BURR,2016-11-16
2016,8757b133-a1f5-43c9-93cd-d9f037bf7d5e,MARK R WARNER,2016-11-15
2016,f939da92-db9a-4c99-aff1-e96f1935d077,JOHN BOOZMAN,2016-10-28
2016,a398d4c6-8fcf-4e32-bee2-e9af50c9e93e,MARK R WARNER,2016-10-14
2016,050accd8-143f-4578-b3b0-9d4852cb9a72,RICHARD BLUMENTHAL,2016-09-07
2016,b9b9bfbe-8ef0-454d-934f-be83e16db2dc,JOHN BOOZMAN,2016-08-22
2016,07653b65-14e6-42c1-9002-eb9a33ab450b,MARK R WARNER,2016-08-15
2016,4f58542b-f144-425d-987c-1f9da4bff4a9,RICHARD BLUMENTHAL,2016-08-12
2016,62325cc7-0d0f-44e4-94e3-24adef43746c,MARK R WARNER,2016-08-12
2016,d51df8b5-4e24-4e2c-bfcf-60a2981210af,RICHARD M BURR,2016-08-12
2016,0237013e-86ec-449e-80aa-18cbfaa22a95,RICHARD M BURR,2016-08-12
2016,28bf7855-e1b2-48b6-bae0-d98bc771ac25,JOHN BOOZMAN,2016-08-11
2016,3382ba90-85ad-444b-8685-d09c71e787d9,JOHN BOOZMAN,2016-08-11
2016,c19189dd-dfbc-4ef0-bcf2-6b5cf518c2a4,MARK R WARNER,2016-07-12
2016,1c1c89fb-788c-4a3c-a6ae-1a3f790e6e62,RICHARD M BURR,2016-07-11
2016,948bd9e7-15e2-4643-abec-bc1089bc63fa,RICHARD M BURR,2016-06-14
2016,2b673a0c-ae43-4d97-bc88-3dd6f36a9fe6,MARK R WARNER,2016-06-13
2016,e218c064-9915-4e51-9c4b-38065c6f822b,RICHARD BLUMENTHAL,2016-05-18
2016,16082eaa-ccd7-4857-b237-9991c6842684,DIANNE FEINSTEIN,2016-05-16
2016,529c1eeb-4ba4-481b-af35-8d08053b00e9,MARK R WARNER,2016-05-16
2016,fd6b2511-43a6-4e84-9d82-52e193196c05,RICHARD M BURR,2016-05-10
2016,080b3b25-8b84-4e40-8816-9a4e71492c89,MARK R WARNER,2016-04-19
2016,d7d0f4d8-8262-438c-a058-d2c5e37dff39,RICHARD BLUMENTHAL,2016-04-19
2016,9cf54c03-d2f8-426f-9189-c4cefddd8fcf,MARK R WARNER,2016-04-08
2016,be41f10d-4ff8-4e95-87cf-dead7e1abdfd,MARK R WARNER,2016-04-08
2016,50f506dd-3433-405f-a8e6-1a924f4da87d,RICHARD M BURR,2016-04-05
2016,3c973abc-4ff7-4dbb-a52d-f8cc384b7794,RICHARD BLUMENTHAL,2016-04-04
2016,502ec7bf-0b40-4505-8301-45173f606924,MARK R WARNER,2016-03-17
2016,4467f209-e1c4-4241-babf-c7fd057865a1,RICHARD M BURR,2016-02-29
2016,7a87d279-0737-4af7-b9d7-cf60e1becbf0,RICHARD M BURR,2016-01-22
2016,4d359280-2f74-4c48-ad3f-211aeb7e6e3a,MARK R WARNER,2016-01-15
2016,6f1b12f0-c681-45d8-a83c-ed324bfda7f4,RICHARD M BURR,2016-01-11
2017,db4af494-3532-4c8f-a099-39d3e2a07c9f,RICHARD M BURR,2017-12-19
2017,e8a40887-94c1-446e-912c-277c8c226bde,RICHARD BLUMENTHAL,2017-12-18
2017,058352a8-724f-4732-abea-a29791a161ef,JOHN BOOZMAN,2017-12-12
2017,c4c250b9-083f-4442-82b6-08581cb76920,RICHARD M BURR,2017-11-29
2017,3b49848e-ffef-40f0-bae2-134f42e73b99,RICHARD BLUMENTHAL,2017-11-16
2017,1a835b25-69c9-4c0c-bb0f-e7ac31c19500,RICHARD M BURR,2017-11-08
2017,feb25195-2fd4-4690-868a-68ae29e5b591,JOHN BOOZMAN,2017-11-07
2017,96a5eaf7-ab66-4a83-911a-a37e3906ba61,RICHARD M BURR,2017-11-02
2017,4b15d800-3a2e-456c-9b45-7755b89d1e03,DIANNE FEINSTEIN,2017-10-19
2017,28678982-72de-419a-b2c9-5ead837ddc57,JOHN BOOZMAN,2017-10-18
2017,02115eab-aba8-4e16-8a4d-1257cafedddf,RICHARD M BURR,2017-09-12
2017,9a6fcfb0-d5a6-4a7e-a3a3-c75762f45a1b,RICHARD M BURR,2017-09-12
2017,5dbb5d86-f003-4d88-a2ad-e5da36d1a15f,RICHARD M BURR,2017-09-06
2017,9f7a6914-8d5c-46d5-96c1-a1db0e65d162,RICHARD BLUMENTHAL,2017-08-24
2017,a2477232-c5fa-4c38-86cc-eadb5ecb1e17,RICHARD M BURR,2017-08-22
2017,2ca6abb5-07a6-4ef9-8ccc-2c838807ac22,JOHN BOOZMAN,2017-08-09
2017,ee85ef14-49ff-4993-a978-db7709f47001,RICHARD M BURR,2017-08-08
2017,7f33e550-caa2-4718-8bf5-d73d0adb010b,RICHARD BLUMENTHAL,2017-07-26
2017,7ef08199-6651-4983-b6be-6f14b79d0d57,RICHARD M BURR,2017-07-12
2017,1dcead78-4298-43b4-a3aa-fa3c09ba2f4d,JOHN BOOZMAN,2017-07-07
2017,d6eb8e77-422a-4fb1-be4f-1aa459ecf7c1,RICHARD M BURR,2017-06-14
2017,cb0a0364-282d-4036-83f4-b08e431e8b6e,DIANNE FEINSTEIN,2017-06-14
2017,2853a408-a50a-44a1-88a6-62d939858430,JOHN BOOZMAN,2017-06-13
2017,1b8ecec1-6173-4931-aca2-a551163fefad,JOHN BOOZMAN,2017-05-12
2017,5e61d29a-0e35-470b-8b05-1ae9a7a429c6,RICHARD M BURR,2017-05-10
2017,2b07ac8b-6341-4450-9a12-ed0ad3fe7b8d,RICHARD BLUMENTHAL,2017-05-02
2017,e8d9f3e9-db89-446a-bebc-f45fd99d8908,DIANNE FEINSTEIN,2017-04-24
2017,9ffd8283-0989-4c9b-b44d-806a4cf971a2,RICHARD M BURR,2017-04-24
2017,0c18739c-bfa5-409c-8dc0-181051acccc9,JOHN BOOZMAN,2017-04-12
2017,16dbaa35-78f8-4354-b6ec-b58b74a91a3b,JOHN BOOZMAN,2017-03-08
2017,664fa42a-d3e1-4871-8ed5-235d0ceec62a,RICHARD BLUMENTHAL,2017-03-07
2017,9e2b10a9-ec60-4642-bfb3-bfbe3f4a81ab,RICHARD M BURR,2017-02-27
2017,df687d9b-c276-491b-9df6-dc650c327f93,JOHN BOOZMAN,2017-02-22
2017,a6b2098c-c0aa-44b8-b976-a007ec1f7b29,RICHARD M BURR,2017-01-24
2017,d3c89148-fffb-4594-85e5-be13223c11bd,MARK R WARNER,2017-01-13
2017,c4e01a61-abfd-47aa-8539-e3662889107e,JOHN BOOZMAN,2017-01-10
2017,271a3069-d7e5-42c3-8c9e-75256012717f,RICHARD M BURR,2017-01-04
2018,cc424d65-f559-40ae-9caf-645f7a1fbfc0,JAMES M INHOFE,2018-12-21
2018,e24251ff-2099-453b-9578-470590cb971f,RICHARD BLUMENTHAL,2018-12-18
2018,1278718c-4552-46f1-9b33-e7972215b1dd,DIANNE FEINSTEIN,2018-12-18
2018,3e144655-b182-41f0-92ec-63388c3e62b7,JOHN BOOZMAN,2018-12-12
2018,a9376ef3-2a48-4543-94ec-eea5b522bffd,RICHARD M BURR,2018-12-04
2018,6a259a17-8da7-4e6c-bcec-68d10e497c0e,RICHARD BLUMENTHAL,2018-12-04
2018,298ebe23-17e0-41d0-9e5c-c398ae350857,RICHARD BLUMENTHAL,2018-11-28
2018,5c8025e9-c8bb-4f1e-a476-19331fe8f348,JOHN BOOZMAN,2018-11-26
2018,aa2d3d72-8f88-4eab-8192-b9c7276ae718,DIANNE FEINSTEIN,2018-11-15
2018,3527564d-67d0-43f7-9d70-02067a55e2fb,RICHARD BLUMENTHAL,2018-10-25
2018,39c78342-f5e4-47eb-83fd-2e101e8c1724,RICHARD M BURR,2018-10-16
2018,0a9a1209-6dc7-499b-be11-847b557c833d,RICHARD M BURR,2018-10-16
2018,60f60b4f-0b5d-4090-82a8-b0800110d21e,DIANNE FEINSTEIN,2018-10-15
2018,6dcf9d5b-80eb-4ed8-b5f7-4b2f52a14200,JOHN BOOZMAN,2018-10-11
2018,c413b08c-f70d-41d1-a7b8-ea38a00f6d18,RICHARD M BURR,2018-10-09
2018,70abcb59-ae68-44bc-a8db-7ccc5673c5af,RICHARD BLUMENTHAL,2018-10-02
2018,883ac04d-7b79-4949-9221-6ac7567d2558,RICHARD M BURR,2018-09-26
2018,39aa7199-9987-407f-8d8e-2ed7a49d0339,RICHARD BLUMENTHAL,2018-09-24
2018,0ae483c8-5984-4df3-b793-86c6902d8969,JOHN BOOZMAN,2018-09-19
2018,4b384664-d12b-465b-8219-c910566adf06,DIANNE FEINSTEIN,2018-09-13
2018,b3ad2c88-ec0f-490b-bfca-7d3d127f78ee,RICHARD BLUMENTHAL,2018-08-27
2018,673b04e0-fb5a-4234-ac4d-43f7d084b543,RICHARD M BURR,2018-08-23
2018,e195317b-6b9c-4f37-83e7-446cb67ce99e,JOHN BOOZMAN,2018-08-15
2018,00b68ed0-107b-4837-b3b2-2587158cf9dc,DIANNE FEINSTEIN,2018-08-15
2018,d7a56259-f5b0-4861-9a38-14050c49ba96,RICHARD BLUMENTHAL,2018-08-13
2018,b7f4ea2f-1dfe-4375-a408-7f7bbb1b2e19,RICHARD M BURR,2018-07-30
2018,d53321ee-78d6-40dd-9011-40b0defe14cb,RICHARD BLUMENTHAL,2018-07-23
2018,383fb792-fd57-44fb-a8d6-46909a496b33,JOHN BOOZMAN,2018-07-19
2018,9eaa5a59-b8a5-44ae-b77b-5cc7cf2a8076,DIANNE FEINSTEIN,2018-07-09
2018,2d0972d0-fd7d-472b-bc07-33863c26fddb,RICHARD M BURR,2018-06-27
2018,81056250-5eb1-4dc1-9f31-97fd69b72182,RICHARD M BURR,2018-06-27
2018,b046cfbb-d34c-412a-bbfd-0c1998b43be1,JOHN BOOZMAN,2018-06-21
2018,aa258eda-0256-4ec9-bcc2-b03f7ff9228f,DIANNE FEINSTEIN,2018-06-11
2018,92de2283-fef4-4f5c-bead-956ceb88688d,RICHARD BLUMENTHAL,2018-05-24
2018,7d534d16-8f7d-4ef1-8be2-a1d815c9d708,DIANNE FEINSTEIN,2018-05-22
2018,298d2c2a-63ac-4d94-8be4-3717a336f30c,DIANNE FEINSTEIN,2018-05-22
2018,9ac5f227-4b29-480d-9221-4f5468fef9fc,DIANNE FEINSTEIN,2018-05-22
2018,1bae21d6-4cec-4c77-9a14-d52256f5ea57,DIANNE FEINSTEIN,2018-05-22
2018,c8cb0053-985a-4619-b522-b8d627e3e4ee,DIANNE FEINSTEIN,2018-05-21
2018,67ff37f6-b248-437f-bbcb-7cd5f6dfce78,RICHARD M BURR,2018-05-17
2018,c439145a-47b1-4146-8838-06cd744d649a,RICHARD M BURR,2018-05-10
2018,e787a949-dba2-4b49-8d97-c27a8afce004,RICHARD M BURR,2018-05-01
2018,e194954a-ab04-4284-9d79-c830631d348d,JOHN BOOZMAN,2018-04-20
2018,b592b168-6ec8-4ea4-b153-cd3148404c2e,RICHARD BLUMENTHAL,2018-04-02
2018,9604cc5c-4cc3-4f3e-8c2d-11199e4ce90f,JOHN BOOZMAN,2018-03-07
2018,c2888db8-8e5e-4384-97cb-818c5b63268d,JOHN BOOZMAN,2018-02-15
2018,65284b1c-0849-4eb2-8c8c-73440c804edd,RICHARD M BURR,2018-02-15
2018,84bdabd1-9e02-420a-937e-fc7906a75cc4,RICHARD M BURR,2018-02-08
2018,058d2627-f241-431d-a70f-fd71f9168924,JOHN BOOZMAN,2018-01-18
2018,836382b4-f8ee-4061-aae7-e5b1f8032b9b,RICHARD M BURR,2018-01-04
2019,dc7026aa-e4d5-481c-9846-270e41a8f72c,JOHN BOOZMAN,2019-12-20
2019,b7efa216-68b7-412b-9ca9-a491afc231ff,RICHARD BLUMENTHAL,2019-12-16
2019,dc2d7218-f412-4aa0-af59-1f7790502c43,RICHARD M BURR,2019-12-04
2019,73d356d2-b803-4997-b6d4-8f74c32134f9,RICHARD BLUMENTHAL,2019-11-25
2019,ae296441-8769-4000-90eb-7c73987593e0,RICHARD M BURR,2019-11-19
2019,fc91143a-9848-4936-b404-9a78972a57ca,RICHARD BLUMENTHAL,2019-10-28
2019,5dbceca2-e2ab-4520-8580-4a2ebe968f47,RICHARD BLUMENTHAL,2019-10-08
2019,e4610adc-4743-470f-a267-232d0fd1d34f,RICHARD M BURR,2019-09-19
2019,23a66446-0a5f-4f04-8e57-da53c701b4c2,JOHN BOOZMAN,2019-09-12
2019,573468dc-d6e1-4873-a3e8-cfbb9f3bb958,RICHARD BLUMENTHAL,2019-08-30
2019,b87fa874-b6df-4b65-9f67-3d17b08db2ca,DIANNE FEINSTEIN,2019-08-19
2019,1f722e86-cc10-49b9-8dcc-62fb6251fc5f,RICHARD BLUMENTHAL,2019-08-13
2019,6d562c3e-4be9-4811-8759-fef6c3fa0a40,JOHN BOOZMAN,2019-08-09
2019,c5663e35-5503-41f1-af29-d1647866c41e,RICHARD BLUMENTHAL,2019-08-05
2019,b93a26ef-d98b-4b8c-95ef-e7a870df27fc,RICHARD M BURR,2019-08-01
2019,ba0e05ef-d738-40db-9219-0b18d6cf4323,RICHARD M BURR,2019-08-01
2019,81392e16-9a75-4017-843e-2c8f43b7a102,RICHARD M BURR,2019-07-24
2019,19ef112b-74fa-4106-bcaf-93591448b7a0,DIANNE FEINSTEIN,2019-07-17
2019,6ba5ea80-a974-49c8-b86e-79d0e79b8b20,RICHARD M BURR,2019-07-17
2019,4fced9a8-70f9-4a26-bd65-f4537ccb4a09,RICHARD BLUMENTHAL,2019-07-15
2019,1146e634-4ae6-4bfd-b507-9aaae89fa796,JOHN BOOZMAN,2019-07-11
2019,dcc03a94-7b6c-4a79-9b6d-f1ca8f4a7307,RICHARD M BURR,2019-07-10
2019,9bd241d9-dfd9-4c0d-ba26-293762f60c7c,RICHARD BLUMENTHAL,2019-06-25
2019,956fba46-eace-4066-90dd-175fcb34e271,RICHARD M BURR,2019-06-25
2019,2e18b058-5d98-4ccc-bc0f-6c29c21defd6,RICHARD M BURR,2019-06-20
2019,c075c149-8a56-4afd-9c75-0ad24eb084a0,JOHN BOOZMAN,2019-06-18
2019,047cd045-9b5d-402a-aebe-5bef2fba6678,DIANNE FEINSTEIN,2019-06-18
2019,3a8bb122-7d18-4449-880a-1ed8df6dcca7,DIANNE FEINSTEIN,2019-06-14
2019,33f4d3b8-e8b0-40e0-850e-8e17368e1e47,DIANNE FEINSTEIN,2019-06-14
2019,7766aa20-f944-43f8-8317-866a033c1d9d,DIANNE FEINSTEIN,2019-06-14
2019,400f71cc-d75f-4ae3-a7b1-cdf634cbd1b6,DIANNE FEINSTEIN,2019-06-14
2019,f87e5b8f-8752-4d07-a5a8-cd777a7e70bd,DIANNE FEINSTEIN,2019-06-14
2019,7761ed3b-b504-4431-ba82-09f9e5c22c65,RICHARD M BURR,2019-06-11
2019,dccff9e9-9249-4ec7-90fe-3be97fe0b199,DIANNE FEINSTEIN,2019-05-22
2019,9df8ad03-172a-43eb-80f4-b6f311b2aa41,JOHN BOOZMAN,2019-05-20
2019,d5aedac2-a021-4f33-9142-721d3c82724f,RICHARD M BURR,2019-05-02
2019,5ba213ef-42a1-4517-bf32-5cc941a82d7c,RICHARD M BURR,2019-05-02
2019,0d1cda01-6aae-49e1-9c70-b88fb6c86af8,DIANNE FEINSTEIN,2019-04-29
2019,40f35e56-632b-4b9d-b28c-658419ca0d53,RICHARD BLUMENTHAL,2019-04-29
2019,df5cc344-2da5-471d-9470-be7ecc4d742f,JOHN BOOZMAN,2019-04-23
2019,1597ee5f-a104-4740-905e-753b67800a43,RICHARD M BURR,2019-04-10
2019,59e4865b-0547-48e7-8f92-f0bc687b788b,RICHARD BLUMENTHAL,2019-04-08
2019,644865e7-929f-424c-add9-42b199bf3280,RICHARD M BURR,2019-04-04
2019,7af87c4e-454a-4a3e-8097-6d27cf59c714,DIANNE FEINSTEIN,2019-03-25
2019,af36bd7e-37df-423b-9d5f-95d40eec8ee7,RICHARD BLUMENTHAL,2019-03-19
2019,7f0d501b-72c9-40f5-bd07-f76d6aed289d,JOHN BOOZMAN,2019-03-06
2019,8e223aef-2f07-43cb-9af3-12914429aa46,RICHARD BLUMENTHAL,2019-02-19
2019,aaafdc5d-4641-4a0a-9f6c-31333bab4d6e,DIANNE FEINSTEIN,2019-02-14
2019,8a404fb9-609e-48c0-a67f-6337f88f6652,RICHARD M BURR,2019-02-13
2019,d26e9de9-163b-451f-ae32-fab6e211e5d0,JOHN BOOZMAN,2019-02-08
2019,8fa0d41f-828d-4849-9e45-4e66fe164d3b,RICHARD M BURR,2019-01-29
2019,444cd62d-7b2a-4745-bc27-0e09aa671956,JOHN BOOZMAN,2019-01-18
