uuid,year,member,n_pages,category
5B7D23B8-661C-45AC-8B40-EAD128130E8D,2014,JACK REED,1,tape
06A375AE-B6BF-4CB9-A675-8E4703896A18,2014,JOHN HOEVEN,1,tape
9242F316-3F2F-48DE-AE71-F3D812EE33E5,2014,MARIA CANTWELL,1,tape
1FA31695-2481-47BC-A8B8-2B39D4D0B97E,2014,MARK R WARNER,2,tape
6BB34CE7-72BF-4F9A-B078-DDE209016DD6,2014,MARK R WARNER,2,tape
19361CEA-BD67-45FD-A6FD-7A47E072CA0F,2014,MARK R WARNER,2,tape
4FCBD8B2-6429-40A4-8927-4F75FD84D0E1,2014,MARK R WARNER,2,tape
669650A1-0AFA-4363-8851-494DBE867389,2014,MARK R WARNER,2,tape
A5661778-A18F-4F81-A778-AC988F69F9B1,2014,MARK R WARNER,2,tape
0646854C-A5E3-49CC-9063-084B25BCBC3B,2014,MARK R WARNER,2,tape
ABE5742E-C4DA-4833-819A-F5F2673CD7F1,2014,MARK R WARNER,2,tape
1EB806E5-3D99-481B-B45C-5392CEBCC092,2014,MARK R WARNER,2,tape
5716F08C-6F84-4AC6-B53B-C167E15E5B37,2014,MARK R WARNER,2,tape
3E7456A0-0D3E-431F-AD3E-9644C9F22EF3,2014,MARK R WARNER,2,tape
AB5EEBA0-7045-4B8D-BC91-007761245D4C,2014,PAT ROBERTS,1,manuscrit
F5F31261-73D5-49A9-9642-16871D93AD45,2014,PAT ROBERTS,1,manuscrit
150EDC44-0E54-48AA-9107-AEA667615811,2014,PAT ROBERTS,1,manuscrit
E0F69812-6B00-4773-894B-4068B7600DDC,2014,PAT ROBERTS,2,manuscrit
4377555C-2E74-4FF7-A2A0-AC67BDDA90B3,2014,RICHARD BLUMENTHAL,2,tape
597944C5-F426-4C1B-9037-52DBA7DB6557,2014,RICHARD M BURR,11,annexe_courtier
F65A4325-6FC7-4C5E-8F3D-3F7BDEED6E99,2014,RICHARD M BURR,9,tape
BE1F720C-4A8A-4B29-9679-2D33E51A2946,2014,RICHARD M BURR,8,annexe_courtier
EB09706F-2098-40DB-B666-B014B21553AA,2014,RICHARD M BURR,1,tape
2D5E7EA6-DD61-4C3B-A886-63F586C54E1B,2014,RICHARD M BURR,1,tape
03EADD6B-C1A4-45F8-AC63-78E1C4787AC0,2014,RICHARD M BURR,1,tape
5AC4FA1A-B114-464B-93EA-2ADE5E652529,2014,RICHARD M BURR,1,tape
EA7371D7-EA0C-447E-8CC7-E5BEF9AF21DE,2014,RICHARD M BURR,1,cas_a_part
07FB8D44-1310-4330-894C-DEC36CDCD2B4,2014,RICHARD M BURR,1,tape
D22FAF65-5196-452C-8042-92E593E21F8B,2014,RICHARD M BURR,1,tape
4C1D8DC4-7941-43F6-A992-95B17A2B79B4,2014,RICHARD M BURR,1,tape
0D70EF39-D892-4BEF-B1C9-121D4A30009F,2014,SHELDON WHITEHOUSE,1,tape
3505D650-4644-4A79-9A6D-1CC293292F5C,2014,SHELDON WHITEHOUSE,1,tape
E1E79C60-9429-4BD5-B040-21A1A1D4A498,2014,SHELDON WHITEHOUSE,1,tape
B7B303F9-086E-4E0B-B46A-4A055848D599,2014,SHELDON WHITEHOUSE,2,tape
1E0B4A32-38D3-44F7-9834-8724E273CEB0,2014,SUSAN M COLLINS,1,tape
16D65434-11F3-4CCA-9A01-D929D8307E05,2014,SUSAN M COLLINS,1,tape
30FFA407-999E-4F25-B2E4-E5ACD6EC5CD9,2014,SUSAN M COLLINS,1,tape
BE524E9F-5E03-416B-9CFB-51A198F3E05C,2014,SUSAN M COLLINS,1,tape
D322BE57-9E16-482D-9998-11D04BB37132,2014,THOMAS R CARPER,1,tape
CAFCC425-B1D5-47DF-A2EC-7CBB8BF37FE5,2014,THOMAS R CARPER,1,tape
11FB9231-B083-4ACD-9234-084718A0F00E,2015,DIANNE FEINSTEIN,1,tape
B82D4538-ADAB-44BD-8E1E-2C25657A1AE4,2015,DIANNE FEINSTEIN,1,tape
E933D449-D4A4-4307-B949-29E948DC5BD5,2015,DIANNE FEINSTEIN,1,tape
A3B18805-1140-435B-94D8-35273BFCB52A,2015,JAMES M INHOFE,8,tape
793A1242-2824-489D-AF61-68A907B9C897,2015,MARK R WARNER,2,tape
7296D989-CF00-4F4D-BFD1-A80FA4970FFA,2015,MARK R WARNER,2,tape
07EFCC33-8702-496C-BC29-5B78EB7ADDB1,2015,MARK R WARNER,2,tape
4745FDCF-9BD0-4D2D-8B02-A9AB143A2246,2015,MARK R WARNER,2,tape
5EE1FCA0-CED0-435A-913F-C855893E1B0D,2015,MARK R WARNER,2,tape
E3EDB295-14C0-4FD6-AC92-CBE53E5BFD4B,2015,MARK R WARNER,2,tape
6F80BD03-4293-4352-B84E-0F36BAD82165,2015,MARK R WARNER,2,tape
C8764A1C-CD06-40E8-9D1F-DB0410E8869C,2015,MARK R WARNER,2,tape
1AF08743-0E7D-4B92-9BE7-B781FEC5AF66,2015,MARK R WARNER,2,tape
F85505B5-C8FE-47E7-BB97-1FFF5CFEDC06,2015,MARK R WARNER,2,tape
3958238C-743E-4223-AFB0-CDB74F59BA96,2015,RICHARD BLUMENTHAL,2,tape
BAB946BE-A931-4A1D-ACE4-6DBEA29A445C,2015,RICHARD BLUMENTHAL,2,tape
D0265D41-74A4-4A96-BFEA-647DFB22169F,2015,RICHARD BLUMENTHAL,2,tape
A701D31F-B3B0-483E-8F38-729D0A97BA86,2015,RICHARD BLUMENTHAL,2,tape
C50F00D7-DBE9-4DFA-AA46-23A9C5BDB413,2015,RICHARD M BURR,5,tape
F27D0166-CB77-4D9D-B8B0-110965A46409,2015,RICHARD M BURR,4,tape
E273DE65-7F80-4CBE-AA9A-EA232D165C4C,2015,RICHARD M BURR,2,annexe_courtier
B371D33C-C877-44D0-B611-9B06312CEB25,2015,RICHARD M BURR,3,annexe_courtier
6E0A407B-E64E-4264-8F05-D23BDA26F873,2015,RICHARD M BURR,3,annexe_courtier
FEF47448-AFDE-4858-BE6F-ADB7FEC1BE4A,2015,RICHARD M BURR,18,annexe_courtier
0D8D9AF8-1BFD-442A-87CF-82197A6A1FD0,2015,RICHARD M BURR,9,annexe_courtier
DC93FD81-D789-483D-937A-5DED545F9709,2015,RICHARD M BURR,3,annexe_courtier
E3A557F6-DCA0-4A7F-B65B-37DE8AE25403,2015,RICHARD M BURR,3,tape
7E4DD64C-9D98-4B64-8EF6-E5F217FD3B32,2015,RICHARD M BURR,3,annexe_courtier
16082eaa-ccd7-4857-b237-9991c6842684,2016,DIANNE FEINSTEIN,1,tape
90233c4f-c41f-421b-8aa2-40082e786d12,2016,JOHN BOOZMAN,2,annexe_courtier
f939da92-db9a-4c99-aff1-e96f1935d077,2016,JOHN BOOZMAN,2,cas_a_part
b9b9bfbe-8ef0-454d-934f-be83e16db2dc,2016,JOHN BOOZMAN,2,annexe_courtier
28bf7855-e1b2-48b6-bae0-d98bc771ac25,2016,JOHN BOOZMAN,10,annexe_courtier
3382ba90-85ad-444b-8685-d09c71e787d9,2016,JOHN BOOZMAN,19,annexe_courtier
a7a15ba6-fde7-4b5a-b6bf-d3517746144d,2016,MARK R WARNER,2,tape
8757b133-a1f5-43c9-93cd-d9f037bf7d5e,2016,MARK R WARNER,2,tape
a398d4c6-8fcf-4e32-bee2-e9af50c9e93e,2016,MARK R WARNER,2,tape
07653b65-14e6-42c1-9002-eb9a33ab450b,2016,MARK R WARNER,2,cas_a_part
62325cc7-0d0f-44e4-94e3-24adef43746c,2016,MARK R WARNER,2,tape
c19189dd-dfbc-4ef0-bcf2-6b5cf518c2a4,2016,MARK R WARNER,2,tape
2b673a0c-ae43-4d97-bc88-3dd6f36a9fe6,2016,MARK R WARNER,2,tape
529c1eeb-4ba4-481b-af35-8d08053b00e9,2016,MARK R WARNER,2,tape
9cf54c03-d2f8-426f-9189-c4cefddd8fcf,2016,MARK R WARNER,2,tape
be41f10d-4ff8-4e95-87cf-dead7e1abdfd,2016,MARK R WARNER,2,tape
080b3b25-8b84-4e40-8816-9a4e71492c89,2016,MARK R WARNER,2,tape
502ec7bf-0b40-4505-8301-45173f606924,2016,MARK R WARNER,2,tape
4d359280-2f74-4c48-ad3f-211aeb7e6e3a,2016,MARK R WARNER,2,tape
c3f63433-47f8-4e65-92df-2289cc8e220e,2016,RICHARD BLUMENTHAL,2,tape
050accd8-143f-4578-b3b0-9d4852cb9a72,2016,RICHARD BLUMENTHAL,3,tape
4f58542b-f144-425d-987c-1f9da4bff4a9,2016,RICHARD BLUMENTHAL,3,tape
e218c064-9915-4e51-9c4b-38065c6f822b,2016,RICHARD BLUMENTHAL,3,tape
d7d0f4d8-8262-438c-a058-d2c5e37dff39,2016,RICHARD BLUMENTHAL,2,tape
3c973abc-4ff7-4dbb-a52d-f8cc384b7794,2016,RICHARD BLUMENTHAL,5,tape
d1a21ce1-4c24-4559-878d-b4c8b564eff3,2016,RICHARD M BURR,9,annexe_courtier
eb685916-d9b8-4790-9493-1d0d4e944094,2016,RICHARD M BURR,3,annexe_courtier
d51df8b5-4e24-4e2c-bfcf-60a2981210af,2016,RICHARD M BURR,3,tape
1c1c89fb-788c-4a3c-a6ae-1a3f790e6e62,2016,RICHARD M BURR,4,annexe_courtier
0237013e-86ec-449e-80aa-18cbfaa22a95,2016,RICHARD M BURR,3,annexe_courtier
948bd9e7-15e2-4643-abec-bc1089bc63fa,2016,RICHARD M BURR,4,annexe_courtier
fd6b2511-43a6-4e84-9d82-52e193196c05,2016,RICHARD M BURR,6,annexe_courtier
50f506dd-3433-405f-a8e6-1a924f4da87d,2016,RICHARD M BURR,2,annexe_courtier
4467f209-e1c4-4241-babf-c7fd057865a1,2016,RICHARD M BURR,5,tape
6f1b12f0-c681-45d8-a83c-ed324bfda7f4,2016,RICHARD M BURR,19,tape
7a87d279-0737-4af7-b9d7-cf60e1becbf0,2016,RICHARD M BURR,3,annexe_courtier
4b15d800-3a2e-456c-9b45-7755b89d1e03,2017,DIANNE FEINSTEIN,1,tape
e8d9f3e9-db89-446a-bebc-f45fd99d8908,2017,DIANNE FEINSTEIN,1,tape
cb0a0364-282d-4036-83f4-b08e431e8b6e,2017,DIANNE FEINSTEIN,2,tape
058352a8-724f-4732-abea-a29791a161ef,2017,JOHN BOOZMAN,2,annexe_courtier
feb25195-2fd4-4690-868a-68ae29e5b591,2017,JOHN BOOZMAN,2,annexe_courtier
28678982-72de-419a-b2c9-5ead837ddc57,2017,JOHN BOOZMAN,2,annexe_courtier
2ca6abb5-07a6-4ef9-8ccc-2c838807ac22,2017,JOHN BOOZMAN,2,annexe_courtier
1dcead78-4298-43b4-a3aa-fa3c09ba2f4d,2017,JOHN BOOZMAN,2,annexe_courtier
2853a408-a50a-44a1-88a6-62d939858430,2017,JOHN BOOZMAN,2,annexe_courtier
1b8ecec1-6173-4931-aca2-a551163fefad,2017,JOHN BOOZMAN,2,annexe_courtier
16dbaa35-78f8-4354-b6ec-b58b74a91a3b,2017,JOHN BOOZMAN,3,annexe_courtier
0c18739c-bfa5-409c-8dc0-181051acccc9,2017,JOHN BOOZMAN,2,annexe_courtier
df687d9b-c276-491b-9df6-dc650c327f93,2017,JOHN BOOZMAN,2,manuscrit
c4e01a61-abfd-47aa-8539-e3662889107e,2017,JOHN BOOZMAN,3,annexe_courtier
d3c89148-fffb-4594-85e5-be13223c11bd,2017,MARK R WARNER,2,annexe_courtier
3b49848e-ffef-40f0-bae2-134f42e73b99,2017,RICHARD BLUMENTHAL,2,tape
e8a40887-94c1-446e-912c-277c8c226bde,2017,RICHARD BLUMENTHAL,2,tape
9f7a6914-8d5c-46d5-96c1-a1db0e65d162,2017,RICHARD BLUMENTHAL,2,tape
7f33e550-caa2-4718-8bf5-d73d0adb010b,2017,RICHARD BLUMENTHAL,2,tape
2b07ac8b-6341-4450-9a12-ed0ad3fe7b8d,2017,RICHARD BLUMENTHAL,2,tape
664fa42a-d3e1-4871-8ed5-235d0ceec62a,2017,RICHARD BLUMENTHAL,2,tape
c4c250b9-083f-4442-82b6-08581cb76920,2017,RICHARD M BURR,1,tape
db4af494-3532-4c8f-a099-39d3e2a07c9f,2017,RICHARD M BURR,1,tape
1a835b25-69c9-4c0c-bb0f-e7ac31c19500,2017,RICHARD M BURR,1,tape
96a5eaf7-ab66-4a83-911a-a37e3906ba61,2017,RICHARD M BURR,1,tape
02115eab-aba8-4e16-8a4d-1257cafedddf,2017,RICHARD M BURR,1,tape
5dbb5d86-f003-4d88-a2ad-e5da36d1a15f,2017,RICHARD M BURR,1,tape
9a6fcfb0-d5a6-4a7e-a3a3-c75762f45a1b,2017,RICHARD M BURR,1,tape
a2477232-c5fa-4c38-86cc-eadb5ecb1e17,2017,RICHARD M BURR,1,tape
ee85ef14-49ff-4993-a978-db7709f47001,2017,RICHARD M BURR,1,tape
7ef08199-6651-4983-b6be-6f14b79d0d57,2017,RICHARD M BURR,5,tape
d6eb8e77-422a-4fb1-be4f-1aa459ecf7c1,2017,RICHARD M BURR,3,annexe_courtier
5e61d29a-0e35-470b-8b05-1ae9a7a429c6,2017,RICHARD M BURR,5,annexe_courtier
9ffd8283-0989-4c9b-b44d-806a4cf971a2,2017,RICHARD M BURR,3,annexe_courtier
a6b2098c-c0aa-44b8-b976-a007ec1f7b29,2017,RICHARD M BURR,3,tape
9e2b10a9-ec60-4642-bfb3-bfbe3f4a81ab,2017,RICHARD M BURR,13,tape
271a3069-d7e5-42c3-8c9e-75256012717f,2017,RICHARD M BURR,3,annexe_courtier
aa2d3d72-8f88-4eab-8192-b9c7276ae718,2018,DIANNE FEINSTEIN,4,tape
1278718c-4552-46f1-9b33-e7972215b1dd,2018,DIANNE FEINSTEIN,4,tape
60f60b4f-0b5d-4090-82a8-b0800110d21e,2018,DIANNE FEINSTEIN,1,tape
4b384664-d12b-465b-8219-c910566adf06,2018,DIANNE FEINSTEIN,2,tape
00b68ed0-107b-4837-b3b2-2587158cf9dc,2018,DIANNE FEINSTEIN,2,tape
9eaa5a59-b8a5-44ae-b77b-5cc7cf2a8076,2018,DIANNE FEINSTEIN,2,tape
aa258eda-0256-4ec9-bcc2-b03f7ff9228f,2018,DIANNE FEINSTEIN,1,tape
1bae21d6-4cec-4c77-9a14-d52256f5ea57,2018,DIANNE FEINSTEIN,1,tape
7d534d16-8f7d-4ef1-8be2-a1d815c9d708,2018,DIANNE FEINSTEIN,3,tape
9ac5f227-4b29-480d-9221-4f5468fef9fc,2018,DIANNE FEINSTEIN,3,tape
298d2c2a-63ac-4d94-8be4-3717a336f30c,2018,DIANNE FEINSTEIN,5,tape
c8cb0053-985a-4619-b522-b8d627e3e4ee,2018,DIANNE FEINSTEIN,3,tape
cc424d65-f559-40ae-9caf-645f7a1fbfc0,2018,JAMES M INHOFE,1,cas_a_part
3e144655-b182-41f0-92ec-63388c3e62b7,2018,JOHN BOOZMAN,2,annexe_courtier
5c8025e9-c8bb-4f1e-a476-19331fe8f348,2018,JOHN BOOZMAN,2,annexe_courtier
6dcf9d5b-80eb-4ed8-b5f7-4b2f52a14200,2018,JOHN BOOZMAN,2,annexe_courtier
0ae483c8-5984-4df3-b793-86c6902d8969,2018,JOHN BOOZMAN,2,annexe_courtier
e195317b-6b9c-4f37-83e7-446cb67ce99e,2018,JOHN BOOZMAN,2,tape
383fb792-fd57-44fb-a8d6-46909a496b33,2018,JOHN BOOZMAN,2,annexe_courtier
b046cfbb-d34c-412a-bbfd-0c1998b43be1,2018,JOHN BOOZMAN,2,manuscrit
e194954a-ab04-4284-9d79-c830631d348d,2018,JOHN BOOZMAN,2,annexe_courtier
c2888db8-8e5e-4384-97cb-818c5b63268d,2018,JOHN BOOZMAN,2,annexe_courtier
9604cc5c-4cc3-4f3e-8c2d-11199e4ce90f,2018,JOHN BOOZMAN,2,annexe_courtier
058d2627-f241-431d-a70f-fd71f9168924,2018,JOHN BOOZMAN,2,annexe_courtier
e24251ff-2099-453b-9578-470590cb971f,2018,RICHARD BLUMENTHAL,2,tape
6a259a17-8da7-4e6c-bcec-68d10e497c0e,2018,RICHARD BLUMENTHAL,2,tape
298ebe23-17e0-41d0-9e5c-c398ae350857,2018,RICHARD BLUMENTHAL,4,tape
3527564d-67d0-43f7-9d70-02067a55e2fb,2018,RICHARD BLUMENTHAL,2,tape
70abcb59-ae68-44bc-a8db-7ccc5673c5af,2018,RICHARD BLUMENTHAL,3,tape
39aa7199-9987-407f-8d8e-2ed7a49d0339,2018,RICHARD BLUMENTHAL,2,tape
d7a56259-f5b0-4861-9a38-14050c49ba96,2018,RICHARD BLUMENTHAL,2,tape
d53321ee-78d6-40dd-9011-40b0defe14cb,2018,RICHARD BLUMENTHAL,3,tape
b3ad2c88-ec0f-490b-bfca-7d3d127f78ee,2018,RICHARD BLUMENTHAL,3,tape
92de2283-fef4-4f5c-bead-956ceb88688d,2018,RICHARD BLUMENTHAL,3,tape
b592b168-6ec8-4ea4-b153-cd3148404c2e,2018,RICHARD BLUMENTHAL,2,tape
a9376ef3-2a48-4543-94ec-eea5b522bffd,2018,RICHARD M BURR,2,tape
39c78342-f5e4-47eb-83fd-2e101e8c1724,2018,RICHARD M BURR,1,cas_a_part
0a9a1209-6dc7-499b-be11-847b557c833d,2018,RICHARD M BURR,1,tape
c413b08c-f70d-41d1-a7b8-ea38a00f6d18,2018,RICHARD M BURR,1,tape
883ac04d-7b79-4949-9221-6ac7567d2558,2018,RICHARD M BURR,1,tape
673b04e0-fb5a-4234-ac4d-43f7d084b543,2018,RICHARD M BURR,3,annexe_courtier
b7f4ea2f-1dfe-4375-a408-7f7bbb1b2e19,2018,RICHARD M BURR,7,tape
81056250-5eb1-4dc1-9f31-97fd69b72182,2018,RICHARD M BURR,5,tape
2d0972d0-fd7d-472b-bc07-33863c26fddb,2018,RICHARD M BURR,3,annexe_courtier
c439145a-47b1-4146-8838-06cd744d649a,2018,RICHARD M BURR,1,tape
67ff37f6-b248-437f-bbcb-7cd5f6dfce78,2018,RICHARD M BURR,1,tape
e787a949-dba2-4b49-8d97-c27a8afce004,2018,RICHARD M BURR,1,tape
65284b1c-0849-4eb2-8c8c-73440c804edd,2018,RICHARD M BURR,1,annexe_courtier
84bdabd1-9e02-420a-937e-fc7906a75cc4,2018,RICHARD M BURR,1,tape
836382b4-f8ee-4061-aae7-e5b1f8032b9b,2018,RICHARD M BURR,1,tape
b87fa874-b6df-4b65-9f67-3d17b08db2ca,2019,DIANNE FEINSTEIN,4,tape
19ef112b-74fa-4106-bcaf-93591448b7a0,2019,DIANNE FEINSTEIN,1,tape
047cd045-9b5d-402a-aebe-5bef2fba6678,2019,DIANNE FEINSTEIN,1,tape
7766aa20-f944-43f8-8317-866a033c1d9d,2019,DIANNE FEINSTEIN,5,annexe_courtier
3a8bb122-7d18-4449-880a-1ed8df6dcca7,2019,DIANNE FEINSTEIN,3,tape
33f4d3b8-e8b0-40e0-850e-8e17368e1e47,2019,DIANNE FEINSTEIN,4,tape
400f71cc-d75f-4ae3-a7b1-cdf634cbd1b6,2019,DIANNE FEINSTEIN,5,tape
f87e5b8f-8752-4d07-a5a8-cd777a7e70bd,2019,DIANNE FEINSTEIN,7,tape
0d1cda01-6aae-49e1-9c70-b88fb6c86af8,2019,DIANNE FEINSTEIN,1,tape
dccff9e9-9249-4ec7-90fe-3be97fe0b199,2019,DIANNE FEINSTEIN,2,tape
7af87c4e-454a-4a3e-8097-6d27cf59c714,2019,DIANNE FEINSTEIN,1,tape
aaafdc5d-4641-4a0a-9f6c-31333bab4d6e,2019,DIANNE FEINSTEIN,2,annexe_courtier
dc7026aa-e4d5-481c-9846-270e41a8f72c,2019,JOHN BOOZMAN,2,annexe_courtier
23a66446-0a5f-4f04-8e57-da53c701b4c2,2019,JOHN BOOZMAN,2,annexe_courtier
6d562c3e-4be9-4811-8759-fef6c3fa0a40,2019,JOHN BOOZMAN,3,annexe_courtier
1146e634-4ae6-4bfd-b507-9aaae89fa796,2019,JOHN BOOZMAN,2,annexe_courtier
c075c149-8a56-4afd-9c75-0ad24eb084a0,2019,JOHN BOOZMAN,2,annexe_courtier
9df8ad03-172a-43eb-80f4-b6f311b2aa41,2019,JOHN BOOZMAN,2,tape
df5cc344-2da5-471d-9470-be7ecc4d742f,2019,JOHN BOOZMAN,2,annexe_courtier
7f0d501b-72c9-40f5-bd07-f76d6aed289d,2019,JOHN BOOZMAN,2,annexe_courtier
d26e9de9-163b-451f-ae32-fab6e211e5d0,2019,JOHN BOOZMAN,2,annexe_courtier
444cd62d-7b2a-4745-bc27-0e09aa671956,2019,JOHN BOOZMAN,3,annexe_courtier
73d356d2-b803-4997-b6d4-8f74c32134f9,2019,RICHARD BLUMENTHAL,2,tape
b7efa216-68b7-412b-9ca9-a491afc231ff,2019,RICHARD BLUMENTHAL,2,tape
fc91143a-9848-4936-b404-9a78972a57ca,2019,RICHARD BLUMENTHAL,2,manuscrit
5dbceca2-e2ab-4520-8580-4a2ebe968f47,2019,RICHARD BLUMENTHAL,3,annexe_courtier
573468dc-d6e1-4873-a3e8-cfbb9f3bb958,2019,RICHARD BLUMENTHAL,2,tape
c5663e35-5503-41f1-af29-d1647866c41e,2019,RICHARD BLUMENTHAL,2,tape
1f722e86-cc10-49b9-8dcc-62fb6251fc5f,2019,RICHARD BLUMENTHAL,3,tape
4fced9a8-70f9-4a26-bd65-f4537ccb4a09,2019,RICHARD BLUMENTHAL,2,tape
9bd241d9-dfd9-4c0d-ba26-293762f60c7c,2019,RICHARD BLUMENTHAL,2,annexe_courtier
40f35e56-632b-4b9d-b28c-658419ca0d53,2019,RICHARD BLUMENTHAL,3,tape
59e4865b-0547-48e7-8f92-f0bc687b788b,2019,RICHARD BLUMENTHAL,2,tape
8e223aef-2f07-43cb-9af3-12914429aa46,2019,RICHARD BLUMENTHAL,2,annexe_courtier
af36bd7e-37df-423b-9d5f-95d40eec8ee7,2019,RICHARD BLUMENTHAL,2,tape
dc2d7218-f412-4aa0-af59-1f7790502c43,2019,RICHARD M BURR,1,tape
ae296441-8769-4000-90eb-7c73987593e0,2019,RICHARD M BURR,1,tape
e4610adc-4743-470f-a267-232d0fd1d34f,2019,RICHARD M BURR,1,tape
b93a26ef-d98b-4b8c-95ef-e7a870df27fc,2019,RICHARD M BURR,2,tape
ba0e05ef-d738-40db-9219-0b18d6cf4323,2019,RICHARD M BURR,1,tape
81392e16-9a75-4017-843e-2c8f43b7a102,2019,RICHARD M BURR,1,tape
956fba46-eace-4066-90dd-175fcb34e271,2019,RICHARD M BURR,1,tape
dcc03a94-7b6c-4a79-9b6d-f1ca8f4a7307,2019,RICHARD M BURR,1,tape
2e18b058-5d98-4ccc-bc0f-6c29c21defd6,2019,RICHARD M BURR,1,tape
6ba5ea80-a974-49c8-b86e-79d0e79b8b20,2019,RICHARD M BURR,1,tape
7761ed3b-b504-4431-ba82-09f9e5c22c65,2019,RICHARD M BURR,1,annexe_courtier
d5aedac2-a021-4f33-9142-721d3c82724f,2019,RICHARD M BURR,1,tape
5ba213ef-42a1-4517-bf32-5cc941a82d7c,2019,RICHARD M BURR,1,tape
1597ee5f-a104-4740-905e-753b67800a43,2019,RICHARD M BURR,1,cas_a_part
644865e7-929f-424c-add9-42b199bf3280,2019,RICHARD M BURR,1,tape
8fa0d41f-828d-4849-9e45-4e66fe164d3b,2019,RICHARD M BURR,1,tape
8a404fb9-609e-48c0-a67f-6337f88f6652,2019,RICHARD M BURR,1,tape
f45a6e12-e24c-4fac-8ced-3d704a179559,2020,DIANNE FEINSTEIN,1,tape
6e153093-081b-41b1-9c3e-3a1512de56f2,2020,DIANNE FEINSTEIN,1,tape
a755855f-e352-456b-9811-857d279eb269,2020,DIANNE FEINSTEIN,1,tape
df06d95e-953b-47fa-8f17-252a2b388bfe,2020,DIANNE FEINSTEIN,1,tape
4c78ce9f-d842-4f36-9102-48e43377166b,2020,DIANNE FEINSTEIN,1,tape
680b4c2d-8eea-48c5-b79e-df2754e37ac4,2020,DIANNE FEINSTEIN,1,tape
1a861004-b7f4-4dbd-9186-60bc49286562,2020,DIANNE FEINSTEIN,1,tape
7ce788ae-dbe0-46b2-ac9a-a1aa5a4ff62d,2020,JOHN BOOZMAN,2,annexe_courtier
dfeac24c-e61d-4732-b200-ccae42657df2,2020,JOHN BOOZMAN,2,annexe_courtier
19b4badb-691c-451d-90a1-5f8e68c3750d,2020,JOHN BOOZMAN,2,annexe_courtier
05ee8aed-9bbc-48ba-9cb5-037e8f1c7d3b,2020,JOHN BOOZMAN,2,annexe_courtier
7aa0d20c-a400-4326-8aca-5bdc8e5c5797,2020,JOHN BOOZMAN,2,annexe_courtier
31e8128b-93b6-4a0d-88b2-2c54c6e802fc,2020,JOHN BOOZMAN,2,annexe_courtier
8104804b-208a-49ca-8089-7d270a4b2bfa,2020,JOHN BOOZMAN,2,annexe_courtier
9cb7a5dd-bf30-48d2-8e73-58e980b9c203,2020,JOHN BOOZMAN,2,annexe_courtier
d145efef-1925-4ec2-b435-118c9a57a394,2020,JOHN BOOZMAN,2,annexe_courtier
7b9582d4-6a8b-4f49-8100-f43c0537a561,2020,JOHN BOOZMAN,3,annexe_courtier
dbc1c728-6fe4-49d7-809b-d1c79f7b1376,2020,RICHARD BLUMENTHAL,2,tape
2a123633-1454-49ff-8c3b-c4028372a119,2020,RICHARD BLUMENTHAL,3,tape
53a76d97-d1c7-4c80-999a-99d12987979b,2020,RICHARD BLUMENTHAL,4,tape
de3406b8-6047-4f08-8c2e-2f20aa280112,2020,RICHARD BLUMENTHAL,2,tape
196d2697-baa7-43ed-bbd2-f35823eae0f8,2020,RICHARD BLUMENTHAL,2,tape
5222f3bf-d740-4457-b3b9-190e56485109,2020,RICHARD BLUMENTHAL,3,tape
3b996061-cdb5-4066-a963-64b23988ad02,2020,RICHARD BLUMENTHAL,3,tape
e27fd07d-ed8f-4d3e-b825-81e9bfceda1f,2020,RICHARD BLUMENTHAL,2,tape
ae9950be-f385-4c4f-b70a-caa5e1602966,2020,RICHARD BLUMENTHAL,3,tape
bcf4205f-7df0-48c9-b51e-25c5b99b2bd2,2020,RICHARD BLUMENTHAL,2,tape
8da9c843-54ce-4d2e-ac32-74b2153ec020,2020,RICHARD BLUMENTHAL,3,tape
c3471d47-b8ef-4f81-95a4-296a440b2ddc,2020,RICHARD BLUMENTHAL,2,tape
03b9dc2b-2e00-44ed-8b2f-cfc729313f92,2020,RICHARD BLUMENTHAL,3,cas_a_part
fe49d68d-e344-4c64-a621-4ea77d59eb47,2020,RICHARD M BURR,1,tape
156b69ba-6f48-4a32-b796-707093c476c6,2020,RICHARD M BURR,3,tape
c5ce97f8-72c9-4067-b789-34b656af4fb4,2020,RICHARD M BURR,1,tape
37bcc48e-e4b7-42b4-b33c-e4b8e126fb7a,2021,DIANNE FEINSTEIN,2,tape
8df50107-62ea-45a1-87db-ee144cc3f568,2021,JOHN BOOZMAN,2,annexe_courtier
366d62bd-723c-4708-8d48-aa636fed35bb,2021,JOHN BOOZMAN,1,annexe_courtier
de267ca2-8849-4bd9-a6a5-2ac1358b7d24,2021,JOHN BOOZMAN,1,manuscrit
d40c72ed-6239-4214-a20a-f576b9628901,2021,JOHN BOOZMAN,2,annexe_courtier
1f256949-caed-40d5-8076-d9243221bbc4,2021,JOHN BOOZMAN,2,annexe_courtier
4716d538-d7d0-4146-8ed3-d619366db4da,2021,JOHN BOOZMAN,4,annexe_courtier
6b110b5f-e060-4d6d-b1c2-b14d8442d03c,2021,JOHN BOOZMAN,2,tape
612be9f2-83b7-4ae3-b107-458dd493b516,2021,JOHN BOOZMAN,1,manuscrit
5afb1535-000b-4e84-b8ad-908381f5ac2a,2021,JOHN BOOZMAN,2,annexe_courtier
f276f338-ccee-4392-bb95-f55fd8b57f24,2021,JOHN BOOZMAN,2,annexe_courtier
ba1163f0-8d19-41a2-8745-83028a346a62,2021,JOHN BOOZMAN,4,annexe_courtier
ec4d0d90-b4a7-4fb8-a1ac-bbcfd1c3ad6a,2021,RICHARD BLUMENTHAL,2,tape
a84b299c-20ca-4f6d-8987-a23c5f5bcf54,2021,RICHARD BLUMENTHAL,3,tape
e924e7a1-7b11-4bf6-85e0-2238bce7fb0f,2021,RICHARD BLUMENTHAL,2,tape
f37321cd-cd47-443b-8687-4093e9bd5a15,2021,RICHARD BLUMENTHAL,2,tape
58e7336b-77cd-491f-99ea-6bd8d2def825,2021,RICHARD BLUMENTHAL,5,tape
7d15a892-ceff-43c2-acd3-092d7a240de6,2021,RICHARD BLUMENTHAL,2,tape
f0f1cd53-d159-42e8-89fc-c86fc7a7a68c,2021,RICHARD BLUMENTHAL,8,tape
a68e9328-7725-42ef-8f34-32fb4139270f,2021,RICHARD BLUMENTHAL,3,tape
f22c2d87-4f73-4469-8fcc-02c9567c6707,2021,RICHARD BLUMENTHAL,3,tape
c83ebe60-e64e-47a2-a63c-1b219ec7a404,2021,RICHARD M BURR,1,tape
676e1821-b88d-46d9-ab48-15363c5b8405,2022,DIANNE FEINSTEIN,1,annexe_courtier
2a393d64-8daa-4b4b-9fe0-82923c3b0544,2022,JOHN BOOZMAN,2,annexe_courtier
6b63ba3f-2f97-4e8e-8e64-4043d29fe10e,2022,JOHN BOOZMAN,2,annexe_courtier
5d1db106-16dc-4cfa-bbdd-bca6f03dd5bd,2022,JOHN BOOZMAN,2,annexe_courtier
56ee8988-3c92-4408-a148-e65a0f4c3576,2022,JOHN BOOZMAN,2,annexe_courtier
0c238ab7-cc33-40bd-b590-71b96409887e,2022,JOHN BOOZMAN,2,annexe_courtier
bf71ee8a-8362-4e9d-833b-145c63d97f82,2022,JOHN BOOZMAN,2,annexe_courtier
a2384543-f25f-427f-8935-853f6c6dcfd7,2022,JOHN BOOZMAN,2,annexe_courtier
008c8224-f7ef-4a01-8cd2-8b92ca71d0c5,2022,JOHN BOOZMAN,2,annexe_courtier
7e2a5d00-362a-45fb-9c24-c9ca9f1944c3,2022,JOHN BOOZMAN,2,annexe_courtier
c6ad481e-9a51-4593-8d24-40b5ad87fe7c,2022,JOHN BOOZMAN,2,annexe_courtier
e02847b3-30f1-40ae-90f0-f87752f56472,2022,RICHARD BLUMENTHAL,4,tape
7f733a14-a6be-4cc1-af27-c4f059fedb3f,2022,RICHARD BLUMENTHAL,4,tape
77237d34-d0f2-4336-a25c-91fd0b107e14,2022,RICHARD BLUMENTHAL,2,tape
802a6462-e067-42f3-b3d3-6a2071b21198,2022,RICHARD BLUMENTHAL,3,tape
23551b1d-69dc-4622-9c3c-304ba11d4047,2022,RICHARD BLUMENTHAL,3,tape
19d089ab-729e-4b52-95c4-585a9b085b55,2022,RICHARD BLUMENTHAL,3,tape
01d98c63-1737-4bfd-b6eb-1e429dc16c1b,2022,RICHARD BLUMENTHAL,3,tape
accadeb3-5ecf-4be2-a460-95b8888ae4ba,2022,RICHARD BLUMENTHAL,4,tape
ab1c52c9-9881-4142-81a1-4081210c40a0,2023,JOHN BOOZMAN,4,annexe_courtier
85d6ffc4-9aab-4548-ae3a-439fb20a9ccc,2023,JOHN BOOZMAN,2,annexe_courtier
7ec5049f-bfd4-4402-b516-1bdc2f50147f,2023,JOHN BOOZMAN,2,annexe_courtier
c96aed47-2270-43fd-b4be-3a06edc428df,2023,JOHN BOOZMAN,2,annexe_courtier
7dfcd5fd-ae2e-4a52-8f54-bcfe1c4599ef,2023,JOHN BOOZMAN,2,annexe_courtier
4df8548a-b058-4538-b273-ede087597a28,2023,JOHN BOOZMAN,2,annexe_courtier
8372e04b-ed41-41f2-a780-f4ce4db9cac0,2023,RICHARD BLUMENTHAL,2,tape
7ebf3c9c-8caf-4b75-8150-e0975727eed8,2023,RICHARD BLUMENTHAL,2,tape
f805b510-6697-47ac-a54c-91449afcc3be,2023,RICHARD BLUMENTHAL,2,tape
5e3f0c2c-fff4-46b0-b29b-a6fe3fc87b61,2023,RICHARD BLUMENTHAL,2,tape
45b4a191-b18e-4a4b-89cd-d92bc5edd777,2023,RICHARD BLUMENTHAL,2,tape
feaa20dd-677f-40a4-ba7d-e0d64a61b665,2023,RICHARD BLUMENTHAL,3,tape
db14ceb9-7925-489e-99b2-003f5850eab4,2023,RICHARD BLUMENTHAL,2,tape
5b864c4e-fadf-49af-bdb0-e4cb3db38d21,2023,RICHARD BLUMENTHAL,2,manuscrit
e88a2069-7bc6-4635-ae19-37fbd533a3f1,2023,RICHARD BLUMENTHAL,2,manuscrit
3b1affbf-2359-4fef-980d-1d2600cb8731,2024,JOHN FETTERMAN,2,tape
7d8d619e-cbcb-4fec-9146-d4bbd7b87c3a,2024,RICHARD BLUMENTHAL,4,tape
9af2d969-8530-41e5-bba4-fbdfa7dce896,2024,RICHARD BLUMENTHAL,2,tape
fde3b4a5-78ab-4ec7-a0a1-fc462d39649a,2024,RICHARD BLUMENTHAL,3,tape
d7e2b033-3bb4-4877-95fc-497264e9e0ce,2024,RICHARD BLUMENTHAL,2,tape
c6b29455-39fd-4033-93fe-f9b1d69c9751,2024,RICHARD BLUMENTHAL,3,tape
520e479e-3586-4de5-a16b-cb7c22414594,2024,RICHARD BLUMENTHAL,3,tape
2cd90465-7aef-4f33-881a-57cbf4f439ef,2024,RICHARD BLUMENTHAL,2,tape
3c3b2fe8-c1ea-4d84-b986-a4484cbead80,2024,RICHARD BLUMENTHAL,2,tape
2842ecf5-a3c9-4263-a25b-cb6ddde63186,2024,RICHARD BLUMENTHAL,2,tape
75a6a5f9-4076-45df-bd8e-6b884f7a2a2a,2024,RICHARD BLUMENTHAL,2,tape
9a6471ce-564f-4f65-8a3d-2c12370bf870,2024,RICHARD BLUMENTHAL,2,tape
9335e60a-450c-464e-8452-8602eec4d2ad,2024,RICHARD BLUMENTHAL,2,tape
0663c4d9-f5f8-43d4-81d3-6d46b49d4dfd,2024,RICHARD BLUMENTHAL,2,annexe_courtier
13a0fc2a-bbbb-4c1b-b380-d315e198d2a3,2025,RICHARD BLUMENTHAL,5,tape
16afdd38-c0ec-4e37-bc05-cbd82901b43f,2025,RICHARD BLUMENTHAL,4,tape
4728c5fd-8bbd-43f7-a028-d17cfb8008dc,2025,RICHARD BLUMENTHAL,4,tape
19dc3e18-b10f-465d-8f37-117ab78a8d0b,2025,RICHARD BLUMENTHAL,4,tape
e63995b3-352b-4cf8-ac61-ae05cfa7553b,2025,RICHARD BLUMENTHAL,4,tape
e08ef39c-87e8-4381-9f92-41218ecc7cd4,2025,RICHARD BLUMENTHAL,5,tape
387cefb6-11f7-4871-89ef-5bad61124584,2025,RICHARD BLUMENTHAL,6,tape
05ec5023-a80c-47ce-8f1c-02494ac41ba3,2025,RICHARD BLUMENTHAL,6,tape
09694768-3b1e-4af0-8b46-8521c00cbd96,2025,RICHARD BLUMENTHAL,4,tape
85d70f0a-406a-40e1-80bb-bd9fbdf4d360,2025,RICHARD BLUMENTHAL,2,tape
f8c167e9-090d-471d-81c9-f8c7366420d1,2025,RICHARD BLUMENTHAL,1,tape
db518e1a-cc0c-4d04-95c9-f22f1c1a1e36,2025,RICHARD BLUMENTHAL,3,tape
69b40e20-ff5a-45cd-92cb-a24035f53f33,2025,RICHARD BLUMENTHAL,4,tape
95c54ecf-69b7-47d2-8cc9-e68dac2db254,2025,RICHARD BLUMENTHAL,3,tape
ee360a8f-8d24-4dd3-8176-652d7ec64d3c,2025,RICHARD BLUMENTHAL,2,tape
a3722489-195c-4554-8ad0-d32981aa2f61,2025,RICHARD BLUMENTHAL,5,tape
d5562ad3-9789-426c-9ba9-a056e09d62c1,2025,RICHARD BLUMENTHAL,4,tape
8e8ae815-6d8b-4330-8aa0-da89ab2e2ca0,2025,RICHARD BLUMENTHAL,5,annexe_courtier
14607985-10ba-44a3-bd64-9840e003b06e,2025,RICHARD BLUMENTHAL,4,tape
d7d35e4a-545e-4215-a318-f90031461bc3,2025,RICHARD BLUMENTHAL,2,annexe_courtier
4fbbf6be-25c1-4589-bda0-95b5295c4107,2025,RICHARD BLUMENTHAL,5,tape
a0d25e8f-fe54-4328-a7ea-504da008742b,2026,RICHARD BLUMENTHAL,7,tape
d02263c3-381d-4ee9-8d84-2c44d9baa59e,2026,RICHARD BLUMENTHAL,5,tape
f028d2ce-4ab7-41a8-a67a-91675b6941d7,2026,RICHARD BLUMENTHAL,6,tape
d337c392-e0aa-428e-be93-44a327b90d08,2026,RICHARD BLUMENTHAL,6,tape
068274e1-4b7a-4453-a242-563dde4c10d8,2026,RICHARD BLUMENTHAL,5,tape
f873aeb4-adbb-4934-a188-79416a2e4c76,2026,RICHARD BLUMENTHAL,5,tape
