doc_id,last,first,filing_type,state_district,filing_date_raw,disclosure_date,declarant_name,url_pdf
9115214,Abraham,Ralph Lee,P,LA05,8/1/2019,2019-08-01,Ralph Lee Abraham,https://disclosures-clerk.house.gov/public_disc/ptr-pdfs/2019/9115214.pdf
20011070,Amash,Justin,P,MI03,1/29/2019,2019-01-29,Justin Amash,https://disclosures-clerk.house.gov/public_disc/ptr-pdfs/2019/20011070.pdf
20011679,Amash,Justin,P,MI03,5/14/2019,2019-05-14,Justin Amash,https://disclosures-clerk.house.gov/public_disc/ptr-pdfs/2019/20011679.pdf
9114410,Beatty,Joyce,P,OH03,2/21/2019,2019-02-21,Joyce Beatty,https://disclosures-clerk.house.gov/public_disc/ptr-pdfs/2019/9114410.pdf
9115041,Beatty,Joyce,P,OH03,6/12/2019,2019-06-12,Joyce Beatty,https://disclosures-clerk.house.gov/public_disc/ptr-pdfs/2019/9115041.pdf
20012722,Beyer,Donald Sternoff,P,VA08,12/7/2019,2019-12-07,Donald Sternoff Beyer,https://disclosures-clerk.house.gov/public_disc/ptr-pdfs/2019/20012722.pdf
20012723,Beyer,Donald Sternoff,P,VA08,12/14/2019,2019-12-14,Donald Sternoff Beyer,https://disclosures-clerk.house.gov/public_disc/ptr-pdfs/2019/20012723.pdf
9115481,Bilirakis,Gus M.,P,FL12,10/17/2019,2019-10-17,Gus M. Bilirakis,https://disclosures-clerk.house.gov/public_disc/ptr-pdfs/2019/9115481.pdf
8216873,Bilirakis,Gus M.,P,FL12,1/9/2020,2020-01-09,Gus M. Bilirakis,https://disclosures-clerk.house.gov/public_disc/ptr-pdfs/2019/8216873.pdf
20010974,Blum,Rodney Leland,P,IA01,1/8/2019,2019-01-08,Rodney Leland Blum,https://disclosures-clerk.house.gov/public_disc/ptr-pdfs/2019/20010974.pdf
20011017,Blumenauer,Earl,P,OR03,1/16/2019,2019-01-16,Earl Blumenauer,https://disclosures-clerk.house.gov/public_disc/ptr-pdfs/2019/20011017.pdf
20011134,Blumenauer,Earl,P,OR03,2/11/2019,2019-02-11,Earl Blumenauer,https://disclosures-clerk.house.gov/public_disc/ptr-pdfs/2019/20011134.pdf
20011241,Blumenauer,Earl,P,OR03,3/4/2019,2019-03-04,Earl Blumenauer,https://disclosures-clerk.house.gov/public_disc/ptr-pdfs/2019/20011241.pdf
9114448,Blumenauer,Earl,P,OR03,3/7/2019,2019-03-07,Earl Blumenauer,https://disclosures-clerk.house.gov/public_disc/ptr-pdfs/2019/9114448.pdf
20011312,Blumenauer,Earl,P,OR03,3/18/2019,2019-03-18,Earl Blumenauer,https://disclosures-clerk.house.gov/public_disc/ptr-pdfs/2019/20011312.pdf
20011455,Blumenauer,Earl,P,OR03,4/11/2019,2019-04-11,Earl Blumenauer,https://disclosures-clerk.house.gov/public_disc/ptr-pdfs/2019/20011455.pdf
20011632,Blumenauer,Earl,P,OR03,5/8/2019,2019-05-08,Earl Blumenauer,https://disclosures-clerk.house.gov/public_disc/ptr-pdfs/2019/20011632.pdf
20011790,Blumenauer,Earl,P,OR03,6/4/2019,2019-06-04,Earl Blumenauer,https://disclosures-clerk.house.gov/public_disc/ptr-pdfs/2019/20011790.pdf
20011791,Blumenauer,Earl,P,OR03,6/4/2019,2019-06-04,Earl Blumenauer,https://disclosures-clerk.house.gov/public_disc/ptr-pdfs/2019/20011791.pdf
20011929,Blumenauer,Earl,P,OR03,7/3/2019,2019-07-03,Earl Blumenauer,https://disclosures-clerk.house.gov/public_disc/ptr-pdfs/2019/20011929.pdf
20012114,Blumenauer,Earl,P,OR03,8/6/2019,2019-08-06,Earl Blumenauer,https://disclosures-clerk.house.gov/public_disc/ptr-pdfs/2019/20012114.pdf
20012263,Blumenauer,Earl,P,OR03,9/4/2019,2019-09-04,Earl Blumenauer,https://disclosures-clerk.house.gov/public_disc/ptr-pdfs/2019/20012263.pdf
20012474,Blumenauer,Earl,P,OR03,10/16/2019,2019-10-16,Earl Blumenauer,https://disclosures-clerk.house.gov/public_disc/ptr-pdfs/2019/20012474.pdf
20012604,Blumenauer,Earl,P,OR03,11/13/2019,2019-11-13,Earl Blumenauer,https://disclosures-clerk.house.gov/public_disc/ptr-pdfs/2019/20012604.pdf
20012670,Blumenauer,Earl,P,OR03,11/25/2019,2019-11-25,Earl Blumenauer,https://disclosures-clerk.house.gov/public_disc/ptr-pdfs/2019/20012670.pdf
20012709,Blumenauer,Earl,P,OR03,12/6/2019,2019-12-06,Earl Blumenauer,https://disclosures-clerk.house.gov/public_disc/ptr-pdfs/2019/20012709.pdf
20011115,Blunt Rochester,Lisa,P,DE00,2/19/2019,2019-02-19,Lisa Blunt Rochester,https://disclosures-clerk.house.gov/public_disc/ptr-pdfs/2019/20011115.pdf
20011543,Blunt Rochester,Lisa,P,DE00,4/26/2019,2019-04-26,Lisa Blunt Rochester,https://disclosures-clerk.house.gov/public_disc/ptr-pdfs/2019/20011543.pdf
20011243,Brooks,Mo,P,AL05,3/4/2019,2019-03-04,Mo Brooks,https://disclosures-clerk.house.gov/public_disc/ptr-pdfs/2019/20011243.pdf
20011369,Brooks,Mo,P,AL05,4/1/2019,2019-04-01,Mo Brooks,https://disclosures-clerk.house.gov/public_disc/ptr-pdfs/2019/20011369.pdf
20011659,Brooks,Mo,P,AL05,5/11/2019,2019-05-11,Mo Brooks,https://disclosures-clerk.house.gov/public_disc/ptr-pdfs/2019/20011659.pdf
20011708,Brooks,Mo,P,AL05,5/20/2019,2019-05-20,Mo Brooks,https://disclosures-clerk.house.gov/public_disc/ptr-pdfs/2019/20011708.pdf
20012115,Brooks,Mo,P,AL05,8/6/2019,2019-08-06,Mo Brooks,https://disclosures-clerk.house.gov/public_disc/ptr-pdfs/2019/20012115.pdf
20012346,Brooks,Mo,P,AL05,9/20/2019,2019-09-20,Mo Brooks,https://disclosures-clerk.house.gov/public_disc/ptr-pdfs/2019/20012346.pdf
20012524,Brooks,Mo,P,AL05,10/30/2019,2019-10-30,Mo Brooks,https://disclosures-clerk.house.gov/public_disc/ptr-pdfs/2019/20012524.pdf
20011878,Brooks,Susan W.,P,IN05,6/25/2019,2019-06-25,Susan W. Brooks,https://disclosures-clerk.house.gov/public_disc/ptr-pdfs/2019/20011878.pdf
20012473,Brooks,Susan W.,P,IN05,10/21/2019,2019-10-21,Susan W. Brooks,https://disclosures-clerk.house.gov/public_disc/ptr-pdfs/2019/20012473.pdf
20011201,Buchanan,Vern,P,FL16,2/26/2019,2019-02-26,Vern Buchanan,https://disclosures-clerk.house.gov/public_disc/ptr-pdfs/2019/20011201.pdf
20011352,Buchanan,Vern,P,FL16,3/28/2019,2019-03-28,Vern Buchanan,https://disclosures-clerk.house.gov/public_disc/ptr-pdfs/2019/20011352.pdf
20011446,Buchanan,Vern,P,FL16,4/11/2019,2019-04-11,Vern Buchanan,https://disclosures-clerk.house.gov/public_disc/ptr-pdfs/2019/20011446.pdf
20011739,Buchanan,Vern,P,FL16,5/23/2019,2019-05-23,Vern Buchanan,https://disclosures-clerk.house.gov/public_disc/ptr-pdfs/2019/20011739.pdf
20012125,Buchanan,Vern,P,FL16,8/8/2019,2019-08-08,Vern Buchanan,https://disclosures-clerk.house.gov/public_disc/ptr-pdfs/2019/20012125.pdf
20012441,Buchanan,Vern,P,FL16,10/7/2019,2019-10-07,Vern Buchanan,https://disclosures-clerk.house.gov/public_disc/ptr-pdfs/2019/20012441.pdf
20013825,Buchanan,Vern,P,FL16,12/29/2019,2019-12-29,Vern Buchanan,https://disclosures-clerk.house.gov/public_disc/ptr-pdfs/2019/20013825.pdf
20011505,Bustos,Cheri,P,IL17,4/25/2019,2019-04-25,Cheri Bustos,https://disclosures-clerk.house.gov/public_disc/ptr-pdfs/2019/20011505.pdf
20011589,Bustos,Cheri,P,IL17,5/3/2019,2019-05-03,Cheri Bustos,https://disclosures-clerk.house.gov/public_disc/ptr-pdfs/2019/20011589.pdf
20012561,Bustos,Cheri,P,IL17,11/8/2019,2019-11-08,Cheri Bustos,https://disclosures-clerk.house.gov/public_disc/ptr-pdfs/2019/20012561.pdf
20011796,Carter,Earl Leroy,P,GA01,6/5/2019,2019-06-05,Earl Leroy Carter,https://disclosures-clerk.house.gov/public_disc/ptr-pdfs/2019/20011796.pdf
20012028,Carter,Earl Leroy,P,GA01,7/19/2019,2019-07-19,Earl Leroy Carter,https://disclosures-clerk.house.gov/public_disc/ptr-pdfs/2019/20012028.pdf
20012110,Carter,Earl Leroy,P,GA01,8/5/2019,2019-08-05,Earl Leroy Carter,https://disclosures-clerk.house.gov/public_disc/ptr-pdfs/2019/20012110.pdf
20012340,Carter,Earl Leroy,P,GA01,9/18/2019,2019-09-18,Earl Leroy Carter,https://disclosures-clerk.house.gov/public_disc/ptr-pdfs/2019/20012340.pdf
20012553,Carter,Earl Leroy,P,GA01,11/4/2019,2019-11-04,Earl Leroy Carter,https://disclosures-clerk.house.gov/public_disc/ptr-pdfs/2019/20012553.pdf
20011059,Castor,Kathy,P,FL14,1/29/2019,2019-01-29,Kathy Castor,https://disclosures-clerk.house.gov/public_disc/ptr-pdfs/2019/20011059.pdf
20012112,Castor,Kathy,P,FL14,8/6/2019,2019-08-06,Kathy Castor,https://disclosures-clerk.house.gov/public_disc/ptr-pdfs/2019/20012112.pdf
20012202,Castor,Kathy,P,FL14,8/21/2019,2019-08-21,Kathy Castor,https://disclosures-clerk.house.gov/public_disc/ptr-pdfs/2019/20012202.pdf
20011005,Chu,Judy,P,CA27,1/21/2019,2019-01-21,Judy Chu,https://disclosures-clerk.house.gov/public_disc/ptr-pdfs/2019/20011005.pdf
20011135,Chu,Judy,P,CA27,2/24/2019,2019-02-24,Judy Chu,https://disclosures-clerk.house.gov/public_disc/ptr-pdfs/2019/20011135.pdf
20011285,Chu,Judy,P,CA27,3/15/2019,2019-03-15,Judy Chu,https://disclosures-clerk.house.gov/public_disc/ptr-pdfs/2019/20011285.pdf
20011461,Chu,Judy,P,CA27,4/15/2019,2019-04-15,Judy Chu,https://disclosures-clerk.house.gov/public_disc/ptr-pdfs/2019/20011461.pdf
20011623,Chu,Judy,P,CA27,5/15/2019,2019-05-15,Judy Chu,https://disclosures-clerk.house.gov/public_disc/ptr-pdfs/2019/20011623.pdf
20011843,Chu,Judy,P,CA27,6/14/2019,2019-06-14,Judy Chu,https://disclosures-clerk.house.gov/public_disc/ptr-pdfs/2019/20011843.pdf
20012276,Chu,Judy,P,CA27,9/5/2019,2019-09-05,Judy Chu,https://disclosures-clerk.house.gov/public_disc/ptr-pdfs/2019/20012276.pdf
20012403,Chu,Judy,P,CA27,10/1/2019,2019-10-01,Judy Chu,https://disclosures-clerk.house.gov/public_disc/ptr-pdfs/2019/20012403.pdf
20013775,Chu,Judy,P,CA27,12/16/2019,2019-12-16,Judy Chu,https://disclosures-clerk.house.gov/public_disc/ptr-pdfs/2019/20013775.pdf
20011113,Cisneros,Gilbert,P,CA39,2/13/2019,2019-02-13,Gilbert Cisneros,https://disclosures-clerk.house.gov/public_disc/ptr-pdfs/2019/20011113.pdf
20011260,Cisneros,Gilbert,P,CA39,3/8/2019,2019-03-08,Gilbert Cisneros,https://disclosures-clerk.house.gov/public_disc/ptr-pdfs/2019/20011260.pdf
20011435,Cisneros,Gilbert,P,CA39,4/16/2019,2019-04-16,Gilbert Cisneros,https://disclosures-clerk.house.gov/public_disc/ptr-pdfs/2019/20011435.pdf
20011624,Cisneros,Gilbert,P,CA39,5/14/2019,2019-05-14,Gilbert Cisneros,https://disclosures-clerk.house.gov/public_disc/ptr-pdfs/2019/20011624.pdf
20011797,Cisneros,Gilbert,P,CA39,6/18/2019,2019-06-18,Gilbert Cisneros,https://disclosures-clerk.house.gov/public_disc/ptr-pdfs/2019/20011797.pdf
20011984,Cisneros,Gilbert,P,CA39,7/12/2019,2019-07-12,Gilbert Cisneros,https://disclosures-clerk.house.gov/public_disc/ptr-pdfs/2019/20011984.pdf
20012126,Cisneros,Gilbert,P,CA39,8/19/2019,2019-08-19,Gilbert Cisneros,https://disclosures-clerk.house.gov/public_disc/ptr-pdfs/2019/20012126.pdf
20012253,Cisneros,Gilbert,P,CA39,9/11/2019,2019-09-11,Gilbert Cisneros,https://disclosures-clerk.house.gov/public_disc/ptr-pdfs/2019/20012253.pdf
20012445,Cisneros,Gilbert,P,CA39,10/16/2019,2019-10-16,Gilbert Cisneros,https://disclosures-clerk.house.gov/public_disc/ptr-pdfs/2019/20012445.pdf
20012581,Cisneros,Gilbert,P,CA39,11/15/2019,2019-11-15,Gilbert Cisneros,https://disclosures-clerk.house.gov/public_disc/ptr-pdfs/2019/20012581.pdf
20012735,Cisneros,Gilbert,P,CA39,12/11/2019,2019-12-11,Gilbert Cisneros,https://disclosures-clerk.house.gov/public_disc/ptr-pdfs/2019/20012735.pdf
20011047,Clark,Katherine M.,P,MA05,1/22/2019,2019-01-22,Katherine M. Clark,https://disclosures-clerk.house.gov/public_disc/ptr-pdfs/2019/20011047.pdf
20011139,Clark,Katherine M.,P,MA05,2/12/2019,2019-02-12,Katherine M. Clark,https://disclosures-clerk.house.gov/public_disc/ptr-pdfs/2019/20011139.pdf
20011219,Clark,Katherine M.,P,MA05,2/28/2019,2019-02-28,Katherine M. Clark,https://disclosures-clerk.house.gov/public_disc/ptr-pdfs/2019/20011219.pdf
20011396,Clark,Katherine M.,P,MA05,4/4/2019,2019-04-04,Katherine M. Clark,https://disclosures-clerk.house.gov/public_disc/ptr-pdfs/2019/20011396.pdf
20011897,Clark,Katherine M.,P,MA05,6/26/2019,2019-06-26,Katherine M. Clark,https://disclosures-clerk.house.gov/public_disc/ptr-pdfs/2019/20011897.pdf
20011920,Clark,Katherine M.,P,MA05,7/2/2019,2019-07-02,Katherine M. Clark,https://disclosures-clerk.house.gov/public_disc/ptr-pdfs/2019/20011920.pdf
20012035,Clark,Katherine M.,P,MA05,7/22/2019,2019-07-22,Katherine M. Clark,https://disclosures-clerk.house.gov/public_disc/ptr-pdfs/2019/20012035.pdf
20012084,Clark,Katherine M.,P,MA05,7/31/2019,2019-07-31,Katherine M. Clark,https://disclosures-clerk.house.gov/public_disc/ptr-pdfs/2019/20012084.pdf
20012292,Clark,Katherine M.,P,MA05,9/10/2019,2019-09-10,Katherine M. Clark,https://disclosures-clerk.house.gov/public_disc/ptr-pdfs/2019/20012292.pdf
20012400,Clark,Katherine M.,P,MA05,10/1/2019,2019-10-01,Katherine M. Clark,https://disclosures-clerk.house.gov/public_disc/ptr-pdfs/2019/20012400.pdf
20012739,Clark,Katherine M.,P,MA05,12/11/2019,2019-12-11,Katherine M. Clark,https://disclosures-clerk.house.gov/public_disc/ptr-pdfs/2019/20012739.pdf
20010976,Cohen,Steve,P,TN09,1/8/2019,2019-01-08,Steve Cohen,https://disclosures-clerk.house.gov/public_disc/ptr-pdfs/2019/20010976.pdf
20011935,Cohen,Steve,P,TN09,7/3/2019,2019-07-03,Steve Cohen,https://disclosures-clerk.house.gov/public_disc/ptr-pdfs/2019/20011935.pdf
20012306,Cohen,Steve,P,TN09,9/12/2019,2019-09-12,Steve Cohen,https://disclosures-clerk.house.gov/public_disc/ptr-pdfs/2019/20012306.pdf
9114564,Cole,Tom,P,OK04,4/29/2019,2019-04-29,Tom Cole,https://disclosures-clerk.house.gov/public_disc/ptr-pdfs/2019/9114564.pdf
9114799,Cole,Tom,P,OK04,5/22/2019,2019-05-22,Tom Cole,https://disclosures-clerk.house.gov/public_disc/ptr-pdfs/2019/9114799.pdf
8216871,Comer,James,P,KY01,1/10/2020,2020-01-10,James Comer,https://disclosures-clerk.house.gov/public_disc/ptr-pdfs/2019/8216871.pdf
20010925,Comstock,Barbara J Honorable,P,VA10,1/1/2019,2019-01-01,Barbara J Honorable Comstock,https://disclosures-clerk.house.gov/public_disc/ptr-pdfs/2019/20010925.pdf
20010922,Conaway,K. Michael,P,TX11,1/3/2019,2019-01-03,K. Michael Conaway,https://disclosures-clerk.house.gov/public_disc/ptr-pdfs/2019/20010922.pdf
20011085,Conaway,K. Michael,P,TX11,3/4/2019,2019-03-04,K. Michael Conaway,https://disclosures-clerk.house.gov/public_disc/ptr-pdfs/2019/20011085.pdf
20011244,Conaway,K. Michael,P,TX11,3/5/2019,2019-03-05,K. Michael Conaway,https://disclosures-clerk.house.gov/public_disc/ptr-pdfs/2019/20011244.pdf
20011362,Conaway,K. Michael,P,TX11,4/2/2019,2019-04-02,K. Michael Conaway,https://disclosures-clerk.house.gov/public_disc/ptr-pdfs/2019/20011362.pdf
20011612,Conaway,K. Michael,P,TX11,5/6/2019,2019-05-06,K. Michael Conaway,https://disclosures-clerk.house.gov/public_disc/ptr-pdfs/2019/20011612.pdf
20011937,Conaway,K. Michael,P,TX11,7/8/2019,2019-07-08,K. Michael Conaway,https://disclosures-clerk.house.gov/public_disc/ptr-pdfs/2019/20011937.pdf
20012046,Conaway,K. Michael,P,TX11,8/5/2019,2019-08-05,K. Michael Conaway,https://disclosures-clerk.house.gov/public_disc/ptr-pdfs/2019/20012046.pdf
20012318,Conaway,K. Michael,P,TX11,9/17/2019,2019-09-17,K. Michael Conaway,https://disclosures-clerk.house.gov/public_disc/ptr-pdfs/2019/20012318.pdf
20012439,Conaway,K. Michael,P,TX11,10/8/2019,2019-10-08,K. Michael Conaway,https://disclosures-clerk.house.gov/public_disc/ptr-pdfs/2019/20012439.pdf
20012595,Conaway,K. Michael,P,TX11,11/12/2019,2019-11-12,K. Michael Conaway,https://disclosures-clerk.house.gov/public_disc/ptr-pdfs/2019/20012595.pdf
20013776,Conaway,K. Michael,P,TX11,12/16/2019,2019-12-16,K. Michael Conaway,https://disclosures-clerk.house.gov/public_disc/ptr-pdfs/2019/20013776.pdf
20010997,Connolly,Gerald E.,P,VA11,1/11/2019,2019-01-11,Gerald E. Connolly,https://disclosures-clerk.house.gov/public_disc/ptr-pdfs/2019/20010997.pdf
20011436,Connolly,Gerald E.,P,VA11,4/10/2019,2019-04-10,Gerald E. Connolly,https://disclosures-clerk.house.gov/public_disc/ptr-pdfs/2019/20011436.pdf
20011534,Connolly,Gerald E.,P,VA11,4/27/2019,2019-04-27,Gerald E. Connolly,https://disclosures-clerk.house.gov/public_disc/ptr-pdfs/2019/20011534.pdf
20011922,Connolly,Gerald E.,P,VA11,7/2/2019,2019-07-02,Gerald E. Connolly,https://disclosures-clerk.house.gov/public_disc/ptr-pdfs/2019/20011922.pdf
20012414,Connolly,Gerald E.,P,VA11,10/3/2019,2019-10-03,Gerald E. Connolly,https://disclosures-clerk.house.gov/public_disc/ptr-pdfs/2019/20012414.pdf
20012643,Cox,TJ John (Tj),P,CA21,11/27/2019,2019-11-27,TJ John (Tj) Cox,https://disclosures-clerk.house.gov/public_disc/ptr-pdfs/2019/20012643.pdf
9115136,Craig,Angela Dawn,P,MN02,7/12/2019,2019-07-12,Angela Dawn Craig,https://disclosures-clerk.house.gov/public_disc/ptr-pdfs/2019/9115136.pdf
9115439,Craig,Angela Dawn,P,MN02,9/26/2019,2019-09-26,Angela Dawn Craig,https://disclosures-clerk.house.gov/public_disc/ptr-pdfs/2019/9115439.pdf
20011093,Davis,Susan A.,P,CA53,2/7/2019,2019-02-07,Susan A. Davis,https://disclosures-clerk.house.gov/public_disc/ptr-pdfs/2019/20011093.pdf
20011387,Davis,Susan A.,P,CA53,4/9/2019,2019-04-09,Susan A. Davis,https://disclosures-clerk.house.gov/public_disc/ptr-pdfs/2019/20011387.pdf
20011872,Davis,Susan A.,P,CA53,7/9/2019,2019-07-09,Susan A. Davis,https://disclosures-clerk.house.gov/public_disc/ptr-pdfs/2019/20011872.pdf
20012034,Davis,Susan A.,P,CA53,7/30/2019,2019-07-30,Susan A. Davis,https://disclosures-clerk.house.gov/public_disc/ptr-pdfs/2019/20012034.pdf
20012623,Davis,Susan A.,P,CA53,11/22/2019,2019-11-22,Susan A. Davis,https://disclosures-clerk.house.gov/public_disc/ptr-pdfs/2019/20012623.pdf
20010939,DelBene,Suzan K.,P,WA01,1/15/2019,2019-01-15,Suzan K. DelBene,https://disclosures-clerk.house.gov/public_disc/ptr-pdfs/2019/20010939.pdf
20011096,DelBene,Suzan K.,P,WA01,2/18/2019,2019-02-18,Suzan K. DelBene,https://disclosures-clerk.house.gov/public_disc/ptr-pdfs/2019/20011096.pdf
20011247,DelBene,Suzan K.,P,WA01,3/15/2019,2019-03-15,Suzan K. DelBene,https://disclosures-clerk.house.gov/public_disc/ptr-pdfs/2019/20011247.pdf
20011381,DelBene,Suzan K.,P,WA01,4/12/2019,2019-04-12,Suzan K. DelBene,https://disclosures-clerk.house.gov/public_disc/ptr-pdfs/2019/20011381.pdf
20011611,DelBene,Suzan K.,P,WA01,5/8/2019,2019-05-08,Suzan K. DelBene,https://disclosures-clerk.house.gov/public_disc/ptr-pdfs/2019/20011611.pdf
20011777,DelBene,Suzan K.,P,WA01,6/15/2019,2019-06-15,Suzan K. DelBene,https://disclosures-clerk.house.gov/public_disc/ptr-pdfs/2019/20011777.pdf
20011949,DelBene,Suzan K.,P,WA01,7/16/2019,2019-07-16,Suzan K. DelBene,https://disclosures-clerk.house.gov/public_disc/ptr-pdfs/2019/20011949.pdf
20012107,DelBene,Suzan K.,P,WA01,8/14/2019,2019-08-14,Suzan K. DelBene,https://disclosures-clerk.house.gov/public_disc/ptr-pdfs/2019/20012107.pdf
20012247,DelBene,Suzan K.,P,WA01,9/15/2019,2019-09-15,Suzan K. DelBene,https://disclosures-clerk.house.gov/public_disc/ptr-pdfs/2019/20012247.pdf
20012413,DelBene,Suzan K.,P,WA01,10/15/2019,2019-10-15,Suzan K. DelBene,https://disclosures-clerk.house.gov/public_disc/ptr-pdfs/2019/20012413.pdf
20012549,DelBene,Suzan K.,P,WA01,11/14/2019,2019-11-14,Suzan K. DelBene,https://disclosures-clerk.house.gov/public_disc/ptr-pdfs/2019/20012549.pdf
20012686,DelBene,Suzan K.,P,WA01,12/15/2019,2019-12-15,Suzan K. DelBene,https://disclosures-clerk.house.gov/public_disc/ptr-pdfs/2019/20012686.pdf
20011114,Deutch,Theodore E.,P,FL22,2/27/2019,2019-02-27,Theodore E. Deutch,https://disclosures-clerk.house.gov/public_disc/ptr-pdfs/2019/20011114.pdf
20012043,Deutch,Theodore E.,P,FL22,8/4/2019,2019-08-04,Theodore E. Deutch,https://disclosures-clerk.house.gov/public_disc/ptr-pdfs/2019/20012043.pdf
20010926,Dingell,Debbie,P,MI12,1/2/2019,2019-01-02,Debbie Dingell,https://disclosures-clerk.house.gov/public_disc/ptr-pdfs/2019/20010926.pdf
20011012,Dingell,Debbie,P,MI12,1/16/2019,2019-01-16,Debbie Dingell,https://disclosures-clerk.house.gov/public_disc/ptr-pdfs/2019/20011012.pdf
20011420,Dingell,Debbie,P,MI12,4/14/2019,2019-04-14,Debbie Dingell,https://disclosures-clerk.house.gov/public_disc/ptr-pdfs/2019/20011420.pdf
20011483,Dingell,Debbie,P,MI12,4/17/2019,2019-04-17,Debbie Dingell,https://disclosures-clerk.house.gov/public_disc/ptr-pdfs/2019/20011483.pdf
20011485,Dingell,Debbie,P,MI12,4/18/2019,2019-04-18,Debbie Dingell,https://disclosures-clerk.house.gov/public_disc/ptr-pdfs/2019/20011485.pdf
20011724,Dingell,Debbie,P,MI12,5/22/2019,2019-05-22,Debbie Dingell,https://disclosures-clerk.house.gov/public_disc/ptr-pdfs/2019/20011724.pdf
20011778,Dingell,Debbie,P,MI12,6/6/2019,2019-06-06,Debbie Dingell,https://disclosures-clerk.house.gov/public_disc/ptr-pdfs/2019/20011778.pdf
20011830,Dingell,Debbie,P,MI12,6/14/2019,2019-06-14,Debbie Dingell,https://disclosures-clerk.house.gov/public_disc/ptr-pdfs/2019/20011830.pdf
20011898,Dingell,Debbie,P,MI12,6/27/2019,2019-06-27,Debbie Dingell,https://disclosures-clerk.house.gov/public_disc/ptr-pdfs/2019/20011898.pdf
20012607,Dingell,Debbie,P,MI12,11/15/2019,2019-11-15,Debbie Dingell,https://disclosures-clerk.house.gov/public_disc/ptr-pdfs/2019/20012607.pdf
20010967,Doggett,Lloyd,P,TX35,1/7/2019,2019-01-07,Lloyd Doggett,https://disclosures-clerk.house.gov/public_disc/ptr-pdfs/2019/20010967.pdf
20011252,Doggett,Lloyd,P,TX35,3/6/2019,2019-03-06,Lloyd Doggett,https://disclosures-clerk.house.gov/public_disc/ptr-pdfs/2019/20011252.pdf
20011386,Doggett,Lloyd,P,TX35,4/3/2019,2019-04-03,Lloyd Doggett,https://disclosures-clerk.house.gov/public_disc/ptr-pdfs/2019/20011386.pdf
20011625,Doggett,Lloyd,P,TX35,5/7/2019,2019-05-07,Lloyd Doggett,https://disclosures-clerk.house.gov/public_disc/ptr-pdfs/2019/20011625.pdf
20011804,Doggett,Lloyd,P,TX35,6/6/2019,2019-06-06,Lloyd Doggett,https://disclosures-clerk.house.gov/public_disc/ptr-pdfs/2019/20011804.pdf
20011938,Doggett,Lloyd,P,TX35,7/5/2019,2019-07-05,Lloyd Doggett,https://disclosures-clerk.house.gov/public_disc/ptr-pdfs/2019/20011938.pdf
20012175,Doggett,Lloyd,P,TX35,8/15/2019,2019-08-15,Lloyd Doggett,https://disclosures-clerk.house.gov/public_disc/ptr-pdfs/2019/20012175.pdf
20012278,Doggett,Lloyd,P,TX35,9/6/2019,2019-09-06,Lloyd Doggett,https://disclosures-clerk.house.gov/public_disc/ptr-pdfs/2019/20012278.pdf
20012431,Doggett,Lloyd,P,TX35,10/7/2019,2019-10-07,Lloyd Doggett,https://disclosures-clerk.house.gov/public_disc/ptr-pdfs/2019/20012431.pdf
20012544,Doggett,Lloyd,P,TX35,11/4/2019,2019-11-04,Lloyd Doggett,https://disclosures-clerk.house.gov/public_disc/ptr-pdfs/2019/20012544.pdf
20012725,Doggett,Lloyd,P,TX35,12/9/2019,2019-12-09,Lloyd Doggett,https://disclosures-clerk.house.gov/public_disc/ptr-pdfs/2019/20012725.pdf
20011082,Dunn,"Neal Patrick MD, Facs",P,FL02,2/7/2019,2019-02-07,"Neal Patrick MD, Facs Dunn",https://disclosures-clerk.house.gov/public_disc/ptr-pdfs/2019/20011082.pdf
20012379,Dunn,"Neal Patrick MD, Facs",P,FL02,9/30/2019,2019-09-30,"Neal Patrick MD, Facs Dunn",https://disclosures-clerk.house.gov/public_disc/ptr-pdfs/2019/20012379.pdf
20012727,Dunn,"Neal Patrick MD, Facs",P,FL02,12/11/2019,2019-12-11,"Neal Patrick MD, Facs Dunn",https://disclosures-clerk.house.gov/public_disc/ptr-pdfs/2019/20012727.pdf
20011689,Evans,Dwight,P,PA03,5/15/2019,2019-05-15,Dwight Evans,https://disclosures-clerk.house.gov/public_disc/ptr-pdfs/2019/20011689.pdf
20012610,Evans,Dwight,P,PA03,11/15/2019,2019-11-15,Dwight Evans,https://disclosures-clerk.house.gov/public_disc/ptr-pdfs/2019/20012610.pdf
9114472,Fleischmann,"Charles J. ""Chuck""",P,TN03,3/15/2019,2019-03-15,"Charles J. ""Chuck"" Fleischmann",https://disclosures-clerk.house.gov/public_disc/ptr-pdfs/2019/9114472.pdf
9114801,Fleischmann,"Charles J. ""Chuck""",P,TN03,5/21/2019,2019-05-21,"Charles J. ""Chuck"" Fleischmann",https://disclosures-clerk.house.gov/public_disc/ptr-pdfs/2019/9114801.pdf
9115049,Fleischmann,"Charles J. ""Chuck""",P,TN03,6/14/2019,2019-06-14,"Charles J. ""Chuck"" Fleischmann",https://disclosures-clerk.house.gov/public_disc/ptr-pdfs/2019/9115049.pdf
9115195,Fleischmann,"Charles J. ""Chuck""",P,TN03,7/26/2019,2019-07-26,"Charles J. ""Chuck"" Fleischmann",https://disclosures-clerk.house.gov/public_disc/ptr-pdfs/2019/9115195.pdf
9115277,Fleischmann,"Charles J. ""Chuck""",P,TN03,8/15/2019,2019-08-15,"Charles J. ""Chuck"" Fleischmann",https://disclosures-clerk.house.gov/public_disc/ptr-pdfs/2019/9115277.pdf
9115489,Fleischmann,"Charles J. ""Chuck""",P,TN03,10/17/2019,2019-10-17,"Charles J. ""Chuck"" Fleischmann",https://disclosures-clerk.house.gov/public_disc/ptr-pdfs/2019/9115489.pdf
8216748,Fleischmann,"Charles J. ""Chuck""",P,TN03,11/26/2019,2019-11-26,"Charles J. ""Chuck"" Fleischmann",https://disclosures-clerk.house.gov/public_disc/ptr-pdfs/2019/8216748.pdf
8216800,Fleischmann,"Charles J. ""Chuck""",P,TN03,12/10/2019,2019-12-10,"Charles J. ""Chuck"" Fleischmann",https://disclosures-clerk.house.gov/public_disc/ptr-pdfs/2019/8216800.pdf
8216874,Fleischmann,"Charles J. ""Chuck""",P,TN03,1/9/2020,2020-01-09,"Charles J. ""Chuck"" Fleischmann",https://disclosures-clerk.house.gov/public_disc/ptr-pdfs/2019/8216874.pdf
20011510,Fletcher,Elizabeth,P,TX07,4/23/2019,2019-04-23,Elizabeth Fletcher,https://disclosures-clerk.house.gov/public_disc/ptr-pdfs/2019/20011510.pdf
20011669,Fletcher,Elizabeth,P,TX07,5/13/2019,2019-05-13,Elizabeth Fletcher,https://disclosures-clerk.house.gov/public_disc/ptr-pdfs/2019/20011669.pdf
20011855,Fletcher,Elizabeth,P,TX07,6/16/2019,2019-06-16,Elizabeth Fletcher,https://disclosures-clerk.house.gov/public_disc/ptr-pdfs/2019/20011855.pdf
20012053,Fletcher,Elizabeth,P,TX07,7/25/2019,2019-07-25,Elizabeth Fletcher,https://disclosures-clerk.house.gov/public_disc/ptr-pdfs/2019/20012053.pdf
20010991,Flores,Bill,P,TX17,1/10/2019,2019-01-10,Bill Flores,https://disclosures-clerk.house.gov/public_disc/ptr-pdfs/2019/20010991.pdf
20011133,Flores,Bill,P,TX17,2/11/2019,2019-02-11,Bill Flores,https://disclosures-clerk.house.gov/public_disc/ptr-pdfs/2019/20011133.pdf
20011261,Flores,Bill,P,TX17,3/8/2019,2019-03-08,Bill Flores,https://disclosures-clerk.house.gov/public_disc/ptr-pdfs/2019/20011261.pdf
20011395,Flores,Bill,P,TX17,4/4/2019,2019-04-04,Bill Flores,https://disclosures-clerk.house.gov/public_disc/ptr-pdfs/2019/20011395.pdf
20011685,Flores,Bill,P,TX17,5/14/2019,2019-05-14,Bill Flores,https://disclosures-clerk.house.gov/public_disc/ptr-pdfs/2019/20011685.pdf
20011847,Flores,Bill,P,TX17,6/13/2019,2019-06-13,Bill Flores,https://disclosures-clerk.house.gov/public_disc/ptr-pdfs/2019/20011847.pdf
20011996,Flores,Bill,P,TX17,7/12/2019,2019-07-12,Bill Flores,https://disclosures-clerk.house.gov/public_disc/ptr-pdfs/2019/20011996.pdf
20012144,Flores,Bill,P,TX17,8/12/2019,2019-08-12,Bill Flores,https://disclosures-clerk.house.gov/public_disc/ptr-pdfs/2019/20012144.pdf
20012307,Flores,Bill,P,TX17,9/13/2019,2019-09-13,Bill Flores,https://disclosures-clerk.house.gov/public_disc/ptr-pdfs/2019/20012307.pdf
20012438,Flores,Bill,P,TX17,10/7/2019,2019-10-07,Bill Flores,https://disclosures-clerk.house.gov/public_disc/ptr-pdfs/2019/20012438.pdf
20012596,Flores,Bill,P,TX17,11/10/2019,2019-11-10,Bill Flores,https://disclosures-clerk.house.gov/public_disc/ptr-pdfs/2019/20012596.pdf
20013789,Flores,Bill,P,TX17,12/18/2019,2019-12-18,Bill Flores,https://disclosures-clerk.house.gov/public_disc/ptr-pdfs/2019/20013789.pdf
20012568,Fortenberry,Jeff,P,NE01,11/5/2019,2019-11-05,Jeff Fortenberry,https://disclosures-clerk.house.gov/public_disc/ptr-pdfs/2019/20012568.pdf
20012569,Fortenberry,Jeff,P,NE01,11/5/2019,2019-11-05,Jeff Fortenberry,https://disclosures-clerk.house.gov/public_disc/ptr-pdfs/2019/20012569.pdf
20010945,Foxx,Virginia,P,NC05,1/7/2019,2019-01-07,Virginia Foxx,https://disclosures-clerk.house.gov/public_disc/ptr-pdfs/2019/20010945.pdf
20011092,Foxx,Virginia,P,NC05,2/5/2019,2019-02-05,Virginia Foxx,https://disclosures-clerk.house.gov/public_disc/ptr-pdfs/2019/20011092.pdf
20011227,Foxx,Virginia,P,NC05,3/7/2019,2019-03-07,Virginia Foxx,https://disclosures-clerk.house.gov/public_disc/ptr-pdfs/2019/20011227.pdf
20011373,Foxx,Virginia,P,NC05,4/3/2019,2019-04-03,Virginia Foxx,https://disclosures-clerk.house.gov/public_disc/ptr-pdfs/2019/20011373.pdf
20011583,Foxx,Virginia,P,NC05,5/10/2019,2019-05-10,Virginia Foxx,https://disclosures-clerk.house.gov/public_disc/ptr-pdfs/2019/20011583.pdf
20011691,Foxx,Virginia,P,NC05,6/3/2019,2019-06-03,Virginia Foxx,https://disclosures-clerk.house.gov/public_disc/ptr-pdfs/2019/20011691.pdf
20011918,Foxx,Virginia,P,NC05,7/2/2019,2019-07-02,Virginia Foxx,https://disclosures-clerk.house.gov/public_disc/ptr-pdfs/2019/20011918.pdf
20012087,Foxx,Virginia,P,NC05,8/8/2019,2019-08-08,Virginia Foxx,https://disclosures-clerk.house.gov/public_disc/ptr-pdfs/2019/20012087.pdf
20012274,Foxx,Virginia,P,NC05,9/12/2019,2019-09-12,Virginia Foxx,https://disclosures-clerk.house.gov/public_disc/ptr-pdfs/2019/20012274.pdf
20012397,Foxx,Virginia,P,NC05,10/7/2019,2019-10-07,Virginia Foxx,https://disclosures-clerk.house.gov/public_disc/ptr-pdfs/2019/20012397.pdf
20012556,Foxx,Virginia,P,NC05,11/12/2019,2019-11-12,Virginia Foxx,https://disclosures-clerk.house.gov/public_disc/ptr-pdfs/2019/20012556.pdf
20012693,Foxx,Virginia,P,NC05,12/3/2019,2019-12-03,Virginia Foxx,https://disclosures-clerk.house.gov/public_disc/ptr-pdfs/2019/20012693.pdf
20011033,Frankel,Lois,P,FL21,1/28/2019,2019-01-28,Lois Frankel,https://disclosures-clerk.house.gov/public_disc/ptr-pdfs/2019/20011033.pdf
20011186,Frankel,Lois,P,FL21,2/25/2019,2019-02-25,Lois Frankel,https://disclosures-clerk.house.gov/public_disc/ptr-pdfs/2019/20011186.pdf
20011329,Frankel,Lois,P,FL21,3/27/2019,2019-03-27,Lois Frankel,https://disclosures-clerk.house.gov/public_disc/ptr-pdfs/2019/20011329.pdf
20011523,Frankel,Lois,P,FL21,4/25/2019,2019-04-25,Lois Frankel,https://disclosures-clerk.house.gov/public_disc/ptr-pdfs/2019/20011523.pdf
20011700,Frankel,Lois,P,FL21,5/21/2019,2019-05-21,Lois Frankel,https://disclosures-clerk.house.gov/public_disc/ptr-pdfs/2019/20011700.pdf
20011873,Frankel,Lois,P,FL21,6/20/2019,2019-06-20,Lois Frankel,https://disclosures-clerk.house.gov/public_disc/ptr-pdfs/2019/20011873.pdf
20012024,Frankel,Lois,P,FL21,7/19/2019,2019-07-19,Lois Frankel,https://disclosures-clerk.house.gov/public_disc/ptr-pdfs/2019/20012024.pdf
20012227,Frankel,Lois,P,FL21,9/3/2019,2019-09-03,Lois Frankel,https://disclosures-clerk.house.gov/public_disc/ptr-pdfs/2019/20012227.pdf
20012386,Frankel,Lois,P,FL21,9/30/2019,2019-09-30,Lois Frankel,https://disclosures-clerk.house.gov/public_disc/ptr-pdfs/2019/20012386.pdf
20012498,Frankel,Lois,P,FL21,10/24/2019,2019-10-24,Lois Frankel,https://disclosures-clerk.house.gov/public_disc/ptr-pdfs/2019/20012498.pdf
20012655,Frankel,Lois,P,FL21,11/22/2019,2019-11-22,Lois Frankel,https://disclosures-clerk.house.gov/public_disc/ptr-pdfs/2019/20012655.pdf
20013803,Frankel,Lois,P,FL21,12/20/2019,2019-12-20,Lois Frankel,https://disclosures-clerk.house.gov/public_disc/ptr-pdfs/2019/20013803.pdf
20011039,Gianforte,Greg,P,MT00,1/23/2019,2019-01-23,Greg Gianforte,https://disclosures-clerk.house.gov/public_disc/ptr-pdfs/2019/20011039.pdf
20011087,Gianforte,Greg,P,MT00,2/2/2019,2019-02-02,Greg Gianforte,https://disclosures-clerk.house.gov/public_disc/ptr-pdfs/2019/20011087.pdf
20011124,Gianforte,Greg,P,MT00,2/8/2019,2019-02-08,Greg Gianforte,https://disclosures-clerk.house.gov/public_disc/ptr-pdfs/2019/20011124.pdf
20011156,Gianforte,Greg,P,MT00,2/14/2019,2019-02-14,Greg Gianforte,https://disclosures-clerk.house.gov/public_disc/ptr-pdfs/2019/20011156.pdf
20011157,Gianforte,Greg,P,MT00,3/6/2019,2019-03-06,Greg Gianforte,https://disclosures-clerk.house.gov/public_disc/ptr-pdfs/2019/20011157.pdf
20011276,Gianforte,Greg,P,MT00,3/11/2019,2019-03-11,Greg Gianforte,https://disclosures-clerk.house.gov/public_disc/ptr-pdfs/2019/20011276.pdf
20011346,Gianforte,Greg,P,MT00,3/25/2019,2019-03-25,Greg Gianforte,https://disclosures-clerk.house.gov/public_disc/ptr-pdfs/2019/20011346.pdf
20011354,Gianforte,Greg,P,MT00,3/29/2019,2019-03-29,Greg Gianforte,https://disclosures-clerk.house.gov/public_disc/ptr-pdfs/2019/20011354.pdf
20011418,Gianforte,Greg,P,MT00,4/9/2019,2019-04-09,Greg Gianforte,https://disclosures-clerk.house.gov/public_disc/ptr-pdfs/2019/20011418.pdf
20011459,Gianforte,Greg,P,MT00,4/13/2019,2019-04-13,Greg Gianforte,https://disclosures-clerk.house.gov/public_disc/ptr-pdfs/2019/20011459.pdf
20011546,Gianforte,Greg,P,MT00,4/26/2019,2019-04-26,Greg Gianforte,https://disclosures-clerk.house.gov/public_disc/ptr-pdfs/2019/20011546.pdf
20011701,Gianforte,Greg,P,MT00,5/18/2019,2019-05-18,Greg Gianforte,https://disclosures-clerk.house.gov/public_disc/ptr-pdfs/2019/20011701.pdf
20011767,Gianforte,Greg,P,MT00,5/31/2019,2019-05-31,Greg Gianforte,https://disclosures-clerk.house.gov/public_disc/ptr-pdfs/2019/20011767.pdf
20011835,Gianforte,Greg,P,MT00,6/12/2019,2019-06-12,Greg Gianforte,https://disclosures-clerk.house.gov/public_disc/ptr-pdfs/2019/20011835.pdf
20011916,Gianforte,Greg,P,MT00,7/1/2019,2019-07-01,Greg Gianforte,https://disclosures-clerk.house.gov/public_disc/ptr-pdfs/2019/20011916.pdf
20012072,Gianforte,Greg,P,MT00,7/29/2019,2019-07-29,Greg Gianforte,https://disclosures-clerk.house.gov/public_disc/ptr-pdfs/2019/20012072.pdf
20012222,Gianforte,Greg,P,MT00,8/26/2019,2019-08-26,Greg Gianforte,https://disclosures-clerk.house.gov/public_disc/ptr-pdfs/2019/20012222.pdf
20012395,Gianforte,Greg,P,MT00,10/1/2019,2019-10-01,Greg Gianforte,https://disclosures-clerk.house.gov/public_disc/ptr-pdfs/2019/20012395.pdf
20012476,Gianforte,Greg,P,MT00,10/20/2019,2019-10-20,Greg Gianforte,https://disclosures-clerk.house.gov/public_disc/ptr-pdfs/2019/20012476.pdf
20012519,Gianforte,Greg,P,MT00,10/30/2019,2019-10-30,Greg Gianforte,https://disclosures-clerk.house.gov/public_disc/ptr-pdfs/2019/20012519.pdf
20012677,Gianforte,Greg,P,MT00,11/27/2019,2019-11-27,Greg Gianforte,https://disclosures-clerk.house.gov/public_disc/ptr-pdfs/2019/20012677.pdf
20013815,Gianforte,Greg,P,MT00,12/23/2019,2019-12-23,Greg Gianforte,https://disclosures-clerk.house.gov/public_disc/ptr-pdfs/2019/20013815.pdf
20013827,Gianforte,Greg,P,MT00,12/31/2019,2019-12-31,Greg Gianforte,https://disclosures-clerk.house.gov/public_disc/ptr-pdfs/2019/20013827.pdf
20011006,Gibbs,Bob,P,OH07,1/13/2019,2019-01-13,Bob Gibbs,https://disclosures-clerk.house.gov/public_disc/ptr-pdfs/2019/20011006.pdf
20011344,Gibbs,Bob,P,OH07,3/25/2019,2019-03-25,Bob Gibbs,https://disclosures-clerk.house.gov/public_disc/ptr-pdfs/2019/20011344.pdf
20011364,Gibbs,Bob,P,OH07,3/31/2019,2019-03-31,Bob Gibbs,https://disclosures-clerk.house.gov/public_disc/ptr-pdfs/2019/20011364.pdf
20011599,Gibbs,Bob,P,OH07,5/3/2019,2019-05-03,Bob Gibbs,https://disclosures-clerk.house.gov/public_disc/ptr-pdfs/2019/20011599.pdf
20011745,Gibbs,Bob,P,OH07,5/28/2019,2019-05-28,Bob Gibbs,https://disclosures-clerk.house.gov/public_disc/ptr-pdfs/2019/20011745.pdf
20011860,Gibbs,Bob,P,OH07,6/18/2019,2019-06-18,Bob Gibbs,https://disclosures-clerk.house.gov/public_disc/ptr-pdfs/2019/20011860.pdf
20012571,Gibbs,Bob,P,OH07,11/6/2019,2019-11-06,Bob Gibbs,https://disclosures-clerk.house.gov/public_disc/ptr-pdfs/2019/20012571.pdf
20012674,Gibbs,Bob,P,OH07,11/26/2019,2019-11-26,Bob Gibbs,https://disclosures-clerk.house.gov/public_disc/ptr-pdfs/2019/20012674.pdf
20013806,Gibbs,Bob,P,OH07,12/20/2019,2019-12-20,Bob Gibbs,https://disclosures-clerk.house.gov/public_disc/ptr-pdfs/2019/20013806.pdf
20013813,Gibbs,Bob,P,OH07,12/23/2019,2019-12-23,Bob Gibbs,https://disclosures-clerk.house.gov/public_disc/ptr-pdfs/2019/20013813.pdf
20012170,Gonzalez,Anthony E.,P,OH16,8/14/2019,2019-08-14,Anthony E. Gonzalez,https://disclosures-clerk.house.gov/public_disc/ptr-pdfs/2019/20012170.pdf
20012598,Gonzalez,Anthony E.,P,OH16,11/11/2019,2019-11-11,Anthony E. Gonzalez,https://disclosures-clerk.house.gov/public_disc/ptr-pdfs/2019/20012598.pdf
20013793,Gonzalez,Anthony E.,P,OH16,12/20/2019,2019-12-20,Anthony E. Gonzalez,https://disclosures-clerk.house.gov/public_disc/ptr-pdfs/2019/20013793.pdf
20010919,Gottheimer,Josh,P,NJ05,1/4/2019,2019-01-04,Josh Gottheimer,https://disclosures-clerk.house.gov/public_disc/ptr-pdfs/2019/20010919.pdf
20011063,Gottheimer,Josh,P,NJ05,1/31/2019,2019-01-31,Josh Gottheimer,https://disclosures-clerk.house.gov/public_disc/ptr-pdfs/2019/20011063.pdf
20011187,Gottheimer,Josh,P,NJ05,2/25/2019,2019-02-25,Josh Gottheimer,https://disclosures-clerk.house.gov/public_disc/ptr-pdfs/2019/20011187.pdf
20011343,Gottheimer,Josh,P,NJ05,3/28/2019,2019-03-28,Josh Gottheimer,https://disclosures-clerk.house.gov/public_disc/ptr-pdfs/2019/20011343.pdf
20011398,Gottheimer,Josh,P,NJ05,4/5/2019,2019-04-05,Josh Gottheimer,https://disclosures-clerk.house.gov/public_disc/ptr-pdfs/2019/20011398.pdf
20011641,Gottheimer,Josh,P,NJ05,5/20/2019,2019-05-20,Josh Gottheimer,https://disclosures-clerk.house.gov/public_disc/ptr-pdfs/2019/20011641.pdf
20011820,Gottheimer,Josh,P,NJ05,6/15/2019,2019-06-15,Josh Gottheimer,https://disclosures-clerk.house.gov/public_disc/ptr-pdfs/2019/20011820.pdf
20011982,Gottheimer,Josh,P,NJ05,7/18/2019,2019-07-18,Josh Gottheimer,https://disclosures-clerk.house.gov/public_disc/ptr-pdfs/2019/20011982.pdf
20012044,Gottheimer,Josh,P,NJ05,8/13/2019,2019-08-13,Josh Gottheimer,https://disclosures-clerk.house.gov/public_disc/ptr-pdfs/2019/20012044.pdf
20012180,Gottheimer,Josh,P,NJ05,9/16/2019,2019-09-16,Josh Gottheimer,https://disclosures-clerk.house.gov/public_disc/ptr-pdfs/2019/20012180.pdf
20012330,Gottheimer,Josh,P,NJ05,9/16/2019,2019-09-16,Josh Gottheimer,https://disclosures-clerk.house.gov/public_disc/ptr-pdfs/2019/20012330.pdf
20012430,Gottheimer,Josh,P,NJ05,10/11/2019,2019-10-11,Josh Gottheimer,https://disclosures-clerk.house.gov/public_disc/ptr-pdfs/2019/20012430.pdf
20012554,Gottheimer,Josh,P,NJ05,11/8/2019,2019-11-08,Josh Gottheimer,https://disclosures-clerk.house.gov/public_disc/ptr-pdfs/2019/20012554.pdf
20012702,Gottheimer,Josh,P,NJ05,12/9/2019,2019-12-09,Josh Gottheimer,https://disclosures-clerk.house.gov/public_disc/ptr-pdfs/2019/20012702.pdf
9115167,Guest,Michael Patrick,P,MS03,7/17/2019,2019-07-17,Michael Patrick Guest,https://disclosures-clerk.house.gov/public_disc/ptr-pdfs/2019/9115167.pdf
8216636,Guest,Michael Patrick,P,MS03,11/6/2019,2019-11-06,Michael Patrick Guest,https://disclosures-clerk.house.gov/public_disc/ptr-pdfs/2019/8216636.pdf
20010982,Hern,Kevin,P,OK01,1/15/2019,2019-01-15,Kevin Hern,https://disclosures-clerk.house.gov/public_disc/ptr-pdfs/2019/20010982.pdf
20011169,Hern,Kevin,P,OK01,2/15/2019,2019-02-15,Kevin Hern,https://disclosures-clerk.house.gov/public_disc/ptr-pdfs/2019/20011169.pdf
20011282,Hern,Kevin,P,OK01,3/12/2019,2019-03-12,Kevin Hern,https://disclosures-clerk.house.gov/public_disc/ptr-pdfs/2019/20011282.pdf
20011444,Hern,Kevin,P,OK01,4/11/2019,2019-04-11,Kevin Hern,https://disclosures-clerk.house.gov/public_disc/ptr-pdfs/2019/20011444.pdf
20011693,Hern,Kevin,P,OK01,5/16/2019,2019-05-16,Kevin Hern,https://disclosures-clerk.house.gov/public_disc/ptr-pdfs/2019/20011693.pdf
20011856,Hern,Kevin,P,OK01,6/17/2019,2019-06-17,Kevin Hern,https://disclosures-clerk.house.gov/public_disc/ptr-pdfs/2019/20011856.pdf
20012014,Hern,Kevin,P,OK01,7/18/2019,2019-07-18,Kevin Hern,https://disclosures-clerk.house.gov/public_disc/ptr-pdfs/2019/20012014.pdf
20012167,Hern,Kevin,P,OK01,8/15/2019,2019-08-15,Kevin Hern,https://disclosures-clerk.house.gov/public_disc/ptr-pdfs/2019/20012167.pdf
20012328,Hern,Kevin,P,OK01,9/16/2019,2019-09-16,Kevin Hern,https://disclosures-clerk.house.gov/public_disc/ptr-pdfs/2019/20012328.pdf
20012470,Hern,Kevin,P,OK01,10/15/2019,2019-10-15,Kevin Hern,https://disclosures-clerk.house.gov/public_disc/ptr-pdfs/2019/20012470.pdf
20012619,Hern,Kevin,P,OK01,11/14/2019,2019-11-14,Kevin Hern,https://disclosures-clerk.house.gov/public_disc/ptr-pdfs/2019/20012619.pdf
20012750,Hern,Kevin,P,OK01,12/15/2019,2019-12-15,Kevin Hern,https://disclosures-clerk.house.gov/public_disc/ptr-pdfs/2019/20012750.pdf
9114374,Holding,George,P,NC02,2/11/2019,2019-02-11,George Holding,https://disclosures-clerk.house.gov/public_disc/ptr-pdfs/2019/9114374.pdf
9114798,Holding,George,P,NC02,5/1/2019,2019-05-01,George Holding,https://disclosures-clerk.house.gov/public_disc/ptr-pdfs/2019/9114798.pdf
9115521,Holding,George,P,NC02,10/30/2019,2019-10-30,George Holding,https://disclosures-clerk.house.gov/public_disc/ptr-pdfs/2019/9115521.pdf
8216838,Holding,George,P,NC02,12/19/2019,2019-12-19,George Holding,https://disclosures-clerk.house.gov/public_disc/ptr-pdfs/2019/8216838.pdf
8216909,Holding,George,P,NC02,1/15/2020,2020-01-15,George Holding,https://disclosures-clerk.house.gov/public_disc/ptr-pdfs/2019/8216909.pdf
20011058,Jeffries,Hakeem S.,P,NY08,1/25/2019,2019-01-25,Hakeem S. Jeffries,https://disclosures-clerk.house.gov/public_disc/ptr-pdfs/2019/20011058.pdf
20011302,Jeffries,Hakeem S.,P,NY08,3/16/2019,2019-03-16,Hakeem S. Jeffries,https://disclosures-clerk.house.gov/public_disc/ptr-pdfs/2019/20011302.pdf
20008517,Joyce,David P.,P,OH14,5/8/2019,2019-05-08,David P. Joyce,https://disclosures-clerk.house.gov/public_disc/ptr-pdfs/2019/20008517.pdf
9114435,Kelly,Mike,P,PA03,2/28/2019,2019-02-28,Mike Kelly,https://disclosures-clerk.house.gov/public_disc/ptr-pdfs/2019/9114435.pdf
9114471,Kelly,Mike,P,PA03,3/14/2019,2019-03-14,Mike Kelly,https://disclosures-clerk.house.gov/public_disc/ptr-pdfs/2019/9114471.pdf
9114566,Kelly,Mike,P,PA16,4/30/2019,2019-04-30,Mike Kelly,https://disclosures-clerk.house.gov/public_disc/ptr-pdfs/2019/9114566.pdf
9114648,Kelly,Mike,P,PA16,5/10/2019,2019-05-10,Mike Kelly,https://disclosures-clerk.house.gov/public_disc/ptr-pdfs/2019/9114648.pdf
9115042,Kelly,Mike,P,PA16,6/12/2019,2019-06-12,Mike Kelly,https://disclosures-clerk.house.gov/public_disc/ptr-pdfs/2019/9115042.pdf
9115181,Kelly,Mike,P,PA16,7/23/2019,2019-07-23,Mike Kelly,https://disclosures-clerk.house.gov/public_disc/ptr-pdfs/2019/9115181.pdf
8216803,Kelly,Mike,P,PA16,12/12/2019,2019-12-12,Mike Kelly,https://disclosures-clerk.house.gov/public_disc/ptr-pdfs/2019/8216803.pdf
8216910,Kelly,Mike,P,PA16,1/16/2020,2020-01-16,Mike Kelly,https://disclosures-clerk.house.gov/public_disc/ptr-pdfs/2019/8216910.pdf
9114360,Kennedy,Joseph P.,P,MA04,2/6/2019,2019-02-06,Joseph P. Kennedy,https://disclosures-clerk.house.gov/public_disc/ptr-pdfs/2019/9114360.pdf
9114373,Kennedy,Joseph P.,P,MA04,2/11/2019,2019-02-11,Joseph P. Kennedy,https://disclosures-clerk.house.gov/public_disc/ptr-pdfs/2019/9114373.pdf
9114456,Kennedy,Joseph P.,P,MA04,3/12/2019,2019-03-12,Joseph P. Kennedy,https://disclosures-clerk.house.gov/public_disc/ptr-pdfs/2019/9114456.pdf
9114525,Kennedy,Joseph P.,P,MA04,4/9/2019,2019-04-09,Joseph P. Kennedy,https://disclosures-clerk.house.gov/public_disc/ptr-pdfs/2019/9114525.pdf
9115038,Kennedy,Joseph P.,P,MA04,6/11/2019,2019-06-11,Joseph P. Kennedy,https://disclosures-clerk.house.gov/public_disc/ptr-pdfs/2019/9115038.pdf
9115196,Kennedy,Joseph P.,P,MA04,7/25/2019,2019-07-25,Joseph P. Kennedy,https://disclosures-clerk.house.gov/public_disc/ptr-pdfs/2019/9115196.pdf
9114372,Khanna,Rohit,P,CA17,2/12/2019,2019-02-12,Rohit Khanna,https://disclosures-clerk.house.gov/public_disc/ptr-pdfs/2019/9114372.pdf
9114396,Khanna,Rohit,P,CA17,2/15/2019,2019-02-15,Rohit Khanna,https://disclosures-clerk.house.gov/public_disc/ptr-pdfs/2019/9114396.pdf
9114457,Khanna,Rohit,P,CA17,3/8/2019,2019-03-08,Rohit Khanna,https://disclosures-clerk.house.gov/public_disc/ptr-pdfs/2019/9114457.pdf
9114526,Khanna,Rohit,P,CA17,4/11/2019,2019-04-11,Rohit Khanna,https://disclosures-clerk.house.gov/public_disc/ptr-pdfs/2019/9114526.pdf
9114649,Khanna,Rohit,P,CA17,5/10/2019,2019-05-10,Rohit Khanna,https://disclosures-clerk.house.gov/public_disc/ptr-pdfs/2019/9114649.pdf
9115039,Khanna,Rohit,P,CA17,6/11/2019,2019-06-11,Rohit Khanna,https://disclosures-clerk.house.gov/public_disc/ptr-pdfs/2019/9115039.pdf
9115123,Khanna,Rohit,P,CA17,7/11/2019,2019-07-11,Rohit Khanna,https://disclosures-clerk.house.gov/public_disc/ptr-pdfs/2019/9115123.pdf
9115234,Khanna,Rohit,P,CA17,8/6/2019,2019-08-06,Rohit Khanna,https://disclosures-clerk.house.gov/public_disc/ptr-pdfs/2019/9115234.pdf
9115384,Khanna,Rohit,P,CA17,9/11/2019,2019-09-11,Rohit Khanna,https://disclosures-clerk.house.gov/public_disc/ptr-pdfs/2019/9115384.pdf
9115484,Khanna,Rohit,P,CA17,10/16/2019,2019-10-16,Rohit Khanna,https://disclosures-clerk.house.gov/public_disc/ptr-pdfs/2019/9115484.pdf
8216662,Khanna,Rohit,P,CA17,11/12/2019,2019-11-12,Rohit Khanna,https://disclosures-clerk.house.gov/public_disc/ptr-pdfs/2019/8216662.pdf
8216805,Khanna,Rohit,P,CA17,12/11/2019,2019-12-11,Rohit Khanna,https://disclosures-clerk.house.gov/public_disc/ptr-pdfs/2019/8216805.pdf
20010270,Kinzinger,Adam,P,IL16,5/9/2019,2019-05-09,Adam Kinzinger,https://disclosures-clerk.house.gov/public_disc/ptr-pdfs/2019/20010270.pdf
20011696,Kinzinger,Adam,P,IL16,5/16/2019,2019-05-16,Adam Kinzinger,https://disclosures-clerk.house.gov/public_disc/ptr-pdfs/2019/20011696.pdf
9114536,Kustoff,David,P,TN08,4/15/2019,2019-04-15,David Kustoff,https://disclosures-clerk.house.gov/public_disc/ptr-pdfs/2019/9114536.pdf
9114539,Kustoff,David,P,TN08,4/17/2019,2019-04-17,David Kustoff,https://disclosures-clerk.house.gov/public_disc/ptr-pdfs/2019/9114539.pdf
8216804,Kustoff,David,P,TN08,12/10/2019,2019-12-10,David Kustoff,https://disclosures-clerk.house.gov/public_disc/ptr-pdfs/2019/8216804.pdf
8216875,Kustoff,David,P,TN08,1/7/2020,2020-01-07,David Kustoff,https://disclosures-clerk.house.gov/public_disc/ptr-pdfs/2019/8216875.pdf
9114304,Lamborn,Doug,P,CO05,1/15/2019,2019-01-15,Doug Lamborn,https://disclosures-clerk.house.gov/public_disc/ptr-pdfs/2019/9114304.pdf
9114413,Lamborn,Doug,P,CO05,2/15/2019,2019-02-15,Doug Lamborn,https://disclosures-clerk.house.gov/public_disc/ptr-pdfs/2019/9114413.pdf
9114469,Lamborn,Doug,P,CO05,3/15/2019,2019-03-15,Doug Lamborn,https://disclosures-clerk.house.gov/public_disc/ptr-pdfs/2019/9114469.pdf
9114505,Lamborn,Doug,P,CO05,4/3/2019,2019-04-03,Doug Lamborn,https://disclosures-clerk.house.gov/public_disc/ptr-pdfs/2019/9114505.pdf
9114645,Lamborn,Doug,P,CO05,5/10/2019,2019-05-10,Doug Lamborn,https://disclosures-clerk.house.gov/public_disc/ptr-pdfs/2019/9114645.pdf
9115278,Lamborn,Doug,P,CO05,8/14/2019,2019-08-14,Doug Lamborn,https://disclosures-clerk.house.gov/public_disc/ptr-pdfs/2019/9115278.pdf
8216681,Lamborn,Doug,P,CO05,11/14/2019,2019-11-14,Doug Lamborn,https://disclosures-clerk.house.gov/public_disc/ptr-pdfs/2019/8216681.pdf
20011055,Langevin,James R.,P,RI02,1/24/2019,2019-01-24,James R. Langevin,https://disclosures-clerk.house.gov/public_disc/ptr-pdfs/2019/20011055.pdf
20011246,Langevin,James R.,P,RI02,3/5/2019,2019-03-05,James R. Langevin,https://disclosures-clerk.house.gov/public_disc/ptr-pdfs/2019/20011246.pdf
20011335,Langevin,James R.,P,RI02,3/29/2019,2019-03-29,James R. Langevin,https://disclosures-clerk.house.gov/public_disc/ptr-pdfs/2019/20011335.pdf
20011457,Langevin,James R.,P,RI02,4/12/2019,2019-04-12,James R. Langevin,https://disclosures-clerk.house.gov/public_disc/ptr-pdfs/2019/20011457.pdf
20011500,Langevin,James R.,P,RI02,4/19/2019,2019-04-19,James R. Langevin,https://disclosures-clerk.house.gov/public_disc/ptr-pdfs/2019/20011500.pdf
20011561,Langevin,James R.,P,RI02,4/29/2019,2019-04-29,James R. Langevin,https://disclosures-clerk.house.gov/public_disc/ptr-pdfs/2019/20011561.pdf
20011621,Langevin,James R.,P,RI02,5/10/2019,2019-05-10,James R. Langevin,https://disclosures-clerk.house.gov/public_disc/ptr-pdfs/2019/20011621.pdf
20011728,Langevin,James R.,P,RI02,5/22/2019,2019-05-22,James R. Langevin,https://disclosures-clerk.house.gov/public_disc/ptr-pdfs/2019/20011728.pdf
20011911,Langevin,James R.,P,RI02,6/29/2019,2019-06-29,James R. Langevin,https://disclosures-clerk.house.gov/public_disc/ptr-pdfs/2019/20011911.pdf
20011936,Langevin,James R.,P,RI02,7/3/2019,2019-07-03,James R. Langevin,https://disclosures-clerk.house.gov/public_disc/ptr-pdfs/2019/20011936.pdf
20012122,Langevin,James R.,P,RI02,8/7/2019,2019-08-07,James R. Langevin,https://disclosures-clerk.house.gov/public_disc/ptr-pdfs/2019/20012122.pdf
20012164,Langevin,James R.,P,RI02,8/13/2019,2019-08-13,James R. Langevin,https://disclosures-clerk.house.gov/public_disc/ptr-pdfs/2019/20012164.pdf
20012208,Langevin,James R.,P,RI02,8/21/2019,2019-08-21,James R. Langevin,https://disclosures-clerk.house.gov/public_disc/ptr-pdfs/2019/20012208.pdf
20012249,Langevin,James R.,P,RI02,9/3/2019,2019-09-03,James R. Langevin,https://disclosures-clerk.house.gov/public_disc/ptr-pdfs/2019/20012249.pdf
20012270,Langevin,James R.,P,RI02,9/5/2019,2019-09-05,James R. Langevin,https://disclosures-clerk.house.gov/public_disc/ptr-pdfs/2019/20012270.pdf
20012349,Langevin,James R.,P,RI02,9/26/2019,2019-09-26,James R. Langevin,https://disclosures-clerk.house.gov/public_disc/ptr-pdfs/2019/20012349.pdf
20012448,Langevin,James R.,P,RI02,10/9/2019,2019-10-09,James R. Langevin,https://disclosures-clerk.house.gov/public_disc/ptr-pdfs/2019/20012448.pdf
20012499,Langevin,James R.,P,RI02,10/21/2019,2019-10-21,James R. Langevin,https://disclosures-clerk.house.gov/public_disc/ptr-pdfs/2019/20012499.pdf
20012558,Langevin,James R.,P,RI02,11/5/2019,2019-11-05,James R. Langevin,https://disclosures-clerk.house.gov/public_disc/ptr-pdfs/2019/20012558.pdf
20012662,Langevin,James R.,P,RI02,11/22/2019,2019-11-22,James R. Langevin,https://disclosures-clerk.house.gov/public_disc/ptr-pdfs/2019/20012662.pdf
20012688,Langevin,James R.,P,RI02,12/2/2019,2019-12-02,James R. Langevin,https://disclosures-clerk.house.gov/public_disc/ptr-pdfs/2019/20012688.pdf
20013816,Langevin,James R.,P,RI02,12/23/2019,2019-12-23,James R. Langevin,https://disclosures-clerk.house.gov/public_disc/ptr-pdfs/2019/20013816.pdf
9114359,Larson,John B.,P,CT01,2/6/2019,2019-02-06,John B. Larson,https://disclosures-clerk.house.gov/public_disc/ptr-pdfs/2019/9114359.pdf
9114443,Larson,John B.,P,CT01,3/8/2019,2019-03-08,John B. Larson,https://disclosures-clerk.house.gov/public_disc/ptr-pdfs/2019/9114443.pdf
9114549,Larson,John B.,P,CT01,4/23/2019,2019-04-23,John B. Larson,https://disclosures-clerk.house.gov/public_disc/ptr-pdfs/2019/9114549.pdf
9115182,Larson,John B.,P,CT01,7/22/2019,2019-07-22,John B. Larson,https://disclosures-clerk.house.gov/public_disc/ptr-pdfs/2019/9115182.pdf
9115324,Larson,John B.,P,CT01,8/21/2019,2019-08-21,John B. Larson,https://disclosures-clerk.house.gov/public_disc/ptr-pdfs/2019/9115324.pdf
9115407,Larson,John B.,P,CT01,9/20/2019,2019-09-20,John B. Larson,https://disclosures-clerk.house.gov/public_disc/ptr-pdfs/2019/9115407.pdf
9115441,Larson,John B.,P,CT01,9/27/2019,2019-09-27,John B. Larson,https://disclosures-clerk.house.gov/public_disc/ptr-pdfs/2019/9115441.pdf
8216717,Larson,John B.,P,CT01,11/19/2019,2019-11-19,John B. Larson,https://disclosures-clerk.house.gov/public_disc/ptr-pdfs/2019/8216717.pdf
8216749,Larson,John B.,P,CT01,11/22/2019,2019-11-22,John B. Larson,https://disclosures-clerk.house.gov/public_disc/ptr-pdfs/2019/8216749.pdf
20012269,Latta,Robert E.,P,OH05,9/5/2019,2019-09-05,Robert E. Latta,https://disclosures-clerk.house.gov/public_disc/ptr-pdfs/2019/20012269.pdf
20007477,Lawrence,Brenda Lulenar,P,MI14,8/21/2019,2019-08-21,Brenda Lulenar Lawrence,https://disclosures-clerk.house.gov/public_disc/ptr-pdfs/2019/20007477.pdf
20011203,Lee,Susie,P,NV03,3/4/2019,2019-03-04,Susie Lee,https://disclosures-clerk.house.gov/public_disc/ptr-pdfs/2019/20011203.pdf
20011262,Lee,Susie,P,NV03,3/12/2019,2019-03-12,Susie Lee,https://disclosures-clerk.house.gov/public_disc/ptr-pdfs/2019/20011262.pdf
20011411,Lee,Susie,P,NV03,4/8/2019,2019-04-08,Susie Lee,https://disclosures-clerk.house.gov/public_disc/ptr-pdfs/2019/20011411.pdf
20011607,Lee,Susie,P,NV03,5/9/2019,2019-05-09,Susie Lee,https://disclosures-clerk.house.gov/public_disc/ptr-pdfs/2019/20011607.pdf
20011814,Lee,Susie,P,NV03,7/18/2019,2019-07-18,Susie Lee,https://disclosures-clerk.house.gov/public_disc/ptr-pdfs/2019/20011814.pdf
20012111,Lee,Susie,P,NV03,8/29/2019,2019-08-29,Susie Lee,https://disclosures-clerk.house.gov/public_disc/ptr-pdfs/2019/20012111.pdf
20012262,Lee,Susie,P,NV03,9/30/2019,2019-09-30,Susie Lee,https://disclosures-clerk.house.gov/public_disc/ptr-pdfs/2019/20012262.pdf
20012436,Lee,Susie,P,NV03,10/21/2019,2019-10-21,Susie Lee,https://disclosures-clerk.house.gov/public_disc/ptr-pdfs/2019/20012436.pdf
20012566,Lee,Susie,P,NV03,12/5/2019,2019-12-05,Susie Lee,https://disclosures-clerk.house.gov/public_disc/ptr-pdfs/2019/20012566.pdf
20010942,Lofgren,Zoe,P,CA19,1/3/2019,2019-01-03,Zoe Lofgren,https://disclosures-clerk.house.gov/public_disc/ptr-pdfs/2019/20010942.pdf
20011434,Lofgren,Zoe,P,CA19,4/9/2019,2019-04-09,Zoe Lofgren,https://disclosures-clerk.house.gov/public_disc/ptr-pdfs/2019/20011434.pdf
20011595,Lofgren,Zoe,P,CA19,5/8/2019,2019-05-08,Zoe Lofgren,https://disclosures-clerk.house.gov/public_disc/ptr-pdfs/2019/20011595.pdf
20011923,Lofgren,Zoe,P,CA19,7/8/2019,2019-07-08,Zoe Lofgren,https://disclosures-clerk.house.gov/public_disc/ptr-pdfs/2019/20011923.pdf
20011952,Lofgren,Zoe,P,CA19,8/7/2019,2019-08-07,Zoe Lofgren,https://disclosures-clerk.house.gov/public_disc/ptr-pdfs/2019/20011952.pdf
20012420,Lofgren,Zoe,P,CA19,10/8/2019,2019-10-08,Zoe Lofgren,https://disclosures-clerk.house.gov/public_disc/ptr-pdfs/2019/20012420.pdf
20012580,Lofgren,Zoe,P,CA19,11/8/2019,2019-11-08,Zoe Lofgren,https://disclosures-clerk.house.gov/public_disc/ptr-pdfs/2019/20012580.pdf
20012694,Lofgren,Zoe,P,CA19,12/9/2019,2019-12-09,Zoe Lofgren,https://disclosures-clerk.house.gov/public_disc/ptr-pdfs/2019/20012694.pdf
9114292,Long,Billy,P,MO07,1/9/2019,2019-01-09,Billy Long,https://disclosures-clerk.house.gov/public_disc/ptr-pdfs/2019/9114292.pdf
9114358,Long,Billy,P,MO07,2/6/2019,2019-02-06,Billy Long,https://disclosures-clerk.house.gov/public_disc/ptr-pdfs/2019/9114358.pdf
9115152,Long,Billy,P,MO07,7/17/2019,2019-07-17,Billy Long,https://disclosures-clerk.house.gov/public_disc/ptr-pdfs/2019/9115152.pdf
20011035,Lowenthal,Alan S.,P,CA47,1/19/2019,2019-01-19,Alan S. Lowenthal,https://disclosures-clerk.house.gov/public_disc/ptr-pdfs/2019/20011035.pdf
20011036,Lowenthal,Alan S.,P,CA47,1/19/2019,2019-01-19,Alan S. Lowenthal,https://disclosures-clerk.house.gov/public_disc/ptr-pdfs/2019/20011036.pdf
20011126,Lowenthal,Alan S.,P,CA47,2/9/2019,2019-02-09,Alan S. Lowenthal,https://disclosures-clerk.house.gov/public_disc/ptr-pdfs/2019/20011126.pdf
20011127,Lowenthal,Alan S.,P,CA47,2/9/2019,2019-02-09,Alan S. Lowenthal,https://disclosures-clerk.house.gov/public_disc/ptr-pdfs/2019/20011127.pdf
20011128,Lowenthal,Alan S.,P,CA47,2/9/2019,2019-02-09,Alan S. Lowenthal,https://disclosures-clerk.house.gov/public_disc/ptr-pdfs/2019/20011128.pdf
20011191,Lowenthal,Alan S.,P,CA47,2/23/2019,2019-02-23,Alan S. Lowenthal,https://disclosures-clerk.house.gov/public_disc/ptr-pdfs/2019/20011191.pdf
20011192,Lowenthal,Alan S.,P,CA47,2/23/2019,2019-02-23,Alan S. Lowenthal,https://disclosures-clerk.house.gov/public_disc/ptr-pdfs/2019/20011192.pdf
20011193,Lowenthal,Alan S.,P,CA47,2/23/2019,2019-02-23,Alan S. Lowenthal,https://disclosures-clerk.house.gov/public_disc/ptr-pdfs/2019/20011193.pdf
20011194,Lowenthal,Alan S.,P,CA47,2/23/2019,2019-02-23,Alan S. Lowenthal,https://disclosures-clerk.house.gov/public_disc/ptr-pdfs/2019/20011194.pdf
20011195,Lowenthal,Alan S.,P,CA47,2/23/2019,2019-02-23,Alan S. Lowenthal,https://disclosures-clerk.house.gov/public_disc/ptr-pdfs/2019/20011195.pdf
20011196,Lowenthal,Alan S.,P,CA47,2/23/2019,2019-02-23,Alan S. Lowenthal,https://disclosures-clerk.house.gov/public_disc/ptr-pdfs/2019/20011196.pdf
20011197,Lowenthal,Alan S.,P,CA47,2/23/2019,2019-02-23,Alan S. Lowenthal,https://disclosures-clerk.house.gov/public_disc/ptr-pdfs/2019/20011197.pdf
20011308,Lowenthal,Alan S.,P,CA47,3/18/2019,2019-03-18,Alan S. Lowenthal,https://disclosures-clerk.house.gov/public_disc/ptr-pdfs/2019/20011308.pdf
20011309,Lowenthal,Alan S.,P,CA47,3/18/2019,2019-03-18,Alan S. Lowenthal,https://disclosures-clerk.house.gov/public_disc/ptr-pdfs/2019/20011309.pdf
20011310,Lowenthal,Alan S.,P,CA47,3/18/2019,2019-03-18,Alan S. Lowenthal,https://disclosures-clerk.house.gov/public_disc/ptr-pdfs/2019/20011310.pdf
20011311,Lowenthal,Alan S.,P,CA47,3/18/2019,2019-03-18,Alan S. Lowenthal,https://disclosures-clerk.house.gov/public_disc/ptr-pdfs/2019/20011311.pdf
20011338,Lowenthal,Alan S.,P,CA47,3/23/2019,2019-03-23,Alan S. Lowenthal,https://disclosures-clerk.house.gov/public_disc/ptr-pdfs/2019/20011338.pdf
20011339,Lowenthal,Alan S.,P,CA47,3/23/2019,2019-03-23,Alan S. Lowenthal,https://disclosures-clerk.house.gov/public_disc/ptr-pdfs/2019/20011339.pdf
20011507,Lowenthal,Alan S.,P,CA47,4/20/2019,2019-04-20,Alan S. Lowenthal,https://disclosures-clerk.house.gov/public_disc/ptr-pdfs/2019/20011507.pdf
20011508,Lowenthal,Alan S.,P,CA47,4/20/2019,2019-04-20,Alan S. Lowenthal,https://disclosures-clerk.house.gov/public_disc/ptr-pdfs/2019/20011508.pdf
20011509,Lowenthal,Alan S.,P,CA47,4/20/2019,2019-04-20,Alan S. Lowenthal,https://disclosures-clerk.house.gov/public_disc/ptr-pdfs/2019/20011509.pdf
20011551,Lowenthal,Alan S.,P,CA47,4/28/2019,2019-04-28,Alan S. Lowenthal,https://disclosures-clerk.house.gov/public_disc/ptr-pdfs/2019/20011551.pdf
20011552,Lowenthal,Alan S.,P,CA47,4/28/2019,2019-04-28,Alan S. Lowenthal,https://disclosures-clerk.house.gov/public_disc/ptr-pdfs/2019/20011552.pdf
20011553,Lowenthal,Alan S.,P,CA47,4/28/2019,2019-04-28,Alan S. Lowenthal,https://disclosures-clerk.house.gov/public_disc/ptr-pdfs/2019/20011553.pdf
20011556,Lowenthal,Alan S.,P,CA47,4/28/2019,2019-04-28,Alan S. Lowenthal,https://disclosures-clerk.house.gov/public_disc/ptr-pdfs/2019/20011556.pdf
20011703,Lowenthal,Alan S.,P,CA47,5/19/2019,2019-05-19,Alan S. Lowenthal,https://disclosures-clerk.house.gov/public_disc/ptr-pdfs/2019/20011703.pdf
20011704,Lowenthal,Alan S.,P,CA47,5/19/2019,2019-05-19,Alan S. Lowenthal,https://disclosures-clerk.house.gov/public_disc/ptr-pdfs/2019/20011704.pdf
20011705,Lowenthal,Alan S.,P,CA47,5/19/2019,2019-05-19,Alan S. Lowenthal,https://disclosures-clerk.house.gov/public_disc/ptr-pdfs/2019/20011705.pdf
20011757,Lowenthal,Alan S.,P,CA47,5/31/2019,2019-05-31,Alan S. Lowenthal,https://disclosures-clerk.house.gov/public_disc/ptr-pdfs/2019/20011757.pdf
20011758,Lowenthal,Alan S.,P,CA47,5/31/2019,2019-05-31,Alan S. Lowenthal,https://disclosures-clerk.house.gov/public_disc/ptr-pdfs/2019/20011758.pdf
20011759,Lowenthal,Alan S.,P,CA47,5/31/2019,2019-05-31,Alan S. Lowenthal,https://disclosures-clerk.house.gov/public_disc/ptr-pdfs/2019/20011759.pdf
20011761,Lowenthal,Alan S.,P,CA47,5/31/2019,2019-05-31,Alan S. Lowenthal,https://disclosures-clerk.house.gov/public_disc/ptr-pdfs/2019/20011761.pdf
20011831,Lowenthal,Alan S.,P,CA47,6/12/2019,2019-06-12,Alan S. Lowenthal,https://disclosures-clerk.house.gov/public_disc/ptr-pdfs/2019/20011831.pdf
20011832,Lowenthal,Alan S.,P,CA47,6/12/2019,2019-06-12,Alan S. Lowenthal,https://disclosures-clerk.house.gov/public_disc/ptr-pdfs/2019/20011832.pdf
20011833,Lowenthal,Alan S.,P,CA47,6/12/2019,2019-06-12,Alan S. Lowenthal,https://disclosures-clerk.house.gov/public_disc/ptr-pdfs/2019/20011833.pdf
20011913,Lowenthal,Alan S.,P,CA47,7/1/2019,2019-07-01,Alan S. Lowenthal,https://disclosures-clerk.house.gov/public_disc/ptr-pdfs/2019/20011913.pdf
20011928,Lowenthal,Alan S.,P,CA47,7/3/2019,2019-07-03,Alan S. Lowenthal,https://disclosures-clerk.house.gov/public_disc/ptr-pdfs/2019/20011928.pdf
20012068,Lowenthal,Alan S.,P,CA47,7/27/2019,2019-07-27,Alan S. Lowenthal,https://disclosures-clerk.house.gov/public_disc/ptr-pdfs/2019/20012068.pdf
20012069,Lowenthal,Alan S.,P,CA47,7/27/2019,2019-07-27,Alan S. Lowenthal,https://disclosures-clerk.house.gov/public_disc/ptr-pdfs/2019/20012069.pdf
20012070,Lowenthal,Alan S.,P,CA47,7/27/2019,2019-07-27,Alan S. Lowenthal,https://disclosures-clerk.house.gov/public_disc/ptr-pdfs/2019/20012070.pdf
20012141,Lowenthal,Alan S.,P,CA47,8/10/2019,2019-08-10,Alan S. Lowenthal,https://disclosures-clerk.house.gov/public_disc/ptr-pdfs/2019/20012141.pdf
20012142,Lowenthal,Alan S.,P,CA47,8/10/2019,2019-08-10,Alan S. Lowenthal,https://disclosures-clerk.house.gov/public_disc/ptr-pdfs/2019/20012142.pdf
20012143,Lowenthal,Alan S.,P,CA47,8/11/2019,2019-08-11,Alan S. Lowenthal,https://disclosures-clerk.house.gov/public_disc/ptr-pdfs/2019/20012143.pdf
20012238,Lowenthal,Alan S.,P,CA47,9/1/2019,2019-09-01,Alan S. Lowenthal,https://disclosures-clerk.house.gov/public_disc/ptr-pdfs/2019/20012238.pdf
20012239,Lowenthal,Alan S.,P,CA47,9/1/2019,2019-09-01,Alan S. Lowenthal,https://disclosures-clerk.house.gov/public_disc/ptr-pdfs/2019/20012239.pdf
20012240,Lowenthal,Alan S.,P,CA47,9/1/2019,2019-09-01,Alan S. Lowenthal,https://disclosures-clerk.house.gov/public_disc/ptr-pdfs/2019/20012240.pdf
20012353,Lowenthal,Alan S.,P,CA47,9/21/2019,2019-09-21,Alan S. Lowenthal,https://disclosures-clerk.house.gov/public_disc/ptr-pdfs/2019/20012353.pdf
20012354,Lowenthal,Alan S.,P,CA47,9/21/2019,2019-09-21,Alan S. Lowenthal,https://disclosures-clerk.house.gov/public_disc/ptr-pdfs/2019/20012354.pdf
20012355,Lowenthal,Alan S.,P,CA47,9/21/2019,2019-09-21,Alan S. Lowenthal,https://disclosures-clerk.house.gov/public_disc/ptr-pdfs/2019/20012355.pdf
20012422,Lowenthal,Alan S.,P,CA47,10/5/2019,2019-10-05,Alan S. Lowenthal,https://disclosures-clerk.house.gov/public_disc/ptr-pdfs/2019/20012422.pdf
20012423,Lowenthal,Alan S.,P,CA47,10/5/2019,2019-10-05,Alan S. Lowenthal,https://disclosures-clerk.house.gov/public_disc/ptr-pdfs/2019/20012423.pdf
20012424,Lowenthal,Alan S.,P,CA47,10/5/2019,2019-10-05,Alan S. Lowenthal,https://disclosures-clerk.house.gov/public_disc/ptr-pdfs/2019/20012424.pdf
20012449,Lowenthal,Alan S.,P,CA47,10/9/2019,2019-10-09,Alan S. Lowenthal,https://disclosures-clerk.house.gov/public_disc/ptr-pdfs/2019/20012449.pdf
20012450,Lowenthal,Alan S.,P,CA47,10/9/2019,2019-10-09,Alan S. Lowenthal,https://disclosures-clerk.house.gov/public_disc/ptr-pdfs/2019/20012450.pdf
20012451,Lowenthal,Alan S.,P,CA47,10/9/2019,2019-10-09,Alan S. Lowenthal,https://disclosures-clerk.house.gov/public_disc/ptr-pdfs/2019/20012451.pdf
20012582,Lowenthal,Alan S.,P,CA47,11/7/2019,2019-11-07,Alan S. Lowenthal,https://disclosures-clerk.house.gov/public_disc/ptr-pdfs/2019/20012582.pdf
20012586,Lowenthal,Alan S.,P,CA47,11/8/2019,2019-11-08,Alan S. Lowenthal,https://disclosures-clerk.house.gov/public_disc/ptr-pdfs/2019/20012586.pdf
20012587,Lowenthal,Alan S.,P,CA47,11/8/2019,2019-11-08,Alan S. Lowenthal,https://disclosures-clerk.house.gov/public_disc/ptr-pdfs/2019/20012587.pdf
20012589,Lowenthal,Alan S.,P,CA47,11/8/2019,2019-11-08,Alan S. Lowenthal,https://disclosures-clerk.house.gov/public_disc/ptr-pdfs/2019/20012589.pdf
20012663,Lowenthal,Alan S.,P,CA47,11/25/2019,2019-11-25,Alan S. Lowenthal,https://disclosures-clerk.house.gov/public_disc/ptr-pdfs/2019/20012663.pdf
20012664,Lowenthal,Alan S.,P,CA47,11/25/2019,2019-11-25,Alan S. Lowenthal,https://disclosures-clerk.house.gov/public_disc/ptr-pdfs/2019/20012664.pdf
20012665,Lowenthal,Alan S.,P,CA47,11/25/2019,2019-11-25,Alan S. Lowenthal,https://disclosures-clerk.house.gov/public_disc/ptr-pdfs/2019/20012665.pdf
20012705,Lowenthal,Alan S.,P,CA47,12/6/2019,2019-12-06,Alan S. Lowenthal,https://disclosures-clerk.house.gov/public_disc/ptr-pdfs/2019/20012705.pdf
20013770,Lowenthal,Alan S.,P,CA47,12/15/2019,2019-12-15,Alan S. Lowenthal,https://disclosures-clerk.house.gov/public_disc/ptr-pdfs/2019/20013770.pdf
20013771,Lowenthal,Alan S.,P,CA47,12/15/2019,2019-12-15,Alan S. Lowenthal,https://disclosures-clerk.house.gov/public_disc/ptr-pdfs/2019/20013771.pdf
20013782,Lowenthal,Alan S.,P,CA47,12/17/2019,2019-12-17,Alan S. Lowenthal,https://disclosures-clerk.house.gov/public_disc/ptr-pdfs/2019/20013782.pdf
20013783,Lowenthal,Alan S.,P,CA47,12/17/2019,2019-12-17,Alan S. Lowenthal,https://disclosures-clerk.house.gov/public_disc/ptr-pdfs/2019/20013783.pdf
20013784,Lowenthal,Alan S.,P,CA47,12/17/2019,2019-12-17,Alan S. Lowenthal,https://disclosures-clerk.house.gov/public_disc/ptr-pdfs/2019/20013784.pdf
20010975,MacArthur,Thomas,P,NJ03,1/11/2019,2019-01-11,Thomas MacArthur,https://disclosures-clerk.house.gov/public_disc/ptr-pdfs/2019/20010975.pdf
20010996,MacArthur,Thomas,P,NJ03,1/12/2019,2019-01-12,Thomas MacArthur,https://disclosures-clerk.house.gov/public_disc/ptr-pdfs/2019/20010996.pdf
8219061,Malinowski,Tom,P,NJ07,7/1/2022,2022-07-01,Tom Malinowski,https://disclosures-clerk.house.gov/public_disc/ptr-pdfs/2019/8219061.pdf
20011020,Maloney,Carolyn B.,P,NY12,1/18/2019,2019-01-18,Carolyn B. Maloney,https://disclosures-clerk.house.gov/public_disc/ptr-pdfs/2019/20011020.pdf
20011160,Maloney,Carolyn B.,P,NY12,2/19/2019,2019-02-19,Carolyn B. Maloney,https://disclosures-clerk.house.gov/public_disc/ptr-pdfs/2019/20011160.pdf
20011694,Maloney,Carolyn B.,P,NY12,5/16/2019,2019-05-16,Carolyn B. Maloney,https://disclosures-clerk.house.gov/public_disc/ptr-pdfs/2019/20011694.pdf
20012023,Maloney,Carolyn B.,P,NY12,8/14/2019,2019-08-14,Carolyn B. Maloney,https://disclosures-clerk.house.gov/public_disc/ptr-pdfs/2019/20012023.pdf
20012504,Maloney,Carolyn B.,P,NY12,11/15/2019,2019-11-15,Carolyn B. Maloney,https://disclosures-clerk.house.gov/public_disc/ptr-pdfs/2019/20012504.pdf
20012621,Maloney,Carolyn B.,P,NY12,11/15/2019,2019-11-15,Carolyn B. Maloney,https://disclosures-clerk.house.gov/public_disc/ptr-pdfs/2019/20012621.pdf
9114458,Marchant,Kenny,P,TX24,3/12/2019,2019-03-12,Kenny Marchant,https://disclosures-clerk.house.gov/public_disc/ptr-pdfs/2019/9114458.pdf
9114535,Marchant,Kenny,P,TX24,4/12/2019,2019-04-12,Kenny Marchant,https://disclosures-clerk.house.gov/public_disc/ptr-pdfs/2019/9114535.pdf
9115168,Marchant,Kenny,P,TX24,7/19/2019,2019-07-19,Kenny Marchant,https://disclosures-clerk.house.gov/public_disc/ptr-pdfs/2019/9115168.pdf
9115391,Marchant,Kenny,P,TX24,9/13/2019,2019-09-13,Kenny Marchant,https://disclosures-clerk.house.gov/public_disc/ptr-pdfs/2019/9115391.pdf
8216718,Marchant,Kenny,P,TX24,11/19/2019,2019-11-19,Kenny Marchant,https://disclosures-clerk.house.gov/public_disc/ptr-pdfs/2019/8216718.pdf
8216921,Marchant,Kenny,P,TX24,1/22/2020,2020-01-22,Kenny Marchant,https://disclosures-clerk.house.gov/public_disc/ptr-pdfs/2019/8216921.pdf
20011448,Marshall,Roger W.,P,KS01,4/11/2019,2019-04-11,Roger W. Marshall,https://disclosures-clerk.house.gov/public_disc/ptr-pdfs/2019/20011448.pdf
20011828,Marshall,Roger W.,P,KS01,8/28/2019,2019-08-28,Roger W. Marshall,https://disclosures-clerk.house.gov/public_disc/ptr-pdfs/2019/20011828.pdf
20012700,Marshall,Roger W.,P,KS01,12/11/2019,2019-12-11,Roger W. Marshall,https://disclosures-clerk.house.gov/public_disc/ptr-pdfs/2019/20012700.pdf
20010968,Mast,Brian,P,FL18,1/7/2019,2019-01-07,Brian Mast,https://disclosures-clerk.house.gov/public_disc/ptr-pdfs/2019/20010968.pdf
20011103,Mast,Brian,P,FL18,2/5/2019,2019-02-05,Brian Mast,https://disclosures-clerk.house.gov/public_disc/ptr-pdfs/2019/20011103.pdf
20011284,Mast,Brian,P,FL18,3/12/2019,2019-03-12,Brian Mast,https://disclosures-clerk.house.gov/public_disc/ptr-pdfs/2019/20011284.pdf
20011470,Mast,Brian,P,FL18,4/15/2019,2019-04-15,Brian Mast,https://disclosures-clerk.house.gov/public_disc/ptr-pdfs/2019/20011470.pdf
20011639,Mast,Brian,P,FL18,5/8/2019,2019-05-08,Brian Mast,https://disclosures-clerk.house.gov/public_disc/ptr-pdfs/2019/20011639.pdf
20012261,Mast,Brian,P,FL18,9/4/2019,2019-09-04,Brian Mast,https://disclosures-clerk.house.gov/public_disc/ptr-pdfs/2019/20012261.pdf
20012405,Mast,Brian,P,FL18,10/2/2019,2019-10-02,Brian Mast,https://disclosures-clerk.house.gov/public_disc/ptr-pdfs/2019/20012405.pdf
20012546,Mast,Brian,P,FL18,11/4/2019,2019-11-04,Brian Mast,https://disclosures-clerk.house.gov/public_disc/ptr-pdfs/2019/20012546.pdf
9114418,McCaul,Michael T.,P,TX10,2/25/2019,2019-02-25,Michael T. McCaul,https://disclosures-clerk.house.gov/public_disc/ptr-pdfs/2019/9114418.pdf
9114492,McCaul,Michael T.,P,TX10,3/26/2019,2019-03-26,Michael T. McCaul,https://disclosures-clerk.house.gov/public_disc/ptr-pdfs/2019/9114492.pdf
9114567,McCaul,Michael T.,P,TX10,4/30/2019,2019-04-30,Michael T. McCaul,https://disclosures-clerk.house.gov/public_disc/ptr-pdfs/2019/9114567.pdf
9114757,McCaul,Michael T.,P,TX10,5/15/2019,2019-05-15,Michael T. McCaul,https://disclosures-clerk.house.gov/public_disc/ptr-pdfs/2019/9114757.pdf
9115083,McCaul,Michael T.,P,TX10,6/27/2019,2019-06-27,Michael T. McCaul,https://disclosures-clerk.house.gov/public_disc/ptr-pdfs/2019/9115083.pdf
9115183,McCaul,Michael T.,P,TX10,7/24/2019,2019-07-24,Michael T. McCaul,https://disclosures-clerk.house.gov/public_disc/ptr-pdfs/2019/9115183.pdf
9115315,McCaul,Michael T.,P,TX10,8/20/2019,2019-08-20,Michael T. McCaul,https://disclosures-clerk.house.gov/public_disc/ptr-pdfs/2019/9115315.pdf
9115485,McCaul,Michael T.,P,TX10,10/15/2019,2019-10-15,Michael T. McCaul,https://disclosures-clerk.house.gov/public_disc/ptr-pdfs/2019/9115485.pdf
8216661,McCaul,Michael T.,P,TX10,11/14/2019,2019-11-14,Michael T. McCaul,https://disclosures-clerk.house.gov/public_disc/ptr-pdfs/2019/8216661.pdf
8216839,McCaul,Michael T.,P,TX10,12/20/2019,2019-12-20,Michael T. McCaul,https://disclosures-clerk.house.gov/public_disc/ptr-pdfs/2019/8216839.pdf
8216935,McCaul,Michael T.,P,TX10,1/29/2020,2020-01-29,Michael T. McCaul,https://disclosures-clerk.house.gov/public_disc/ptr-pdfs/2019/8216935.pdf
20010918,McKinley,David B.,P,WV01,1/9/2019,2019-01-09,David B. McKinley,https://disclosures-clerk.house.gov/public_disc/ptr-pdfs/2019/20010918.pdf
20011072,McKinley,David B.,P,WV01,2/4/2019,2019-02-04,David B. McKinley,https://disclosures-clerk.house.gov/public_disc/ptr-pdfs/2019/20011072.pdf
20011351,McKinley,David B.,P,WV01,4/1/2019,2019-04-01,David B. McKinley,https://disclosures-clerk.house.gov/public_disc/ptr-pdfs/2019/20011351.pdf
20011581,McKinley,David B.,P,WV01,5/6/2019,2019-05-06,David B. McKinley,https://disclosures-clerk.house.gov/public_disc/ptr-pdfs/2019/20011581.pdf
20012105,McKinley,David B.,P,WV01,8/12/2019,2019-08-12,David B. McKinley,https://disclosures-clerk.house.gov/public_disc/ptr-pdfs/2019/20012105.pdf
20012245,McKinley,David B.,P,WV01,9/13/2019,2019-09-13,David B. McKinley,https://disclosures-clerk.house.gov/public_disc/ptr-pdfs/2019/20012245.pdf
20012286,Morelle,Joseph D.,P,NY25,9/20/2019,2019-09-20,Joseph D. Morelle,https://disclosures-clerk.house.gov/public_disc/ptr-pdfs/2019/20012286.pdf
20012542,Murphy,Greg Francis,P,NC03,11/3/2019,2019-11-03,Greg Francis Murphy,https://disclosures-clerk.house.gov/public_disc/ptr-pdfs/2019/20012542.pdf
20011954,Norton,Eleanor Holmes,P,DC00,7/8/2019,2019-07-08,Eleanor Holmes Norton,https://disclosures-clerk.house.gov/public_disc/ptr-pdfs/2019/20011954.pdf
20010930,O'Halleran,Tom,P,AZ01,1/2/2019,2019-01-02,Tom O'Halleran,https://disclosures-clerk.house.gov/public_disc/ptr-pdfs/2019/20010930.pdf
20011154,Pallone,Frank,P,NJ06,2/15/2019,2019-02-15,Frank Pallone,https://disclosures-clerk.house.gov/public_disc/ptr-pdfs/2019/20011154.pdf
20011466,Pallone,Frank,P,NJ06,4/18/2019,2019-04-18,Frank Pallone,https://disclosures-clerk.house.gov/public_disc/ptr-pdfs/2019/20011466.pdf
20011279,Pelosi,Nancy,P,CA12,3/11/2019,2019-03-11,Nancy Pelosi,https://disclosures-clerk.house.gov/public_disc/ptr-pdfs/2019/20011279.pdf
20011965,Pelosi,Nancy,P,CA12,7/11/2019,2019-07-11,Nancy Pelosi,https://disclosures-clerk.house.gov/public_disc/ptr-pdfs/2019/20011965.pdf
20012127,Pelosi,Nancy,P,CA12,8/13/2019,2019-08-13,Nancy Pelosi,https://disclosures-clerk.house.gov/public_disc/ptr-pdfs/2019/20012127.pdf
20012288,Pelosi,Nancy,P,CA12,9/18/2019,2019-09-18,Nancy Pelosi,https://disclosures-clerk.house.gov/public_disc/ptr-pdfs/2019/20012288.pdf
20012343,Pelosi,Nancy,P,CA12,9/19/2019,2019-09-19,Nancy Pelosi,https://disclosures-clerk.house.gov/public_disc/ptr-pdfs/2019/20012343.pdf
20011189,Perlmutter,Ed,P,CO07,2/22/2019,2019-02-22,Ed Perlmutter,https://disclosures-clerk.house.gov/public_disc/ptr-pdfs/2019/20011189.pdf
20011348,Perlmutter,Ed,P,CO07,3/25/2019,2019-03-25,Ed Perlmutter,https://disclosures-clerk.house.gov/public_disc/ptr-pdfs/2019/20011348.pdf
20011699,Perlmutter,Ed,P,CO07,5/17/2019,2019-05-17,Ed Perlmutter,https://disclosures-clerk.house.gov/public_disc/ptr-pdfs/2019/20011699.pdf
20011988,Perlmutter,Ed,P,CO07,7/11/2019,2019-07-11,Ed Perlmutter,https://disclosures-clerk.house.gov/public_disc/ptr-pdfs/2019/20011988.pdf
20012250,Perlmutter,Ed,P,CO07,9/3/2019,2019-09-03,Ed Perlmutter,https://disclosures-clerk.house.gov/public_disc/ptr-pdfs/2019/20012250.pdf
20013812,Perlmutter,Ed,P,CO07,12/23/2019,2019-12-23,Ed Perlmutter,https://disclosures-clerk.house.gov/public_disc/ptr-pdfs/2019/20013812.pdf
20011013,Peters,Scott H.,P,CA52,1/18/2019,2019-01-18,Scott H. Peters,https://disclosures-clerk.house.gov/public_disc/ptr-pdfs/2019/20011013.pdf
20011136,Peters,Scott H.,P,CA52,2/12/2019,2019-02-12,Scott H. Peters,https://disclosures-clerk.house.gov/public_disc/ptr-pdfs/2019/20011136.pdf
20011286,Peters,Scott H.,P,CA52,3/19/2019,2019-03-19,Scott H. Peters,https://disclosures-clerk.house.gov/public_disc/ptr-pdfs/2019/20011286.pdf
20011456,Peters,Scott H.,P,CA52,4/14/2019,2019-04-14,Scott H. Peters,https://disclosures-clerk.house.gov/public_disc/ptr-pdfs/2019/20011456.pdf
20011594,Peters,Scott H.,P,CA52,5/6/2019,2019-05-06,Scott H. Peters,https://disclosures-clerk.house.gov/public_disc/ptr-pdfs/2019/20011594.pdf
20011805,Peters,Scott H.,P,CA52,6/18/2019,2019-06-18,Scott H. Peters,https://disclosures-clerk.house.gov/public_disc/ptr-pdfs/2019/20011805.pdf
20011963,Peters,Scott H.,P,CA52,7/14/2019,2019-07-14,Scott H. Peters,https://disclosures-clerk.house.gov/public_disc/ptr-pdfs/2019/20011963.pdf
20012153,Peters,Scott H.,P,CA52,8/14/2019,2019-08-14,Scott H. Peters,https://disclosures-clerk.house.gov/public_disc/ptr-pdfs/2019/20012153.pdf
20012309,Peters,Scott H.,P,CA52,9/16/2019,2019-09-16,Scott H. Peters,https://disclosures-clerk.house.gov/public_disc/ptr-pdfs/2019/20012309.pdf
20012466,Peters,Scott H.,P,CA52,10/15/2019,2019-10-15,Scott H. Peters,https://disclosures-clerk.house.gov/public_disc/ptr-pdfs/2019/20012466.pdf
20012624,Peters,Scott H.,P,CA52,11/22/2019,2019-11-22,Scott H. Peters,https://disclosures-clerk.house.gov/public_disc/ptr-pdfs/2019/20012624.pdf
20012747,Peters,Scott H.,P,CA52,12/19/2019,2019-12-19,Scott H. Peters,https://disclosures-clerk.house.gov/public_disc/ptr-pdfs/2019/20012747.pdf
20011106,Phillips,Dean,P,MN03,2/18/2019,2019-02-18,Dean Phillips,https://disclosures-clerk.house.gov/public_disc/ptr-pdfs/2019/20011106.pdf
20011263,Phillips,Dean,P,MN03,3/21/2019,2019-03-21,Dean Phillips,https://disclosures-clerk.house.gov/public_disc/ptr-pdfs/2019/20011263.pdf
20011447,Phillips,Dean,P,MN03,4/16/2019,2019-04-16,Dean Phillips,https://disclosures-clerk.house.gov/public_disc/ptr-pdfs/2019/20011447.pdf
20011695,Phillips,Dean,P,MN03,5/21/2019,2019-05-21,Dean Phillips,https://disclosures-clerk.house.gov/public_disc/ptr-pdfs/2019/20011695.pdf
20011821,Phillips,Dean,P,MN03,6/13/2019,2019-06-13,Dean Phillips,https://disclosures-clerk.house.gov/public_disc/ptr-pdfs/2019/20011821.pdf
20011980,Phillips,Dean,P,MN03,7/11/2019,2019-07-11,Dean Phillips,https://disclosures-clerk.house.gov/public_disc/ptr-pdfs/2019/20011980.pdf
20012179,Phillips,Dean,P,MN03,8/21/2019,2019-08-21,Dean Phillips,https://disclosures-clerk.house.gov/public_disc/ptr-pdfs/2019/20012179.pdf
20012295,Phillips,Dean,P,MN03,9/16/2019,2019-09-16,Dean Phillips,https://disclosures-clerk.house.gov/public_disc/ptr-pdfs/2019/20012295.pdf
20012443,Phillips,Dean,P,MN03,10/11/2019,2019-10-11,Dean Phillips,https://disclosures-clerk.house.gov/public_disc/ptr-pdfs/2019/20012443.pdf
20012572,Phillips,Dean,P,MN03,11/6/2019,2019-11-06,Dean Phillips,https://disclosures-clerk.house.gov/public_disc/ptr-pdfs/2019/20012572.pdf
20012726,Phillips,Dean,P,MN03,12/11/2019,2019-12-11,Dean Phillips,https://disclosures-clerk.house.gov/public_disc/ptr-pdfs/2019/20012726.pdf
20011642,Pingree,Chellie,P,ME01,5/15/2019,2019-05-15,Chellie Pingree,https://disclosures-clerk.house.gov/public_disc/ptr-pdfs/2019/20011642.pdf
20011692,Pingree,Chellie,P,ME01,5/16/2019,2019-05-16,Chellie Pingree,https://disclosures-clerk.house.gov/public_disc/ptr-pdfs/2019/20011692.pdf
20010941,Price,David E.,P,NC04,1/3/2019,2019-01-03,David E. Price,https://disclosures-clerk.house.gov/public_disc/ptr-pdfs/2019/20010941.pdf
20011010,Price,David E.,P,NC04,1/14/2019,2019-01-14,David E. Price,https://disclosures-clerk.house.gov/public_disc/ptr-pdfs/2019/20011010.pdf
20011383,Price,David E.,P,NC04,4/2/2019,2019-04-02,David E. Price,https://disclosures-clerk.house.gov/public_disc/ptr-pdfs/2019/20011383.pdf
20011788,Price,David E.,P,NC04,6/4/2019,2019-06-04,David E. Price,https://disclosures-clerk.house.gov/public_disc/ptr-pdfs/2019/20011788.pdf
20011985,Price,David E.,P,NC04,7/11/2019,2019-07-11,David E. Price,https://disclosures-clerk.house.gov/public_disc/ptr-pdfs/2019/20011985.pdf
20012285,Price,David E.,P,NC04,9/9/2019,2019-09-09,David E. Price,https://disclosures-clerk.house.gov/public_disc/ptr-pdfs/2019/20012285.pdf
20012051,Rice,Tom,P,SC07,7/24/2019,2019-07-24,Tom Rice,https://disclosures-clerk.house.gov/public_disc/ptr-pdfs/2019/20012051.pdf
20012183,Rice,Tom,P,SC07,8/16/2019,2019-08-16,Tom Rice,https://disclosures-clerk.house.gov/public_disc/ptr-pdfs/2019/20012183.pdf
20012639,Rice,Tom,P,SC07,11/19/2019,2019-11-19,Tom Rice,https://disclosures-clerk.house.gov/public_disc/ptr-pdfs/2019/20012639.pdf
9114416,Roe,David P.,P,TN01,2/25/2019,2019-02-25,David P. Roe,https://disclosures-clerk.house.gov/public_disc/ptr-pdfs/2019/9114416.pdf
9114459,Roe,David P.,P,TN01,3/14/2019,2019-03-14,David P. Roe,https://disclosures-clerk.house.gov/public_disc/ptr-pdfs/2019/9114459.pdf
9114520,Roe,David P.,P,TN01,4/5/2019,2019-04-05,David P. Roe,https://disclosures-clerk.house.gov/public_disc/ptr-pdfs/2019/9114520.pdf
9114617,Roe,David P.,P,TN01,5/7/2019,2019-05-07,David P. Roe,https://disclosures-clerk.house.gov/public_disc/ptr-pdfs/2019/9114617.pdf
9115040,Roe,David P.,P,TN01,6/7/2019,2019-06-07,David P. Roe,https://disclosures-clerk.house.gov/public_disc/ptr-pdfs/2019/9115040.pdf
9115134,Roe,David P.,P,TN01,7/12/2019,2019-07-12,David P. Roe,https://disclosures-clerk.house.gov/public_disc/ptr-pdfs/2019/9115134.pdf
9115266,Roe,David P.,P,TN01,8/12/2019,2019-08-12,David P. Roe,https://disclosures-clerk.house.gov/public_disc/ptr-pdfs/2019/9115266.pdf
9115349,Roe,David P.,P,TN01,9/5/2019,2019-09-05,David P. Roe,https://disclosures-clerk.house.gov/public_disc/ptr-pdfs/2019/9115349.pdf
9115486,Roe,David P.,P,TN01,10/15/2019,2019-10-15,David P. Roe,https://disclosures-clerk.house.gov/public_disc/ptr-pdfs/2019/9115486.pdf
8216663,Roe,David P.,P,TN01,11/14/2019,2019-11-14,David P. Roe,https://disclosures-clerk.house.gov/public_disc/ptr-pdfs/2019/8216663.pdf
8216806,Roe,David P.,P,TN01,12/12/2019,2019-12-12,David P. Roe,https://disclosures-clerk.house.gov/public_disc/ptr-pdfs/2019/8216806.pdf
8216911,Roe,David P.,P,TN01,1/14/2020,2020-01-14,David P. Roe,https://disclosures-clerk.house.gov/public_disc/ptr-pdfs/2019/8216911.pdf
9114336,Rogers,Harold Dallas,P,KY05,1/29/2019,2019-01-29,Harold Dallas Rogers,https://disclosures-clerk.house.gov/public_disc/ptr-pdfs/2019/9114336.pdf
9114434,Rogers,Harold Dallas,P,KY05,2/26/2019,2019-02-26,Harold Dallas Rogers,https://disclosures-clerk.house.gov/public_disc/ptr-pdfs/2019/9114434.pdf
9114501,Rogers,Harold Dallas,P,KY05,4/1/2019,2019-04-01,Harold Dallas Rogers,https://disclosures-clerk.house.gov/public_disc/ptr-pdfs/2019/9114501.pdf
9114598,Rogers,Harold Dallas,P,KY05,5/3/2019,2019-05-03,Harold Dallas Rogers,https://disclosures-clerk.house.gov/public_disc/ptr-pdfs/2019/9114598.pdf
9114999,Rogers,Harold Dallas,P,KY05,6/4/2019,2019-06-04,Harold Dallas Rogers,https://disclosures-clerk.house.gov/public_disc/ptr-pdfs/2019/9114999.pdf
9115093,Rogers,Harold Dallas,P,KY05,7/1/2019,2019-07-01,Harold Dallas Rogers,https://disclosures-clerk.house.gov/public_disc/ptr-pdfs/2019/9115093.pdf
9115198,Rogers,Harold Dallas,P,KY05,7/30/2019,2019-07-30,Harold Dallas Rogers,https://disclosures-clerk.house.gov/public_disc/ptr-pdfs/2019/9115198.pdf
9115335,Rogers,Harold Dallas,P,KY05,9/4/2019,2019-09-04,Harold Dallas Rogers,https://disclosures-clerk.house.gov/public_disc/ptr-pdfs/2019/9115335.pdf
9115442,Rogers,Harold Dallas,P,KY05,9/30/2019,2019-09-30,Harold Dallas Rogers,https://disclosures-clerk.house.gov/public_disc/ptr-pdfs/2019/9115442.pdf
9115499,Rogers,Harold Dallas,P,KY05,10/22/2019,2019-10-22,Harold Dallas Rogers,https://disclosures-clerk.house.gov/public_disc/ptr-pdfs/2019/9115499.pdf
8216783,Rogers,Harold Dallas,P,KY05,12/4/2019,2019-12-04,Harold Dallas Rogers,https://disclosures-clerk.house.gov/public_disc/ptr-pdfs/2019/8216783.pdf
8216853,Rogers,Harold Dallas,P,KY05,1/6/2020,2020-01-06,Harold Dallas Rogers,https://disclosures-clerk.house.gov/public_disc/ptr-pdfs/2019/8216853.pdf
9114303,Rooney,Francis,P,FL19,1/15/2019,2019-01-15,Francis Rooney,https://disclosures-clerk.house.gov/public_disc/ptr-pdfs/2019/9114303.pdf
9114371,Rooney,Francis,P,FL19,2/12/2019,2019-02-12,Francis Rooney,https://disclosures-clerk.house.gov/public_disc/ptr-pdfs/2019/9114371.pdf
9114460,Rooney,Francis,P,FL19,3/12/2019,2019-03-12,Francis Rooney,https://disclosures-clerk.house.gov/public_disc/ptr-pdfs/2019/9114460.pdf
9114500,Rooney,Francis,P,FL19,4/2/2019,2019-04-02,Francis Rooney,https://disclosures-clerk.house.gov/public_disc/ptr-pdfs/2019/9114500.pdf
9114754,Rooney,Francis,P,FL19,5/15/2019,2019-05-15,Francis Rooney,https://disclosures-clerk.house.gov/public_disc/ptr-pdfs/2019/9114754.pdf
9115043,Rooney,Francis,P,FL19,6/12/2019,2019-06-12,Francis Rooney,https://disclosures-clerk.house.gov/public_disc/ptr-pdfs/2019/9115043.pdf
9115135,Rooney,Francis,P,FL19,7/12/2019,2019-07-12,Francis Rooney,https://disclosures-clerk.house.gov/public_disc/ptr-pdfs/2019/9115135.pdf
9115279,Rooney,Francis,P,FL19,8/13/2019,2019-08-13,Francis Rooney,https://disclosures-clerk.house.gov/public_disc/ptr-pdfs/2019/9115279.pdf
9115388,Rooney,Francis,P,FL19,9/12/2019,2019-09-12,Francis Rooney,https://disclosures-clerk.house.gov/public_disc/ptr-pdfs/2019/9115388.pdf
9115487,Rooney,Francis,P,FL19,10/16/2019,2019-10-16,Francis Rooney,https://disclosures-clerk.house.gov/public_disc/ptr-pdfs/2019/9115487.pdf
8216664,Rooney,Francis,P,FL19,11/14/2019,2019-11-14,Francis Rooney,https://disclosures-clerk.house.gov/public_disc/ptr-pdfs/2019/8216664.pdf
8216824,Rooney,Francis,P,FL19,12/17/2019,2019-12-17,Francis Rooney,https://disclosures-clerk.house.gov/public_disc/ptr-pdfs/2019/8216824.pdf
20010988,Rooney,Thomas J.,P,FL17,1/14/2019,2019-01-14,Thomas J. Rooney,https://disclosures-clerk.house.gov/public_disc/ptr-pdfs/2019/20010988.pdf
20011132,Rooney,Thomas J.,P,FL17,2/11/2019,2019-02-11,Thomas J. Rooney,https://disclosures-clerk.house.gov/public_disc/ptr-pdfs/2019/20011132.pdf
20012736,Rose,John W.,P,TN06,12/11/2019,2019-12-11,John W. Rose,https://disclosures-clerk.house.gov/public_disc/ptr-pdfs/2019/20012736.pdf
20011153,Rosen,Jacky,P,NV03,2/14/2019,2019-02-14,Jacky Rosen,https://disclosures-clerk.house.gov/public_disc/ptr-pdfs/2019/20011153.pdf
20011180,Rosen,Jacky,P,NV03,2/21/2019,2019-02-21,Jacky Rosen,https://disclosures-clerk.house.gov/public_disc/ptr-pdfs/2019/20011180.pdf
20011095,Rothfus,Keith J.,P,PA12,2/4/2019,2019-02-04,Keith J. Rothfus,https://disclosures-clerk.house.gov/public_disc/ptr-pdfs/2019/20011095.pdf
20011328,Rouda,Harley E.,P,CA48,3/28/2019,2019-03-28,Harley E. Rouda,https://disclosures-clerk.house.gov/public_disc/ptr-pdfs/2019/20011328.pdf
20011382,Rouda,Harley E.,P,CA48,4/2/2019,2019-04-02,Harley E. Rouda,https://disclosures-clerk.house.gov/public_disc/ptr-pdfs/2019/20011382.pdf
20012062,Rouzer,David Cheston,P,NC07,7/26/2019,2019-07-26,David Cheston Rouzer,https://disclosures-clerk.house.gov/public_disc/ptr-pdfs/2019/20012062.pdf
20010938,Rutherford,John,P,FL04,1/2/2019,2019-01-02,John Rutherford,https://disclosures-clerk.house.gov/public_disc/ptr-pdfs/2019/20010938.pdf
20011078,Rutherford,John,P,FL04,1/31/2019,2019-01-31,John Rutherford,https://disclosures-clerk.house.gov/public_disc/ptr-pdfs/2019/20011078.pdf
20011222,Rutherford,John,P,FL04,2/28/2019,2019-02-28,John Rutherford,https://disclosures-clerk.house.gov/public_disc/ptr-pdfs/2019/20011222.pdf
20011377,Rutherford,John,P,FL04,4/2/2019,2019-04-02,John Rutherford,https://disclosures-clerk.house.gov/public_disc/ptr-pdfs/2019/20011377.pdf
20011650,Rutherford,John,P,FL04,5/10/2019,2019-05-10,John Rutherford,https://disclosures-clerk.house.gov/public_disc/ptr-pdfs/2019/20011650.pdf
20012005,Rutherford,John,P,FL04,8/9/2019,2019-08-09,John Rutherford,https://disclosures-clerk.house.gov/public_disc/ptr-pdfs/2019/20012005.pdf
20012382,Rutherford,John,P,FL04,9/27/2019,2019-09-27,John Rutherford,https://disclosures-clerk.house.gov/public_disc/ptr-pdfs/2019/20012382.pdf
20013786,Rutherford,John,P,FL04,12/18/2019,2019-12-18,John Rutherford,https://disclosures-clerk.house.gov/public_disc/ptr-pdfs/2019/20013786.pdf
9114626,Schiff,Adam B.,P,CA28,5/9/2019,2019-05-09,Adam B. Schiff,https://disclosures-clerk.house.gov/public_disc/ptr-pdfs/2019/9114626.pdf
20010924,Schneider,Bradley S.,P,IL10,1/1/2019,2019-01-01,Bradley S. Schneider,https://disclosures-clerk.house.gov/public_disc/ptr-pdfs/2019/20010924.pdf
20011172,Schneider,Bradley S.,P,IL10,2/17/2019,2019-02-17,Bradley S. Schneider,https://disclosures-clerk.house.gov/public_disc/ptr-pdfs/2019/20011172.pdf
20011416,Schneider,Bradley S.,P,IL10,4/6/2019,2019-04-06,Bradley S. Schneider,https://disclosures-clerk.house.gov/public_disc/ptr-pdfs/2019/20011416.pdf
20011720,Schneider,Bradley S.,P,IL10,5/26/2019,2019-05-26,Bradley S. Schneider,https://disclosures-clerk.house.gov/public_disc/ptr-pdfs/2019/20011720.pdf
20011859,Schneider,Bradley S.,P,IL10,6/17/2019,2019-06-17,Bradley S. Schneider,https://disclosures-clerk.house.gov/public_disc/ptr-pdfs/2019/20011859.pdf
20011882,Schneider,Bradley S.,P,IL10,6/21/2019,2019-06-21,Bradley S. Schneider,https://disclosures-clerk.house.gov/public_disc/ptr-pdfs/2019/20011882.pdf
20012082,Schneider,Bradley S.,P,IL10,8/4/2019,2019-08-04,Bradley S. Schneider,https://disclosures-clerk.house.gov/public_disc/ptr-pdfs/2019/20012082.pdf
20013807,Schneider,Bradley S.,P,IL10,12/21/2019,2019-12-21,Bradley S. Schneider,https://disclosures-clerk.house.gov/public_disc/ptr-pdfs/2019/20013807.pdf
9114355,Schrader,Kurt,P,OR05,2/5/2019,2019-02-05,Kurt Schrader,https://disclosures-clerk.house.gov/public_disc/ptr-pdfs/2019/9114355.pdf
9114440,Schrader,Kurt,P,OR05,3/5/2019,2019-03-05,Kurt Schrader,https://disclosures-clerk.house.gov/public_disc/ptr-pdfs/2019/9114440.pdf
9114499,Schrader,Kurt,P,OR05,4/1/2019,2019-04-01,Kurt Schrader,https://disclosures-clerk.house.gov/public_disc/ptr-pdfs/2019/9114499.pdf
9115060,Schrader,Kurt,P,OR05,6/20/2019,2019-06-20,Kurt Schrader,https://disclosures-clerk.house.gov/public_disc/ptr-pdfs/2019/9115060.pdf
9115240,Schrader,Kurt,P,OR05,8/7/2019,2019-08-07,Kurt Schrader,https://disclosures-clerk.house.gov/public_disc/ptr-pdfs/2019/9115240.pdf
9115392,Schrader,Kurt,P,OR05,9/13/2019,2019-09-13,Kurt Schrader,https://disclosures-clerk.house.gov/public_disc/ptr-pdfs/2019/9115392.pdf
9115500,Schrader,Kurt,P,OR05,10/23/2019,2019-10-23,Kurt Schrader,https://disclosures-clerk.house.gov/public_disc/ptr-pdfs/2019/9115500.pdf
8216784,Schrader,Kurt,P,OR05,12/5/2019,2019-12-05,Kurt Schrader,https://disclosures-clerk.house.gov/public_disc/ptr-pdfs/2019/8216784.pdf
8216912,Schrader,Kurt,P,OR05,1/14/2020,2020-01-14,Kurt Schrader,https://disclosures-clerk.house.gov/public_disc/ptr-pdfs/2019/8216912.pdf
20007920,Schrier,Kim,P,WA08,4/30/2019,2019-04-30,Kim Schrier,https://disclosures-clerk.house.gov/public_disc/ptr-pdfs/2019/20007920.pdf
20012404,Schrier,Kim,P,WA08,10/2/2019,2019-10-02,Kim Schrier,https://disclosures-clerk.house.gov/public_disc/ptr-pdfs/2019/20012404.pdf
20012496,Schrier,Kim,P,WA08,10/21/2019,2019-10-21,Kim Schrier,https://disclosures-clerk.house.gov/public_disc/ptr-pdfs/2019/20012496.pdf
20011256,Scott,Austin,P,GA08,3/6/2019,2019-03-06,Austin Scott,https://disclosures-clerk.house.gov/public_disc/ptr-pdfs/2019/20011256.pdf
9114563,Sensenbrenner,F. James,P,WI05,4/29/2019,2019-04-29,F. James Sensenbrenner,https://disclosures-clerk.house.gov/public_disc/ptr-pdfs/2019/9114563.pdf
9114795,Sensenbrenner,F. James,P,WI05,5/21/2019,2019-05-21,F. James Sensenbrenner,https://disclosures-clerk.house.gov/public_disc/ptr-pdfs/2019/9114795.pdf
20011472,Sherrill,Mikie,P,NJ11,4/17/2019,2019-04-17,Mikie Sherrill,https://disclosures-clerk.house.gov/public_disc/ptr-pdfs/2019/20011472.pdf
20011646,Sherrill,Mikie,P,NJ11,5/15/2019,2019-05-15,Mikie Sherrill,https://disclosures-clerk.house.gov/public_disc/ptr-pdfs/2019/20011646.pdf
20011886,Sherrill,Mikie,P,NJ11,7/8/2019,2019-07-08,Mikie Sherrill,https://disclosures-clerk.house.gov/public_disc/ptr-pdfs/2019/20011886.pdf
20012232,Sherrill,Mikie,P,NJ11,9/5/2019,2019-09-05,Mikie Sherrill,https://disclosures-clerk.house.gov/public_disc/ptr-pdfs/2019/20012232.pdf
20008955,Simpson,Michael K.,P,ID02,4/29/2019,2019-04-29,Michael K. Simpson,https://disclosures-clerk.house.gov/public_disc/ptr-pdfs/2019/20008955.pdf
9114919,Sires,Albio,P,NJ08,5/15/2019,2019-05-15,Albio Sires,https://disclosures-clerk.house.gov/public_disc/ptr-pdfs/2019/9114919.pdf
20010972,Smith,Lamar,P,TX21,1/10/2019,2019-01-10,Lamar Smith,https://disclosures-clerk.house.gov/public_disc/ptr-pdfs/2019/20010972.pdf
20011440,Smucker,Lloyd K.,P,PA11,4/11/2019,2019-04-11,Lloyd K. Smucker,https://disclosures-clerk.house.gov/public_disc/ptr-pdfs/2019/20011440.pdf
20011664,Smucker,Lloyd K.,P,PA11,5/13/2019,2019-05-13,Lloyd K. Smucker,https://disclosures-clerk.house.gov/public_disc/ptr-pdfs/2019/20011664.pdf
20011948,Smucker,Lloyd K.,P,PA11,7/9/2019,2019-07-09,Lloyd K. Smucker,https://disclosures-clerk.house.gov/public_disc/ptr-pdfs/2019/20011948.pdf
20012039,Steil,Bryan George,P,WI01,7/22/2019,2019-07-22,Bryan George Steil,https://disclosures-clerk.house.gov/public_disc/ptr-pdfs/2019/20012039.pdf
20012040,Steil,Bryan George,P,WI01,7/22/2019,2019-07-22,Bryan George Steil,https://disclosures-clerk.house.gov/public_disc/ptr-pdfs/2019/20012040.pdf
20012159,Steube,W. Greg,P,FL17,8/13/2019,2019-08-13,W. Greg Steube,https://disclosures-clerk.house.gov/public_disc/ptr-pdfs/2019/20012159.pdf
20011105,Taylor,Nicholas Van,P,TX03,2/15/2019,2019-02-15,Nicholas Van Taylor,https://disclosures-clerk.house.gov/public_disc/ptr-pdfs/2019/20011105.pdf
20011170,Taylor,Nicholas Van,P,TX03,3/14/2019,2019-03-14,Nicholas Van Taylor,https://disclosures-clerk.house.gov/public_disc/ptr-pdfs/2019/20011170.pdf
20011315,Taylor,Nicholas Van,P,TX03,4/15/2019,2019-04-15,Nicholas Van Taylor,https://disclosures-clerk.house.gov/public_disc/ptr-pdfs/2019/20011315.pdf
20011768,Taylor,Nicholas Van,P,TX03,6/17/2019,2019-06-17,Nicholas Van Taylor,https://disclosures-clerk.house.gov/public_disc/ptr-pdfs/2019/20011768.pdf
20011924,Taylor,Nicholas Van,P,TX03,7/9/2019,2019-07-09,Nicholas Van Taylor,https://disclosures-clerk.house.gov/public_disc/ptr-pdfs/2019/20011924.pdf
20012121,Taylor,Nicholas Van,P,TX03,8/7/2019,2019-08-07,Nicholas Van Taylor,https://disclosures-clerk.house.gov/public_disc/ptr-pdfs/2019/20012121.pdf
20012273,Taylor,Nicholas Van,P,TX03,9/5/2019,2019-09-05,Nicholas Van Taylor,https://disclosures-clerk.house.gov/public_disc/ptr-pdfs/2019/20012273.pdf
20012398,Taylor,Nicholas Van,P,TX03,10/8/2019,2019-10-08,Nicholas Van Taylor,https://disclosures-clerk.house.gov/public_disc/ptr-pdfs/2019/20012398.pdf
20012539,Taylor,Nicholas Van,P,TX03,11/6/2019,2019-11-06,Nicholas Van Taylor,https://disclosures-clerk.house.gov/public_disc/ptr-pdfs/2019/20012539.pdf
20012685,Taylor,Nicholas Van,P,TX03,12/9/2019,2019-12-09,Nicholas Van Taylor,https://disclosures-clerk.house.gov/public_disc/ptr-pdfs/2019/20012685.pdf
20010971,Trott,David A.,P,MI11,1/8/2019,2019-01-08,David A. Trott,https://disclosures-clerk.house.gov/public_disc/ptr-pdfs/2019/20010971.pdf
20011108,Trott,David A.,P,MI11,2/7/2019,2019-02-07,David A. Trott,https://disclosures-clerk.house.gov/public_disc/ptr-pdfs/2019/20011108.pdf
9114325,Upton,Fred,P,MI06,1/25/2019,2019-01-25,Fred Upton,https://disclosures-clerk.house.gov/public_disc/ptr-pdfs/2019/9114325.pdf
9114498,Upton,Fred,P,MI06,4/4/2019,2019-04-04,Fred Upton,https://disclosures-clerk.house.gov/public_disc/ptr-pdfs/2019/9114498.pdf
9114800,Upton,Fred,P,MI06,5/22/2019,2019-05-22,Fred Upton,https://disclosures-clerk.house.gov/public_disc/ptr-pdfs/2019/9114800.pdf
9115061,Upton,Fred,P,MI06,6/19/2019,2019-06-19,Fred Upton,https://disclosures-clerk.house.gov/public_disc/ptr-pdfs/2019/9115061.pdf
9115076,Upton,Fred,P,MI06,6/25/2019,2019-06-25,Fred Upton,https://disclosures-clerk.house.gov/public_disc/ptr-pdfs/2019/9115076.pdf
9115199,Upton,Fred,P,MI06,7/26/2019,2019-07-26,Fred Upton,https://disclosures-clerk.house.gov/public_disc/ptr-pdfs/2019/9115199.pdf
9115393,Upton,Fred,P,MI06,9/13/2019,2019-09-13,Fred Upton,https://disclosures-clerk.house.gov/public_disc/ptr-pdfs/2019/9115393.pdf
8216631,Upton,Fred,P,MI06,11/5/2019,2019-11-05,Fred Upton,https://disclosures-clerk.house.gov/public_disc/ptr-pdfs/2019/8216631.pdf
8216828,Upton,Fred,P,MI06,12/19/2019,2019-12-19,Fred Upton,https://disclosures-clerk.house.gov/public_disc/ptr-pdfs/2019/8216828.pdf
20011048,Visclosky,Peter J.,P,IN01,1/24/2019,2019-01-24,Peter J. Visclosky,https://disclosures-clerk.house.gov/public_disc/ptr-pdfs/2019/20011048.pdf
9114491,Wagner,Ann,P,MO02,3/22/2019,2019-03-22,Ann Wagner,https://disclosures-clerk.house.gov/public_disc/ptr-pdfs/2019/9114491.pdf
9114647,Wagner,Ann,P,MO02,5/13/2019,2019-05-13,Ann Wagner,https://disclosures-clerk.house.gov/public_disc/ptr-pdfs/2019/9114647.pdf
9115052,Wagner,Ann,P,MO02,6/14/2019,2019-06-14,Ann Wagner,https://disclosures-clerk.house.gov/public_disc/ptr-pdfs/2019/9115052.pdf
9115156,Wagner,Ann,P,MO02,7/15/2019,2019-07-15,Ann Wagner,https://disclosures-clerk.house.gov/public_disc/ptr-pdfs/2019/9115156.pdf
9115290,Wagner,Ann,P,MO02,8/15/2019,2019-08-15,Ann Wagner,https://disclosures-clerk.house.gov/public_disc/ptr-pdfs/2019/9115290.pdf
9115350,Wagner,Ann,P,MO02,9/5/2019,2019-09-05,Ann Wagner,https://disclosures-clerk.house.gov/public_disc/ptr-pdfs/2019/9115350.pdf
9115514,Wagner,Ann,P,MO02,10/28/2019,2019-10-28,Ann Wagner,https://disclosures-clerk.house.gov/public_disc/ptr-pdfs/2019/9115514.pdf
8216665,Wagner,Ann,P,MO02,11/12/2019,2019-11-12,Ann Wagner,https://disclosures-clerk.house.gov/public_disc/ptr-pdfs/2019/8216665.pdf
8216807,Wagner,Ann,P,MO02,12/9/2019,2019-12-09,Ann Wagner,https://disclosures-clerk.house.gov/public_disc/ptr-pdfs/2019/8216807.pdf
8216876,Wagner,Ann,P,MO02,1/9/2020,2020-01-09,Ann Wagner,https://disclosures-clerk.house.gov/public_disc/ptr-pdfs/2019/8216876.pdf
20011896,Wasserman Schultz,Debbie,P,FL23,7/1/2019,2019-07-01,Debbie Wasserman Schultz,https://disclosures-clerk.house.gov/public_disc/ptr-pdfs/2019/20011896.pdf
20012392,Webster,Daniel,P,FL11,9/30/2019,2019-09-30,Daniel Webster,https://disclosures-clerk.house.gov/public_disc/ptr-pdfs/2019/20012392.pdf
20012454,Webster,Daniel,P,FL11,10/9/2019,2019-10-09,Daniel Webster,https://disclosures-clerk.house.gov/public_disc/ptr-pdfs/2019/20012454.pdf
20010935,Welch,Peter,P,VT00,1/9/2019,2019-01-09,Peter Welch,https://disclosures-clerk.house.gov/public_disc/ptr-pdfs/2019/20010935.pdf
20011107,Welch,Peter,P,VT00,2/7/2019,2019-02-07,Peter Welch,https://disclosures-clerk.house.gov/public_disc/ptr-pdfs/2019/20011107.pdf
20011283,Welch,Peter,P,VT00,3/12/2019,2019-03-12,Peter Welch,https://disclosures-clerk.house.gov/public_disc/ptr-pdfs/2019/20011283.pdf
20011504,Welch,Peter,P,VT00,4/19/2019,2019-04-19,Peter Welch,https://disclosures-clerk.house.gov/public_disc/ptr-pdfs/2019/20011504.pdf
20011598,Welch,Peter,P,VT00,5/3/2019,2019-05-03,Peter Welch,https://disclosures-clerk.house.gov/public_disc/ptr-pdfs/2019/20011598.pdf
20011793,Welch,Peter,P,VT00,6/4/2019,2019-06-04,Peter Welch,https://disclosures-clerk.house.gov/public_disc/ptr-pdfs/2019/20011793.pdf
20011955,Welch,Peter,P,VT00,7/9/2019,2019-07-09,Peter Welch,https://disclosures-clerk.house.gov/public_disc/ptr-pdfs/2019/20011955.pdf
20012083,Welch,Peter,P,VT00,7/31/2019,2019-07-31,Peter Welch,https://disclosures-clerk.house.gov/public_disc/ptr-pdfs/2019/20012083.pdf
20012235,Welch,Peter,P,VT00,9/1/2019,2019-09-01,Peter Welch,https://disclosures-clerk.house.gov/public_disc/ptr-pdfs/2019/20012235.pdf
20012390,Welch,Peter,P,VT00,10/14/2019,2019-10-14,Peter Welch,https://disclosures-clerk.house.gov/public_disc/ptr-pdfs/2019/20012390.pdf
20012591,Welch,Peter,P,VT00,11/14/2019,2019-11-14,Peter Welch,https://disclosures-clerk.house.gov/public_disc/ptr-pdfs/2019/20012591.pdf
20012714,Welch,Peter,P,VT00,12/11/2019,2019-12-11,Peter Welch,https://disclosures-clerk.house.gov/public_disc/ptr-pdfs/2019/20012714.pdf
20010995,Wittman,Robert J.,P,VA01,1/11/2019,2019-01-11,Robert J. Wittman,https://disclosures-clerk.house.gov/public_disc/ptr-pdfs/2019/20010995.pdf
20011109,Wittman,Robert J.,P,VA01,2/7/2019,2019-02-07,Robert J. Wittman,https://disclosures-clerk.house.gov/public_disc/ptr-pdfs/2019/20011109.pdf
20011622,Wittman,Robert J.,P,VA01,5/7/2019,2019-05-07,Robert J. Wittman,https://disclosures-clerk.house.gov/public_disc/ptr-pdfs/2019/20011622.pdf
20011953,Wittman,Robert J.,P,VA01,7/12/2019,2019-07-12,Robert J. Wittman,https://disclosures-clerk.house.gov/public_disc/ptr-pdfs/2019/20011953.pdf
20012305,Wittman,Robert J.,P,VA01,9/18/2019,2019-09-18,Robert J. Wittman,https://disclosures-clerk.house.gov/public_disc/ptr-pdfs/2019/20012305.pdf
20012457,Wittman,Robert J.,P,VA01,10/16/2019,2019-10-16,Robert J. Wittman,https://disclosures-clerk.house.gov/public_disc/ptr-pdfs/2019/20012457.pdf
20012746,Wittman,Robert J.,P,VA01,12/12/2019,2019-12-12,Robert J. Wittman,https://disclosures-clerk.house.gov/public_disc/ptr-pdfs/2019/20012746.pdf
20011359,Woodall,Rob,P,GA07,3/29/2019,2019-03-29,Rob Woodall,https://disclosures-clerk.house.gov/public_disc/ptr-pdfs/2019/20011359.pdf
20011158,Yarmuth,John A.,P,KY03,2/14/2019,2019-02-14,John A. Yarmuth,https://disclosures-clerk.house.gov/public_disc/ptr-pdfs/2019/20011158.pdf
20012297,Yarmuth,John A.,P,KY03,9/11/2019,2019-09-11,John A. Yarmuth,https://disclosures-clerk.house.gov/public_disc/ptr-pdfs/2019/20012297.pdf
20012377,Yarmuth,John A.,P,KY03,9/27/2019,2019-09-27,John A. Yarmuth,https://disclosures-clerk.house.gov/public_disc/ptr-pdfs/2019/20012377.pdf
9115501,Yoho,Ted S.,P,FL03,10/23/2019,2019-10-23,Ted S. Yoho,https://disclosures-clerk.house.gov/public_disc/ptr-pdfs/2019/9115501.pdf
