doc_id,url,status,has_text,bucket,doc_prefix
20000077,https://disclosures-clerk.house.gov/public_disc/ptr-pdfs/2014/20000077.pdf,ok,True,lisible,2
20000998,https://disclosures-clerk.house.gov/public_disc/ptr-pdfs/2014/20000998.pdf,ok,True,lisible,2
20001787,https://disclosures-clerk.house.gov/public_disc/ptr-pdfs/2014/20001787.pdf,ok,True,lisible,2
20001934,https://disclosures-clerk.house.gov/public_disc/ptr-pdfs/2014/20001934.pdf,ok,True,lisible,2
8214211,https://disclosures-clerk.house.gov/public_disc/ptr-pdfs/2014/8214211.pdf,ok,False,non_lisible,8
8213944,https://disclosures-clerk.house.gov/public_disc/ptr-pdfs/2014/8213944.pdf,ok,False,non_lisible,8
9105569,https://disclosures-clerk.house.gov/public_disc/ptr-pdfs/2014/9105569.pdf,ok,False,non_lisible,9
9105721,https://disclosures-clerk.house.gov/public_disc/ptr-pdfs/2014/9105721.pdf,ok,False,non_lisible,9
9105722,https://disclosures-clerk.house.gov/public_disc/ptr-pdfs/2014/9105722.pdf,ok,False,non_lisible,9
9105778,https://disclosures-clerk.house.gov/public_disc/ptr-pdfs/2014/9105778.pdf,ok,False,non_lisible,9
9105798,https://disclosures-clerk.house.gov/public_disc/ptr-pdfs/2014/9105798.pdf,ok,False,non_lisible,9
8213778,https://disclosures-clerk.house.gov/public_disc/ptr-pdfs/2014/8213778.pdf,ok,False,non_lisible,8
8213806,https://disclosures-clerk.house.gov/public_disc/ptr-pdfs/2014/8213806.pdf,ok,False,non_lisible,8
8213900,https://disclosures-clerk.house.gov/public_disc/ptr-pdfs/2014/8213900.pdf,ok,False,non_lisible,8
8214020,https://disclosures-clerk.house.gov/public_disc/ptr-pdfs/2014/8214020.pdf,ok,False,non_lisible,8
8214152,https://disclosures-clerk.house.gov/public_disc/ptr-pdfs/2014/8214152.pdf,ok,False,non_lisible,8
8214213,https://disclosures-clerk.house.gov/public_disc/ptr-pdfs/2014/8214213.pdf,ok,False,non_lisible,8
9105101,https://disclosures-clerk.house.gov/public_disc/ptr-pdfs/2014/9105101.pdf,ok,False,non_lisible,9
8214362,https://disclosures-clerk.house.gov/public_disc/ptr-pdfs/2014/8214362.pdf,ok,False,non_lisible,8
8214530,https://disclosures-clerk.house.gov/public_disc/ptr-pdfs/2014/8214530.pdf,ok,False,non_lisible,8
8215964,https://disclosures-clerk.house.gov/public_disc/ptr-pdfs/2014/8215964.pdf,ok,False,non_lisible,8
8216477,https://disclosures-clerk.house.gov/public_disc/ptr-pdfs/2014/8216477.pdf,ok,False,non_lisible,8
8216478,https://disclosures-clerk.house.gov/public_disc/ptr-pdfs/2014/8216478.pdf,ok,False,non_lisible,8
8216515,https://disclosures-clerk.house.gov/public_disc/ptr-pdfs/2014/8216515.pdf,ok,False,non_lisible,8
9105442,https://disclosures-clerk.house.gov/public_disc/ptr-pdfs/2014/9105442.pdf,ok,False,non_lisible,9
9105543,https://disclosures-clerk.house.gov/public_disc/ptr-pdfs/2014/9105543.pdf,ok,False,non_lisible,9
9105658,https://disclosures-clerk.house.gov/public_disc/ptr-pdfs/2014/9105658.pdf,ok,False,non_lisible,9
8214151,https://disclosures-clerk.house.gov/public_disc/ptr-pdfs/2014/8214151.pdf,ok,False,non_lisible,8
20000710,https://disclosures-clerk.house.gov/public_disc/ptr-pdfs/2014/20000710.pdf,ok,True,lisible,2
20000800,https://disclosures-clerk.house.gov/public_disc/ptr-pdfs/2014/20000800.pdf,ok,True,lisible,2
20000987,https://disclosures-clerk.house.gov/public_disc/ptr-pdfs/2014/20000987.pdf,ok,True,lisible,2
20001572,https://disclosures-clerk.house.gov/public_disc/ptr-pdfs/2014/20001572.pdf,ok,True,lisible,2
20002073,https://disclosures-clerk.house.gov/public_disc/ptr-pdfs/2014/20002073.pdf,ok,True,lisible,2
20000284,https://disclosures-clerk.house.gov/public_disc/ptr-pdfs/2014/20000284.pdf,ok,True,lisible,2
20000404,https://disclosures-clerk.house.gov/public_disc/ptr-pdfs/2014/20000404.pdf,ok,True,lisible,2
20001087,https://disclosures-clerk.house.gov/public_disc/ptr-pdfs/2014/20001087.pdf,ok,True,lisible,2
20001259,https://disclosures-clerk.house.gov/public_disc/ptr-pdfs/2014/20001259.pdf,ok,True,lisible,2
20001575,https://disclosures-clerk.house.gov/public_disc/ptr-pdfs/2014/20001575.pdf,ok,True,lisible,2
20001747,https://disclosures-clerk.house.gov/public_disc/ptr-pdfs/2014/20001747.pdf,ok,True,lisible,2
20001843,https://disclosures-clerk.house.gov/public_disc/ptr-pdfs/2014/20001843.pdf,ok,True,lisible,2
20002095,https://disclosures-clerk.house.gov/public_disc/ptr-pdfs/2014/20002095.pdf,ok,True,lisible,2
20000606,https://disclosures-clerk.house.gov/public_disc/ptr-pdfs/2014/20000606.pdf,ok,True,lisible,2
20001609,https://disclosures-clerk.house.gov/public_disc/ptr-pdfs/2014/20001609.pdf,ok,True,lisible,2
20001769,https://disclosures-clerk.house.gov/public_disc/ptr-pdfs/2014/20001769.pdf,ok,True,lisible,2
20001977,https://disclosures-clerk.house.gov/public_disc/ptr-pdfs/2014/20001977.pdf,ok,True,lisible,2
20002031,https://disclosures-clerk.house.gov/public_disc/ptr-pdfs/2014/20002031.pdf,ok,True,lisible,2
20000780,https://disclosures-clerk.house.gov/public_disc/ptr-pdfs/2014/20000780.pdf,ok,True,lisible,2
20001428,https://disclosures-clerk.house.gov/public_disc/ptr-pdfs/2014/20001428.pdf,ok,True,lisible,2
20002180,https://disclosures-clerk.house.gov/public_disc/ptr-pdfs/2014/20002180.pdf,ok,True,lisible,2
8214214,https://disclosures-clerk.house.gov/public_disc/ptr-pdfs/2014/8214214.pdf,ok,False,non_lisible,8
8214582,https://disclosures-clerk.house.gov/public_disc/ptr-pdfs/2014/8214582.pdf,ok,False,non_lisible,8
20000933,https://disclosures-clerk.house.gov/public_disc/ptr-pdfs/2014/20000933.pdf,ok,True,lisible,2
20001090,https://disclosures-clerk.house.gov/public_disc/ptr-pdfs/2014/20001090.pdf,ok,True,lisible,2
20001312,https://disclosures-clerk.house.gov/public_disc/ptr-pdfs/2014/20001312.pdf,ok,True,lisible,2
20001674,https://disclosures-clerk.house.gov/public_disc/ptr-pdfs/2014/20001674.pdf,ok,True,lisible,2
20001885,https://disclosures-clerk.house.gov/public_disc/ptr-pdfs/2014/20001885.pdf,ok,True,lisible,2
20002042,https://disclosures-clerk.house.gov/public_disc/ptr-pdfs/2014/20002042.pdf,ok,True,lisible,2
20000708,https://disclosures-clerk.house.gov/public_disc/ptr-pdfs/2014/20000708.pdf,ok,True,lisible,2
20000868,https://disclosures-clerk.house.gov/public_disc/ptr-pdfs/2014/20000868.pdf,ok,True,lisible,2
9106006,https://disclosures-clerk.house.gov/public_disc/ptr-pdfs/2014/9106006.pdf,ok,False,non_lisible,9
8214023,https://disclosures-clerk.house.gov/public_disc/ptr-pdfs/2014/8214023.pdf,ok,False,non_lisible,8
8214104,https://disclosures-clerk.house.gov/public_disc/ptr-pdfs/2014/8214104.pdf,ok,False,non_lisible,8
9105131,https://disclosures-clerk.house.gov/public_disc/ptr-pdfs/2014/9105131.pdf,ok,False,non_lisible,9
8214531,https://disclosures-clerk.house.gov/public_disc/ptr-pdfs/2014/8214531.pdf,ok,False,non_lisible,8
8215761,https://disclosures-clerk.house.gov/public_disc/ptr-pdfs/2014/8215761.pdf,ok,False,non_lisible,8
8216015,https://disclosures-clerk.house.gov/public_disc/ptr-pdfs/2014/8216015.pdf,ok,False,non_lisible,8
8216364,https://disclosures-clerk.house.gov/public_disc/ptr-pdfs/2014/8216364.pdf,ok,False,non_lisible,8
9105443,https://disclosures-clerk.house.gov/public_disc/ptr-pdfs/2014/9105443.pdf,ok,False,non_lisible,9
9105521,https://disclosures-clerk.house.gov/public_disc/ptr-pdfs/2014/9105521.pdf,ok,False,non_lisible,9
9105642,https://disclosures-clerk.house.gov/public_disc/ptr-pdfs/2014/9105642.pdf,ok,False,non_lisible,9
20000165,https://disclosures-clerk.house.gov/public_disc/ptr-pdfs/2014/20000165.pdf,ok,True,lisible,2
20000228,https://disclosures-clerk.house.gov/public_disc/ptr-pdfs/2014/20000228.pdf,ok,True,lisible,2
8216259,https://disclosures-clerk.house.gov/public_disc/ptr-pdfs/2014/8216259.pdf,ok,False,non_lisible,8
9105657,https://disclosures-clerk.house.gov/public_disc/ptr-pdfs/2014/9105657.pdf,ok,False,non_lisible,9
9105891,https://disclosures-clerk.house.gov/public_disc/ptr-pdfs/2014/9105891.pdf,ok,False,non_lisible,9
8213946,https://disclosures-clerk.house.gov/public_disc/ptr-pdfs/2014/8213946.pdf,ok,False,non_lisible,8
8213947,https://disclosures-clerk.house.gov/public_disc/ptr-pdfs/2014/8213947.pdf,ok,False,non_lisible,8
8214215,https://disclosures-clerk.house.gov/public_disc/ptr-pdfs/2014/8214215.pdf,ok,False,non_lisible,8
8213779,https://disclosures-clerk.house.gov/public_disc/ptr-pdfs/2014/8213779.pdf,ok,False,non_lisible,8
20002184,https://disclosures-clerk.house.gov/public_disc/ptr-pdfs/2014/20002184.pdf,ok,True,lisible,2
8214216,https://disclosures-clerk.house.gov/public_disc/ptr-pdfs/2014/8214216.pdf,ok,False,non_lisible,8
8214217,https://disclosures-clerk.house.gov/public_disc/ptr-pdfs/2014/8214217.pdf,ok,False,non_lisible,8
8214327,https://disclosures-clerk.house.gov/public_disc/ptr-pdfs/2014/8214327.pdf,ok,False,non_lisible,8
20001015,https://disclosures-clerk.house.gov/public_disc/ptr-pdfs/2014/20001015.pdf,ok,True,lisible,2
20001540,https://disclosures-clerk.house.gov/public_disc/ptr-pdfs/2014/20001540.pdf,ok,True,lisible,2
20001777,https://disclosures-clerk.house.gov/public_disc/ptr-pdfs/2014/20001777.pdf,ok,True,lisible,2
20002231,https://disclosures-clerk.house.gov/public_disc/ptr-pdfs/2014/20002231.pdf,ok,True,lisible,2
20002247,https://disclosures-clerk.house.gov/public_disc/ptr-pdfs/2014/20002247.pdf,ok,True,lisible,2
8216098,https://disclosures-clerk.house.gov/public_disc/ptr-pdfs/2014/8216098.pdf,ok,False,non_lisible,8
8216365,https://disclosures-clerk.house.gov/public_disc/ptr-pdfs/2014/8216365.pdf,ok,False,non_lisible,8
8216519,https://disclosures-clerk.house.gov/public_disc/ptr-pdfs/2014/8216519.pdf,ok,False,non_lisible,8
9105822,https://disclosures-clerk.house.gov/public_disc/ptr-pdfs/2014/9105822.pdf,ok,False,non_lisible,9
8215696,https://disclosures-clerk.house.gov/public_disc/ptr-pdfs/2014/8215696.pdf,ok,False,non_lisible,8
8215815,https://disclosures-clerk.house.gov/public_disc/ptr-pdfs/2014/8215815.pdf,ok,False,non_lisible,8
8215898,https://disclosures-clerk.house.gov/public_disc/ptr-pdfs/2014/8215898.pdf,ok,False,non_lisible,8
8215965,https://disclosures-clerk.house.gov/public_disc/ptr-pdfs/2014/8215965.pdf,ok,False,non_lisible,8
8216123,https://disclosures-clerk.house.gov/public_disc/ptr-pdfs/2014/8216123.pdf,ok,False,non_lisible,8
8216480,https://disclosures-clerk.house.gov/public_disc/ptr-pdfs/2014/8216480.pdf,ok,False,non_lisible,8
9105544,https://disclosures-clerk.house.gov/public_disc/ptr-pdfs/2014/9105544.pdf,ok,False,non_lisible,9
9105776,https://disclosures-clerk.house.gov/public_disc/ptr-pdfs/2014/9105776.pdf,ok,False,non_lisible,9
9105804,https://disclosures-clerk.house.gov/public_disc/ptr-pdfs/2014/9105804.pdf,ok,False,non_lisible,9
8213807,https://disclosures-clerk.house.gov/public_disc/ptr-pdfs/2014/8213807.pdf,ok,False,non_lisible,8
9105797,https://disclosures-clerk.house.gov/public_disc/ptr-pdfs/2014/9105797.pdf,ok,False,non_lisible,9
8214395,https://disclosures-clerk.house.gov/public_disc/ptr-pdfs/2014/8214395.pdf,ok,False,non_lisible,8
8215241,https://disclosures-clerk.house.gov/public_disc/ptr-pdfs/2014/8215241.pdf,ok,False,non_lisible,8
9105491,https://disclosures-clerk.house.gov/public_disc/ptr-pdfs/2014/9105491.pdf,ok,False,non_lisible,9
9105624,https://disclosures-clerk.house.gov/public_disc/ptr-pdfs/2014/9105624.pdf,ok,False,non_lisible,9
20002132,https://disclosures-clerk.house.gov/public_disc/ptr-pdfs/2014/20002132.pdf,ok,True,lisible,2
8213782,https://disclosures-clerk.house.gov/public_disc/ptr-pdfs/2014/8213782.pdf,ok,False,non_lisible,8
20000317,https://disclosures-clerk.house.gov/public_disc/ptr-pdfs/2014/20000317.pdf,ok,True,lisible,2
20000621,https://disclosures-clerk.house.gov/public_disc/ptr-pdfs/2014/20000621.pdf,ok,True,lisible,2
20001081,https://disclosures-clerk.house.gov/public_disc/ptr-pdfs/2014/20001081.pdf,ok,True,lisible,2
20001407,https://disclosures-clerk.house.gov/public_disc/ptr-pdfs/2014/20001407.pdf,ok,True,lisible,2
20001539,https://disclosures-clerk.house.gov/public_disc/ptr-pdfs/2014/20001539.pdf,ok,True,lisible,2
20001614,https://disclosures-clerk.house.gov/public_disc/ptr-pdfs/2014/20001614.pdf,ok,True,lisible,2
20001785,https://disclosures-clerk.house.gov/public_disc/ptr-pdfs/2014/20001785.pdf,ok,True,lisible,2
20001994,https://disclosures-clerk.house.gov/public_disc/ptr-pdfs/2014/20001994.pdf,ok,True,lisible,2
8213809,https://disclosures-clerk.house.gov/public_disc/ptr-pdfs/2014/8213809.pdf,ok,False,non_lisible,8
20000790,https://disclosures-clerk.house.gov/public_disc/ptr-pdfs/2014/20000790.pdf,ok,True,lisible,2
20001352,https://disclosures-clerk.house.gov/public_disc/ptr-pdfs/2014/20001352.pdf,ok,True,lisible,2
20001925,https://disclosures-clerk.house.gov/public_disc/ptr-pdfs/2014/20001925.pdf,ok,True,lisible,2
20001402,https://disclosures-clerk.house.gov/public_disc/ptr-pdfs/2014/20001402.pdf,ok,True,lisible,2
9105683,https://disclosures-clerk.house.gov/public_disc/ptr-pdfs/2014/9105683.pdf,ok,False,non_lisible,9
9105796,https://disclosures-clerk.house.gov/public_disc/ptr-pdfs/2014/9105796.pdf,ok,False,non_lisible,9
9105823,https://disclosures-clerk.house.gov/public_disc/ptr-pdfs/2014/9105823.pdf,ok,False,non_lisible,9
8213810,https://disclosures-clerk.house.gov/public_disc/ptr-pdfs/2014/8213810.pdf,ok,False,non_lisible,8
8213811,https://disclosures-clerk.house.gov/public_disc/ptr-pdfs/2014/8213811.pdf,ok,False,non_lisible,8
9105037,https://disclosures-clerk.house.gov/public_disc/ptr-pdfs/2014/9105037.pdf,ok,False,non_lisible,9
8213917,https://disclosures-clerk.house.gov/public_disc/ptr-pdfs/2014/8213917.pdf,ok,False,non_lisible,8
8214024,https://disclosures-clerk.house.gov/public_disc/ptr-pdfs/2014/8214024.pdf,ok,False,non_lisible,8
9105105,https://disclosures-clerk.house.gov/public_disc/ptr-pdfs/2014/9105105.pdf,ok,False,non_lisible,9
8214328,https://disclosures-clerk.house.gov/public_disc/ptr-pdfs/2014/8214328.pdf,ok,False,non_lisible,8
8214461,https://disclosures-clerk.house.gov/public_disc/ptr-pdfs/2014/8214461.pdf,ok,False,non_lisible,8
8214583,https://disclosures-clerk.house.gov/public_disc/ptr-pdfs/2014/8214583.pdf,ok,False,non_lisible,8
8214713,https://disclosures-clerk.house.gov/public_disc/ptr-pdfs/2014/8214713.pdf,ok,False,non_lisible,8
8215242,https://disclosures-clerk.house.gov/public_disc/ptr-pdfs/2014/8215242.pdf,ok,False,non_lisible,8
8215707,https://disclosures-clerk.house.gov/public_disc/ptr-pdfs/2014/8215707.pdf,ok,False,non_lisible,8
8216099,https://disclosures-clerk.house.gov/public_disc/ptr-pdfs/2014/8216099.pdf,ok,False,non_lisible,8
8216428,https://disclosures-clerk.house.gov/public_disc/ptr-pdfs/2014/8216428.pdf,ok,False,non_lisible,8
8216520,https://disclosures-clerk.house.gov/public_disc/ptr-pdfs/2014/8216520.pdf,ok,False,non_lisible,8
9105522,https://disclosures-clerk.house.gov/public_disc/ptr-pdfs/2014/9105522.pdf,ok,False,non_lisible,9
9105623,https://disclosures-clerk.house.gov/public_disc/ptr-pdfs/2014/9105623.pdf,ok,False,non_lisible,9
20002136,https://disclosures-clerk.house.gov/public_disc/ptr-pdfs/2014/20002136.pdf,ok,True,lisible,2
8213783,https://disclosures-clerk.house.gov/public_disc/ptr-pdfs/2014/8213783.pdf,ok,False,non_lisible,8
8214103,https://disclosures-clerk.house.gov/public_disc/ptr-pdfs/2014/8214103.pdf,ok,False,non_lisible,8
9105133,https://disclosures-clerk.house.gov/public_disc/ptr-pdfs/2014/9105133.pdf,ok,False,non_lisible,9
8214462,https://disclosures-clerk.house.gov/public_disc/ptr-pdfs/2014/8214462.pdf,ok,False,non_lisible,8
8214811,https://disclosures-clerk.house.gov/public_disc/ptr-pdfs/2014/8214811.pdf,ok,False,non_lisible,8
20001077,https://disclosures-clerk.house.gov/public_disc/ptr-pdfs/2014/20001077.pdf,ok,True,lisible,2
20001223,https://disclosures-clerk.house.gov/public_disc/ptr-pdfs/2014/20001223.pdf,ok,True,lisible,2
20001466,https://disclosures-clerk.house.gov/public_disc/ptr-pdfs/2014/20001466.pdf,ok,True,lisible,2
20001619,https://disclosures-clerk.house.gov/public_disc/ptr-pdfs/2014/20001619.pdf,ok,True,lisible,2
20001809,https://disclosures-clerk.house.gov/public_disc/ptr-pdfs/2014/20001809.pdf,ok,True,lisible,2
20001988,https://disclosures-clerk.house.gov/public_disc/ptr-pdfs/2014/20001988.pdf,ok,True,lisible,2
20002239,https://disclosures-clerk.house.gov/public_disc/ptr-pdfs/2014/20002239.pdf,ok,True,lisible,2
8213812,https://disclosures-clerk.house.gov/public_disc/ptr-pdfs/2014/8213812.pdf,ok,False,non_lisible,8
8213883,https://disclosures-clerk.house.gov/public_disc/ptr-pdfs/2014/8213883.pdf,ok,False,non_lisible,8
8213949,https://disclosures-clerk.house.gov/public_disc/ptr-pdfs/2014/8213949.pdf,ok,False,non_lisible,8
8214219,https://disclosures-clerk.house.gov/public_disc/ptr-pdfs/2014/8214219.pdf,ok,False,non_lisible,8
8214329,https://disclosures-clerk.house.gov/public_disc/ptr-pdfs/2014/8214329.pdf,ok,False,non_lisible,8
8214463,https://disclosures-clerk.house.gov/public_disc/ptr-pdfs/2014/8214463.pdf,ok,False,non_lisible,8
8215695,https://disclosures-clerk.house.gov/public_disc/ptr-pdfs/2014/8215695.pdf,ok,False,non_lisible,8
8215900,https://disclosures-clerk.house.gov/public_disc/ptr-pdfs/2014/8215900.pdf,ok,False,non_lisible,8
8216102,https://disclosures-clerk.house.gov/public_disc/ptr-pdfs/2014/8216102.pdf,ok,False,non_lisible,8
20001781,https://disclosures-clerk.house.gov/public_disc/ptr-pdfs/2014/20001781.pdf,ok,True,lisible,2
20002126,https://disclosures-clerk.house.gov/public_disc/ptr-pdfs/2014/20002126.pdf,ok,True,lisible,2
8213784,https://disclosures-clerk.house.gov/public_disc/ptr-pdfs/2014/8213784.pdf,ok,False,non_lisible,8
9105065,https://disclosures-clerk.house.gov/public_disc/ptr-pdfs/2014/9105065.pdf,ok,False,non_lisible,9
20000629,https://disclosures-clerk.house.gov/public_disc/ptr-pdfs/2014/20000629.pdf,ok,True,lisible,2
20001114,https://disclosures-clerk.house.gov/public_disc/ptr-pdfs/2014/20001114.pdf,ok,True,lisible,2
20001612,https://disclosures-clerk.house.gov/public_disc/ptr-pdfs/2014/20001612.pdf,ok,True,lisible,2
20001837,https://disclosures-clerk.house.gov/public_disc/ptr-pdfs/2014/20001837.pdf,ok,True,lisible,2
20000923,https://disclosures-clerk.house.gov/public_disc/ptr-pdfs/2014/20000923.pdf,ok,True,lisible,2
20001671,https://disclosures-clerk.house.gov/public_disc/ptr-pdfs/2014/20001671.pdf,ok,True,lisible,2
8213813,https://disclosures-clerk.house.gov/public_disc/ptr-pdfs/2014/8213813.pdf,ok,False,non_lisible,8
8214330,https://disclosures-clerk.house.gov/public_disc/ptr-pdfs/2014/8214330.pdf,ok,False,non_lisible,8
8215712,https://disclosures-clerk.house.gov/public_disc/ptr-pdfs/2014/8215712.pdf,ok,False,non_lisible,8
9105835,https://disclosures-clerk.house.gov/public_disc/ptr-pdfs/2014/9105835.pdf,ok,False,non_lisible,9
20001219,https://disclosures-clerk.house.gov/public_disc/ptr-pdfs/2014/20001219.pdf,ok,True,lisible,2
20000082,https://disclosures-clerk.house.gov/public_disc/ptr-pdfs/2014/20000082.pdf,ok,True,lisible,2
20000318,https://disclosures-clerk.house.gov/public_disc/ptr-pdfs/2014/20000318.pdf,ok,True,lisible,2
20000420,https://disclosures-clerk.house.gov/public_disc/ptr-pdfs/2014/20000420.pdf,ok,True,lisible,2
20000599,https://disclosures-clerk.house.gov/public_disc/ptr-pdfs/2014/20000599.pdf,ok,True,lisible,2
20001271,https://disclosures-clerk.house.gov/public_disc/ptr-pdfs/2014/20001271.pdf,ok,True,lisible,2
20001644,https://disclosures-clerk.house.gov/public_disc/ptr-pdfs/2014/20001644.pdf,ok,True,lisible,2
20001844,https://disclosures-clerk.house.gov/public_disc/ptr-pdfs/2014/20001844.pdf,ok,True,lisible,2
20002034,https://disclosures-clerk.house.gov/public_disc/ptr-pdfs/2014/20002034.pdf,ok,True,lisible,2
9105890,https://disclosures-clerk.house.gov/public_disc/ptr-pdfs/2014/9105890.pdf,ok,False,non_lisible,9
8216260,https://disclosures-clerk.house.gov/public_disc/ptr-pdfs/2014/8216260.pdf,ok,False,non_lisible,8
8216522,https://disclosures-clerk.house.gov/public_disc/ptr-pdfs/2014/8216522.pdf,ok,False,non_lisible,8
9105493,https://disclosures-clerk.house.gov/public_disc/ptr-pdfs/2014/9105493.pdf,ok,False,non_lisible,9
9105641,https://disclosures-clerk.house.gov/public_disc/ptr-pdfs/2014/9105641.pdf,ok,False,non_lisible,9
20002146,https://disclosures-clerk.house.gov/public_disc/ptr-pdfs/2014/20002146.pdf,ok,True,lisible,2
20000036,https://disclosures-clerk.house.gov/public_disc/ptr-pdfs/2014/20000036.pdf,ok,True,lisible,2
20000313,https://disclosures-clerk.house.gov/public_disc/ptr-pdfs/2014/20000313.pdf,ok,True,lisible,2
20000471,https://disclosures-clerk.house.gov/public_disc/ptr-pdfs/2014/20000471.pdf,ok,True,lisible,2
20000628,https://disclosures-clerk.house.gov/public_disc/ptr-pdfs/2014/20000628.pdf,ok,True,lisible,2
20000909,https://disclosures-clerk.house.gov/public_disc/ptr-pdfs/2014/20000909.pdf,ok,True,lisible,2
20000910,https://disclosures-clerk.house.gov/public_disc/ptr-pdfs/2014/20000910.pdf,ok,True,lisible,2
20001276,https://disclosures-clerk.house.gov/public_disc/ptr-pdfs/2014/20001276.pdf,ok,True,lisible,2
20001516,https://disclosures-clerk.house.gov/public_disc/ptr-pdfs/2014/20001516.pdf,ok,True,lisible,2
20001653,https://disclosures-clerk.house.gov/public_disc/ptr-pdfs/2014/20001653.pdf,ok,True,lisible,2
20001820,https://disclosures-clerk.house.gov/public_disc/ptr-pdfs/2014/20001820.pdf,ok,True,lisible,2
20002029,https://disclosures-clerk.house.gov/public_disc/ptr-pdfs/2014/20002029.pdf,ok,True,lisible,2
8213785,https://disclosures-clerk.house.gov/public_disc/ptr-pdfs/2014/8213785.pdf,ok,False,non_lisible,8
8214028,https://disclosures-clerk.house.gov/public_disc/ptr-pdfs/2014/8214028.pdf,ok,False,non_lisible,8
20000864,https://disclosures-clerk.house.gov/public_disc/ptr-pdfs/2014/20000864.pdf,ok,True,lisible,2
20001099,https://disclosures-clerk.house.gov/public_disc/ptr-pdfs/2014/20001099.pdf,ok,True,lisible,2
20001225,https://disclosures-clerk.house.gov/public_disc/ptr-pdfs/2014/20001225.pdf,ok,True,lisible,2
20001468,https://disclosures-clerk.house.gov/public_disc/ptr-pdfs/2014/20001468.pdf,ok,True,lisible,2
20001812,https://disclosures-clerk.house.gov/public_disc/ptr-pdfs/2014/20001812.pdf,ok,True,lisible,2
20001995,https://disclosures-clerk.house.gov/public_disc/ptr-pdfs/2014/20001995.pdf,ok,True,lisible,2
20002242,https://disclosures-clerk.house.gov/public_disc/ptr-pdfs/2014/20002242.pdf,ok,True,lisible,2
8213908,https://disclosures-clerk.house.gov/public_disc/ptr-pdfs/2014/8213908.pdf,ok,False,non_lisible,8
8214101,https://disclosures-clerk.house.gov/public_disc/ptr-pdfs/2014/8214101.pdf,ok,False,non_lisible,8
9105135,https://disclosures-clerk.house.gov/public_disc/ptr-pdfs/2014/9105135.pdf,ok,False,non_lisible,9
8214535,https://disclosures-clerk.house.gov/public_disc/ptr-pdfs/2014/8214535.pdf,ok,False,non_lisible,8
20000927,https://disclosures-clerk.house.gov/public_disc/ptr-pdfs/2014/20000927.pdf,ok,True,lisible,2
20000991,https://disclosures-clerk.house.gov/public_disc/ptr-pdfs/2014/20000991.pdf,ok,True,lisible,2
20001158,https://disclosures-clerk.house.gov/public_disc/ptr-pdfs/2014/20001158.pdf,ok,True,lisible,2
20001350,https://disclosures-clerk.house.gov/public_disc/ptr-pdfs/2014/20001350.pdf,ok,True,lisible,2
20001544,https://disclosures-clerk.house.gov/public_disc/ptr-pdfs/2014/20001544.pdf,ok,True,lisible,2
20001689,https://disclosures-clerk.house.gov/public_disc/ptr-pdfs/2014/20001689.pdf,ok,True,lisible,2
20001930,https://disclosures-clerk.house.gov/public_disc/ptr-pdfs/2014/20001930.pdf,ok,True,lisible,2
20002106,https://disclosures-clerk.house.gov/public_disc/ptr-pdfs/2014/20002106.pdf,ok,True,lisible,2
9105687,https://disclosures-clerk.house.gov/public_disc/ptr-pdfs/2014/9105687.pdf,ok,False,non_lisible,9
8213786,https://disclosures-clerk.house.gov/public_disc/ptr-pdfs/2014/8213786.pdf,ok,False,non_lisible,8
8214087,https://disclosures-clerk.house.gov/public_disc/ptr-pdfs/2014/8214087.pdf,ok,False,non_lisible,8
8214536,https://disclosures-clerk.house.gov/public_disc/ptr-pdfs/2014/8214536.pdf,ok,False,non_lisible,8
8214715,https://disclosures-clerk.house.gov/public_disc/ptr-pdfs/2014/8214715.pdf,ok,False,non_lisible,8
8215902,https://disclosures-clerk.house.gov/public_disc/ptr-pdfs/2014/8215902.pdf,ok,False,non_lisible,8
8215966,https://disclosures-clerk.house.gov/public_disc/ptr-pdfs/2014/8215966.pdf,ok,False,non_lisible,8
8216178,https://disclosures-clerk.house.gov/public_disc/ptr-pdfs/2014/8216178.pdf,ok,False,non_lisible,8
8216367,https://disclosures-clerk.house.gov/public_disc/ptr-pdfs/2014/8216367.pdf,ok,False,non_lisible,8
8216368,https://disclosures-clerk.house.gov/public_disc/ptr-pdfs/2014/8216368.pdf,ok,False,non_lisible,8
8216481,https://disclosures-clerk.house.gov/public_disc/ptr-pdfs/2014/8216481.pdf,ok,False,non_lisible,8
8216525,https://disclosures-clerk.house.gov/public_disc/ptr-pdfs/2014/8216525.pdf,ok,False,non_lisible,8
9105524,https://disclosures-clerk.house.gov/public_disc/ptr-pdfs/2014/9105524.pdf,ok,False,non_lisible,9
8213952,https://disclosures-clerk.house.gov/public_disc/ptr-pdfs/2014/8213952.pdf,ok,False,non_lisible,8
9105618,https://disclosures-clerk.house.gov/public_disc/ptr-pdfs/2014/9105618.pdf,ok,False,non_lisible,9
20002288,https://disclosures-clerk.house.gov/public_disc/ptr-pdfs/2014/20002288.pdf,ok,True,lisible,2
20000022,https://disclosures-clerk.house.gov/public_disc/ptr-pdfs/2014/20000022.pdf,ok,True,lisible,2
20000032,https://disclosures-clerk.house.gov/public_disc/ptr-pdfs/2014/20000032.pdf,ok,True,lisible,2
20000034,https://disclosures-clerk.house.gov/public_disc/ptr-pdfs/2014/20000034.pdf,ok,True,lisible,2
20000134,https://disclosures-clerk.house.gov/public_disc/ptr-pdfs/2014/20000134.pdf,ok,True,lisible,2
20000753,https://disclosures-clerk.house.gov/public_disc/ptr-pdfs/2014/20000753.pdf,ok,True,lisible,2
20000754,https://disclosures-clerk.house.gov/public_disc/ptr-pdfs/2014/20000754.pdf,ok,True,lisible,2
20000967,https://disclosures-clerk.house.gov/public_disc/ptr-pdfs/2014/20000967.pdf,ok,True,lisible,2
20001065,https://disclosures-clerk.house.gov/public_disc/ptr-pdfs/2014/20001065.pdf,ok,True,lisible,2
20001237,https://disclosures-clerk.house.gov/public_disc/ptr-pdfs/2014/20001237.pdf,ok,True,lisible,2
20001261,https://disclosures-clerk.house.gov/public_disc/ptr-pdfs/2014/20001261.pdf,ok,True,lisible,2
20001928,https://disclosures-clerk.house.gov/public_disc/ptr-pdfs/2014/20001928.pdf,ok,True,lisible,2
20001932,https://disclosures-clerk.house.gov/public_disc/ptr-pdfs/2014/20001932.pdf,ok,True,lisible,2
20001965,https://disclosures-clerk.house.gov/public_disc/ptr-pdfs/2014/20001965.pdf,ok,True,lisible,2
20001983,https://disclosures-clerk.house.gov/public_disc/ptr-pdfs/2014/20001983.pdf,ok,True,lisible,2
8215445,https://disclosures-clerk.house.gov/public_disc/ptr-pdfs/2014/8215445.pdf,ok,False,non_lisible,8
9105444,https://disclosures-clerk.house.gov/public_disc/ptr-pdfs/2014/9105444.pdf,ok,False,non_lisible,9
9105788,https://disclosures-clerk.house.gov/public_disc/ptr-pdfs/2014/9105788.pdf,ok,False,non_lisible,9
9105865,https://disclosures-clerk.house.gov/public_disc/ptr-pdfs/2014/9105865.pdf,ok,False,non_lisible,9
8213814,https://disclosures-clerk.house.gov/public_disc/ptr-pdfs/2014/8213814.pdf,ok,False,non_lisible,8
8214089,https://disclosures-clerk.house.gov/public_disc/ptr-pdfs/2014/8214089.pdf,ok,False,non_lisible,8
9105136,https://disclosures-clerk.house.gov/public_disc/ptr-pdfs/2014/9105136.pdf,ok,False,non_lisible,9
8214584,https://disclosures-clerk.house.gov/public_disc/ptr-pdfs/2014/8214584.pdf,ok,False,non_lisible,8
8216124,https://disclosures-clerk.house.gov/public_disc/ptr-pdfs/2014/8216124.pdf,ok,False,non_lisible,8
9105401,https://disclosures-clerk.house.gov/public_disc/ptr-pdfs/2014/9105401.pdf,ok,False,non_lisible,9
9105571,https://disclosures-clerk.house.gov/public_disc/ptr-pdfs/2014/9105571.pdf,ok,False,non_lisible,9
20000236,https://disclosures-clerk.house.gov/public_disc/ptr-pdfs/2014/20000236.pdf,ok,True,lisible,2
20000400,https://disclosures-clerk.house.gov/public_disc/ptr-pdfs/2014/20000400.pdf,ok,True,lisible,2
8214717,https://disclosures-clerk.house.gov/public_disc/ptr-pdfs/2014/8214717.pdf,ok,False,non_lisible,8
20001110,https://disclosures-clerk.house.gov/public_disc/ptr-pdfs/2014/20001110.pdf,ok,True,lisible,2
20001226,https://disclosures-clerk.house.gov/public_disc/ptr-pdfs/2014/20001226.pdf,ok,True,lisible,2
20001267,https://disclosures-clerk.house.gov/public_disc/ptr-pdfs/2014/20001267.pdf,ok,True,lisible,2
20001268,https://disclosures-clerk.house.gov/public_disc/ptr-pdfs/2014/20001268.pdf,ok,True,lisible,2
20001483,https://disclosures-clerk.house.gov/public_disc/ptr-pdfs/2014/20001483.pdf,ok,True,lisible,2
20001484,https://disclosures-clerk.house.gov/public_disc/ptr-pdfs/2014/20001484.pdf,ok,True,lisible,2
20001621,https://disclosures-clerk.house.gov/public_disc/ptr-pdfs/2014/20001621.pdf,ok,True,lisible,2
20001827,https://disclosures-clerk.house.gov/public_disc/ptr-pdfs/2014/20001827.pdf,ok,True,lisible,2
20002038,https://disclosures-clerk.house.gov/public_disc/ptr-pdfs/2014/20002038.pdf,ok,True,lisible,2
9107462,https://disclosures-clerk.house.gov/public_disc/ptr-pdfs/2014/9107462.pdf,ok,False,non_lisible,9
8213918,https://disclosures-clerk.house.gov/public_disc/ptr-pdfs/2014/8213918.pdf,ok,False,non_lisible,8
8213919,https://disclosures-clerk.house.gov/public_disc/ptr-pdfs/2014/8213919.pdf,ok,False,non_lisible,8
8213955,https://disclosures-clerk.house.gov/public_disc/ptr-pdfs/2014/8213955.pdf,ok,False,non_lisible,8
8214100,https://disclosures-clerk.house.gov/public_disc/ptr-pdfs/2014/8214100.pdf,ok,False,non_lisible,8
8214224,https://disclosures-clerk.house.gov/public_disc/ptr-pdfs/2014/8214224.pdf,ok,False,non_lisible,8
9105138,https://disclosures-clerk.house.gov/public_disc/ptr-pdfs/2014/9105138.pdf,ok,False,non_lisible,9
20000612,https://disclosures-clerk.house.gov/public_disc/ptr-pdfs/2014/20000612.pdf,ok,True,lisible,2
20002218,https://disclosures-clerk.house.gov/public_disc/ptr-pdfs/2014/20002218.pdf,ok,True,lisible,2
20000070,https://disclosures-clerk.house.gov/public_disc/ptr-pdfs/2014/20000070.pdf,ok,True,lisible,2
20000320,https://disclosures-clerk.house.gov/public_disc/ptr-pdfs/2014/20000320.pdf,ok,True,lisible,2
20000422,https://disclosures-clerk.house.gov/public_disc/ptr-pdfs/2014/20000422.pdf,ok,True,lisible,2
20000617,https://disclosures-clerk.house.gov/public_disc/ptr-pdfs/2014/20000617.pdf,ok,True,lisible,2
20000882,https://disclosures-clerk.house.gov/public_disc/ptr-pdfs/2014/20000882.pdf,ok,True,lisible,2
20001107,https://disclosures-clerk.house.gov/public_disc/ptr-pdfs/2014/20001107.pdf,ok,True,lisible,2
20001247,https://disclosures-clerk.house.gov/public_disc/ptr-pdfs/2014/20001247.pdf,ok,True,lisible,2
20001510,https://disclosures-clerk.house.gov/public_disc/ptr-pdfs/2014/20001510.pdf,ok,True,lisible,2
20001665,https://disclosures-clerk.house.gov/public_disc/ptr-pdfs/2014/20001665.pdf,ok,True,lisible,2
20001882,https://disclosures-clerk.house.gov/public_disc/ptr-pdfs/2014/20001882.pdf,ok,True,lisible,2
20002032,https://disclosures-clerk.house.gov/public_disc/ptr-pdfs/2014/20002032.pdf,ok,True,lisible,2
8216527,https://disclosures-clerk.house.gov/public_disc/ptr-pdfs/2014/8216527.pdf,ok,False,non_lisible,8
8213886,https://disclosures-clerk.house.gov/public_disc/ptr-pdfs/2014/8213886.pdf,ok,False,non_lisible,8
8214102,https://disclosures-clerk.house.gov/public_disc/ptr-pdfs/2014/8214102.pdf,ok,False,non_lisible,8
9105825,https://disclosures-clerk.house.gov/public_disc/ptr-pdfs/2014/9105825.pdf,ok,False,non_lisible,9
20000037,https://disclosures-clerk.house.gov/public_disc/ptr-pdfs/2014/20000037.pdf,ok,True,lisible,2
20000229,https://disclosures-clerk.house.gov/public_disc/ptr-pdfs/2014/20000229.pdf,ok,True,lisible,2
20000399,https://disclosures-clerk.house.gov/public_disc/ptr-pdfs/2014/20000399.pdf,ok,True,lisible,2
20000611,https://disclosures-clerk.house.gov/public_disc/ptr-pdfs/2014/20000611.pdf,ok,True,lisible,2
20000758,https://disclosures-clerk.house.gov/public_disc/ptr-pdfs/2014/20000758.pdf,ok,True,lisible,2
20000981,https://disclosures-clerk.house.gov/public_disc/ptr-pdfs/2014/20000981.pdf,ok,True,lisible,2
20001308,https://disclosures-clerk.house.gov/public_disc/ptr-pdfs/2014/20001308.pdf,ok,True,lisible,2
9105834,https://disclosures-clerk.house.gov/public_disc/ptr-pdfs/2014/9105834.pdf,ok,False,non_lisible,9
8213957,https://disclosures-clerk.house.gov/public_disc/ptr-pdfs/2014/8213957.pdf,ok,False,non_lisible,8
8215704,https://disclosures-clerk.house.gov/public_disc/ptr-pdfs/2014/8215704.pdf,ok,False,non_lisible,8
9105525,https://disclosures-clerk.house.gov/public_disc/ptr-pdfs/2014/9105525.pdf,ok,False,non_lisible,9
8213815,https://disclosures-clerk.house.gov/public_disc/ptr-pdfs/2014/8213815.pdf,ok,False,non_lisible,8
9105691,https://disclosures-clerk.house.gov/public_disc/ptr-pdfs/2014/9105691.pdf,ok,False,non_lisible,9
9106005,https://disclosures-clerk.house.gov/public_disc/ptr-pdfs/2014/9106005.pdf,ok,False,non_lisible,9
9105615,https://disclosures-clerk.house.gov/public_disc/ptr-pdfs/2014/9105615.pdf,ok,False,non_lisible,9
8214538,https://disclosures-clerk.house.gov/public_disc/ptr-pdfs/2014/8214538.pdf,ok,False,non_lisible,8
9105729,https://disclosures-clerk.house.gov/public_disc/ptr-pdfs/2014/9105729.pdf,ok,False,non_lisible,9
9105826,https://disclosures-clerk.house.gov/public_disc/ptr-pdfs/2014/9105826.pdf,ok,False,non_lisible,9
8213817,https://disclosures-clerk.house.gov/public_disc/ptr-pdfs/2014/8213817.pdf,ok,False,non_lisible,8
8213818,https://disclosures-clerk.house.gov/public_disc/ptr-pdfs/2014/8213818.pdf,ok,False,non_lisible,8
8214090,https://disclosures-clerk.house.gov/public_disc/ptr-pdfs/2014/8214090.pdf,ok,False,non_lisible,8
9105107,https://disclosures-clerk.house.gov/public_disc/ptr-pdfs/2014/9105107.pdf,ok,False,non_lisible,9
8214467,https://disclosures-clerk.house.gov/public_disc/ptr-pdfs/2014/8214467.pdf,ok,False,non_lisible,8
8214718,https://disclosures-clerk.house.gov/public_disc/ptr-pdfs/2014/8214718.pdf,ok,False,non_lisible,8
8215814,https://disclosures-clerk.house.gov/public_disc/ptr-pdfs/2014/8215814.pdf,ok,False,non_lisible,8
8216017,https://disclosures-clerk.house.gov/public_disc/ptr-pdfs/2014/8216017.pdf,ok,False,non_lisible,8
8216380,https://disclosures-clerk.house.gov/public_disc/ptr-pdfs/2014/8216380.pdf,ok,False,non_lisible,8
8216532,https://disclosures-clerk.house.gov/public_disc/ptr-pdfs/2014/8216532.pdf,ok,False,non_lisible,8
9105526,https://disclosures-clerk.house.gov/public_disc/ptr-pdfs/2014/9105526.pdf,ok,False,non_lisible,9
9105656,https://disclosures-clerk.house.gov/public_disc/ptr-pdfs/2014/9105656.pdf,ok,False,non_lisible,9
9105756,https://disclosures-clerk.house.gov/public_disc/ptr-pdfs/2014/9105756.pdf,ok,False,non_lisible,9
9105827,https://disclosures-clerk.house.gov/public_disc/ptr-pdfs/2014/9105827.pdf,ok,False,non_lisible,9
8214098,https://disclosures-clerk.house.gov/public_disc/ptr-pdfs/2014/8214098.pdf,ok,False,non_lisible,8
8214469,https://disclosures-clerk.house.gov/public_disc/ptr-pdfs/2014/8214469.pdf,ok,False,non_lisible,8
8216125,https://disclosures-clerk.house.gov/public_disc/ptr-pdfs/2014/8216125.pdf,ok,False,non_lisible,8
8216533,https://disclosures-clerk.house.gov/public_disc/ptr-pdfs/2014/8216533.pdf,ok,False,non_lisible,8
9105447,https://disclosures-clerk.house.gov/public_disc/ptr-pdfs/2014/9105447.pdf,ok,False,non_lisible,9
9105655,https://disclosures-clerk.house.gov/public_disc/ptr-pdfs/2014/9105655.pdf,ok,False,non_lisible,9
20002214,https://disclosures-clerk.house.gov/public_disc/ptr-pdfs/2014/20002214.pdf,ok,True,lisible,2
8213819,https://disclosures-clerk.house.gov/public_disc/ptr-pdfs/2014/8213819.pdf,ok,False,non_lisible,8
20001270,https://disclosures-clerk.house.gov/public_disc/ptr-pdfs/2014/20001270.pdf,ok,True,lisible,2
9105680,https://disclosures-clerk.house.gov/public_disc/ptr-pdfs/2014/9105680.pdf,ok,False,non_lisible,9
8214085,https://disclosures-clerk.house.gov/public_disc/ptr-pdfs/2014/8214085.pdf,ok,False,non_lisible,8
8214225,https://disclosures-clerk.house.gov/public_disc/ptr-pdfs/2014/8214225.pdf,ok,False,non_lisible,8
8214334,https://disclosures-clerk.house.gov/public_disc/ptr-pdfs/2014/8214334.pdf,ok,False,non_lisible,8
8214397,https://disclosures-clerk.house.gov/public_disc/ptr-pdfs/2014/8214397.pdf,ok,False,non_lisible,8
8215595,https://disclosures-clerk.house.gov/public_disc/ptr-pdfs/2014/8215595.pdf,ok,False,non_lisible,8
8215812,https://disclosures-clerk.house.gov/public_disc/ptr-pdfs/2014/8215812.pdf,ok,False,non_lisible,8
8215906,https://disclosures-clerk.house.gov/public_disc/ptr-pdfs/2014/8215906.pdf,ok,False,non_lisible,8
9105497,https://disclosures-clerk.house.gov/public_disc/ptr-pdfs/2014/9105497.pdf,ok,False,non_lisible,9
9105498,https://disclosures-clerk.house.gov/public_disc/ptr-pdfs/2014/9105498.pdf,ok,False,non_lisible,9
9105597,https://disclosures-clerk.house.gov/public_disc/ptr-pdfs/2014/9105597.pdf,ok,False,non_lisible,9
9105596,https://disclosures-clerk.house.gov/public_disc/ptr-pdfs/2014/9105596.pdf,ok,False,non_lisible,9
8213820,https://disclosures-clerk.house.gov/public_disc/ptr-pdfs/2014/8213820.pdf,ok,False,non_lisible,8
8213821,https://disclosures-clerk.house.gov/public_disc/ptr-pdfs/2014/8213821.pdf,ok,False,non_lisible,8
9105732,https://disclosures-clerk.house.gov/public_disc/ptr-pdfs/2014/9105732.pdf,ok,False,non_lisible,9
9105886,https://disclosures-clerk.house.gov/public_disc/ptr-pdfs/2014/9105886.pdf,ok,False,non_lisible,9
8215698,https://disclosures-clerk.house.gov/public_disc/ptr-pdfs/2014/8215698.pdf,ok,False,non_lisible,8
9105456,https://disclosures-clerk.house.gov/public_disc/ptr-pdfs/2014/9105456.pdf,ok,False,non_lisible,9
9105549,https://disclosures-clerk.house.gov/public_disc/ptr-pdfs/2014/9105549.pdf,ok,False,non_lisible,9
9105614,https://disclosures-clerk.house.gov/public_disc/ptr-pdfs/2014/9105614.pdf,ok,False,non_lisible,9
20002133,https://disclosures-clerk.house.gov/public_disc/ptr-pdfs/2014/20002133.pdf,ok,True,lisible,2
20002217,https://disclosures-clerk.house.gov/public_disc/ptr-pdfs/2014/20002217.pdf,ok,True,lisible,2
20002281,https://disclosures-clerk.house.gov/public_disc/ptr-pdfs/2014/20002281.pdf,ok,True,lisible,2
20000085,https://disclosures-clerk.house.gov/public_disc/ptr-pdfs/2014/20000085.pdf,ok,True,lisible,2
20000168,https://disclosures-clerk.house.gov/public_disc/ptr-pdfs/2014/20000168.pdf,ok,True,lisible,2
20000325,https://disclosures-clerk.house.gov/public_disc/ptr-pdfs/2014/20000325.pdf,ok,True,lisible,2
20000453,https://disclosures-clerk.house.gov/public_disc/ptr-pdfs/2014/20000453.pdf,ok,True,lisible,2
20000501,https://disclosures-clerk.house.gov/public_disc/ptr-pdfs/2014/20000501.pdf,ok,True,lisible,2
20000598,https://disclosures-clerk.house.gov/public_disc/ptr-pdfs/2014/20000598.pdf,ok,True,lisible,2
20000717,https://disclosures-clerk.house.gov/public_disc/ptr-pdfs/2014/20000717.pdf,ok,True,lisible,2
20000741,https://disclosures-clerk.house.gov/public_disc/ptr-pdfs/2014/20000741.pdf,ok,True,lisible,2
20000742,https://disclosures-clerk.house.gov/public_disc/ptr-pdfs/2014/20000742.pdf,ok,True,lisible,2
20000922,https://disclosures-clerk.house.gov/public_disc/ptr-pdfs/2014/20000922.pdf,ok,True,lisible,2
20000945,https://disclosures-clerk.house.gov/public_disc/ptr-pdfs/2014/20000945.pdf,ok,True,lisible,2
20001056,https://disclosures-clerk.house.gov/public_disc/ptr-pdfs/2014/20001056.pdf,ok,True,lisible,2
20001146,https://disclosures-clerk.house.gov/public_disc/ptr-pdfs/2014/20001146.pdf,ok,True,lisible,2
20001217,https://disclosures-clerk.house.gov/public_disc/ptr-pdfs/2014/20001217.pdf,ok,True,lisible,2
20001406,https://disclosures-clerk.house.gov/public_disc/ptr-pdfs/2014/20001406.pdf,ok,True,lisible,2
20001525,https://disclosures-clerk.house.gov/public_disc/ptr-pdfs/2014/20001525.pdf,ok,True,lisible,2
20001832,https://disclosures-clerk.house.gov/public_disc/ptr-pdfs/2014/20001832.pdf,ok,True,lisible,2
20001919,https://disclosures-clerk.house.gov/public_disc/ptr-pdfs/2014/20001919.pdf,ok,True,lisible,2
20001963,https://disclosures-clerk.house.gov/public_disc/ptr-pdfs/2014/20001963.pdf,ok,True,lisible,2
20002020,https://disclosures-clerk.house.gov/public_disc/ptr-pdfs/2014/20002020.pdf,ok,True,lisible,2
20000162,https://disclosures-clerk.house.gov/public_disc/ptr-pdfs/2014/20000162.pdf,ok,True,lisible,2
20000709,https://disclosures-clerk.house.gov/public_disc/ptr-pdfs/2014/20000709.pdf,ok,True,lisible,2
20001673,https://disclosures-clerk.house.gov/public_disc/ptr-pdfs/2014/20001673.pdf,ok,True,lisible,2
9105731,https://disclosures-clerk.house.gov/public_disc/ptr-pdfs/2014/9105731.pdf,ok,False,non_lisible,9
9105840,https://disclosures-clerk.house.gov/public_disc/ptr-pdfs/2014/9105840.pdf,ok,False,non_lisible,9
9107514,https://disclosures-clerk.house.gov/public_disc/ptr-pdfs/2014/9107514.pdf,ok,False,non_lisible,9
9107515,https://disclosures-clerk.house.gov/public_disc/ptr-pdfs/2014/9107515.pdf,ok,False,non_lisible,9
9107516,https://disclosures-clerk.house.gov/public_disc/ptr-pdfs/2014/9107516.pdf,ok,False,non_lisible,9
9107517,https://disclosures-clerk.house.gov/public_disc/ptr-pdfs/2014/9107517.pdf,ok,False,non_lisible,9
9107518,https://disclosures-clerk.house.gov/public_disc/ptr-pdfs/2014/9107518.pdf,ok,False,non_lisible,9
9107519,https://disclosures-clerk.house.gov/public_disc/ptr-pdfs/2014/9107519.pdf,ok,False,non_lisible,9
9107520,https://disclosures-clerk.house.gov/public_disc/ptr-pdfs/2014/9107520.pdf,ok,False,non_lisible,9
9107521,https://disclosures-clerk.house.gov/public_disc/ptr-pdfs/2014/9107521.pdf,ok,False,non_lisible,9
9107522,https://disclosures-clerk.house.gov/public_disc/ptr-pdfs/2014/9107522.pdf,ok,False,non_lisible,9
9107523,https://disclosures-clerk.house.gov/public_disc/ptr-pdfs/2014/9107523.pdf,ok,False,non_lisible,9
9107524,https://disclosures-clerk.house.gov/public_disc/ptr-pdfs/2014/9107524.pdf,ok,False,non_lisible,9
8214032,https://disclosures-clerk.house.gov/public_disc/ptr-pdfs/2014/8214032.pdf,ok,False,non_lisible,8
8214228,https://disclosures-clerk.house.gov/public_disc/ptr-pdfs/2014/8214228.pdf,ok,False,non_lisible,8
8214470,https://disclosures-clerk.house.gov/public_disc/ptr-pdfs/2014/8214470.pdf,ok,False,non_lisible,8
8214720,https://disclosures-clerk.house.gov/public_disc/ptr-pdfs/2014/8214720.pdf,ok,False,non_lisible,8
8215646,https://disclosures-clerk.house.gov/public_disc/ptr-pdfs/2014/8215646.pdf,ok,False,non_lisible,8
8215907,https://disclosures-clerk.house.gov/public_disc/ptr-pdfs/2014/8215907.pdf,ok,False,non_lisible,8
8216180,https://disclosures-clerk.house.gov/public_disc/ptr-pdfs/2014/8216180.pdf,ok,False,non_lisible,8
8216575,https://disclosures-clerk.house.gov/public_disc/ptr-pdfs/2014/8216575.pdf,ok,False,non_lisible,8
9105500,https://disclosures-clerk.house.gov/public_disc/ptr-pdfs/2014/9105500.pdf,ok,False,non_lisible,9
9105605,https://disclosures-clerk.house.gov/public_disc/ptr-pdfs/2014/9105605.pdf,ok,False,non_lisible,9
8213959,https://disclosures-clerk.house.gov/public_disc/ptr-pdfs/2014/8213959.pdf,ok,False,non_lisible,8
8215970,https://disclosures-clerk.house.gov/public_disc/ptr-pdfs/2014/8215970.pdf,ok,False,non_lisible,8
9105774,https://disclosures-clerk.house.gov/public_disc/ptr-pdfs/2014/9105774.pdf,ok,False,non_lisible,9
9105859,https://disclosures-clerk.house.gov/public_disc/ptr-pdfs/2014/9105859.pdf,ok,False,non_lisible,9
8213892,https://disclosures-clerk.house.gov/public_disc/ptr-pdfs/2014/8213892.pdf,ok,False,non_lisible,8
8214091,https://disclosures-clerk.house.gov/public_disc/ptr-pdfs/2014/8214091.pdf,ok,False,non_lisible,8
9105109,https://disclosures-clerk.house.gov/public_disc/ptr-pdfs/2014/9105109.pdf,ok,False,non_lisible,9
8214471,https://disclosures-clerk.house.gov/public_disc/ptr-pdfs/2014/8214471.pdf,ok,False,non_lisible,8
8214814,https://disclosures-clerk.house.gov/public_disc/ptr-pdfs/2014/8214814.pdf,ok,False,non_lisible,8
8215703,https://disclosures-clerk.house.gov/public_disc/ptr-pdfs/2014/8215703.pdf,ok,False,non_lisible,8
8215971,https://disclosures-clerk.house.gov/public_disc/ptr-pdfs/2014/8215971.pdf,ok,False,non_lisible,8
8216381,https://disclosures-clerk.house.gov/public_disc/ptr-pdfs/2014/8216381.pdf,ok,False,non_lisible,8
8216577,https://disclosures-clerk.house.gov/public_disc/ptr-pdfs/2014/8216577.pdf,ok,False,non_lisible,8
9105528,https://disclosures-clerk.house.gov/public_disc/ptr-pdfs/2014/9105528.pdf,ok,False,non_lisible,9
9105643,https://disclosures-clerk.house.gov/public_disc/ptr-pdfs/2014/9105643.pdf,ok,False,non_lisible,9
20002188,https://disclosures-clerk.house.gov/public_disc/ptr-pdfs/2014/20002188.pdf,ok,True,lisible,2
20000087,https://disclosures-clerk.house.gov/public_disc/ptr-pdfs/2014/20000087.pdf,ok,True,lisible,2
20000394,https://disclosures-clerk.house.gov/public_disc/ptr-pdfs/2014/20000394.pdf,ok,True,lisible,2
20000626,https://disclosures-clerk.house.gov/public_disc/ptr-pdfs/2014/20000626.pdf,ok,True,lisible,2
20000858,https://disclosures-clerk.house.gov/public_disc/ptr-pdfs/2014/20000858.pdf,ok,True,lisible,2
20001112,https://disclosures-clerk.house.gov/public_disc/ptr-pdfs/2014/20001112.pdf,ok,True,lisible,2
20001347,https://disclosures-clerk.house.gov/public_disc/ptr-pdfs/2014/20001347.pdf,ok,True,lisible,2
20001883,https://disclosures-clerk.house.gov/public_disc/ptr-pdfs/2014/20001883.pdf,ok,True,lisible,2
8213744,https://disclosures-clerk.house.gov/public_disc/ptr-pdfs/2014/8213744.pdf,ok,False,non_lisible,8
20001601,https://disclosures-clerk.house.gov/public_disc/ptr-pdfs/2014/20001601.pdf,ok,True,lisible,2
8214336,https://disclosures-clerk.house.gov/public_disc/ptr-pdfs/2014/8214336.pdf,ok,False,non_lisible,8
8214337,https://disclosures-clerk.house.gov/public_disc/ptr-pdfs/2014/8214337.pdf,ok,False,non_lisible,8
8214338,https://disclosures-clerk.house.gov/public_disc/ptr-pdfs/2014/8214338.pdf,ok,False,non_lisible,8
20000083,https://disclosures-clerk.house.gov/public_disc/ptr-pdfs/2014/20000083.pdf,ok,True,lisible,2
20000959,https://disclosures-clerk.house.gov/public_disc/ptr-pdfs/2014/20000959.pdf,ok,True,lisible,2
8214241,https://disclosures-clerk.house.gov/public_disc/ptr-pdfs/2014/8214241.pdf,ok,False,non_lisible,8
9106488,https://disclosures-clerk.house.gov/public_disc/ptr-pdfs/2014/9106488.pdf,ok,False,non_lisible,9
8214083,https://disclosures-clerk.house.gov/public_disc/ptr-pdfs/2014/8214083.pdf,ok,False,non_lisible,8
20000813,https://disclosures-clerk.house.gov/public_disc/ptr-pdfs/2014/20000813.pdf,ok,True,lisible,2
20000567,https://disclosures-clerk.house.gov/public_disc/ptr-pdfs/2014/20000567.pdf,ok,True,lisible,2
20001345,https://disclosures-clerk.house.gov/public_disc/ptr-pdfs/2014/20001345.pdf,ok,True,lisible,2
20002233,https://disclosures-clerk.house.gov/public_disc/ptr-pdfs/2014/20002233.pdf,ok,True,lisible,2
20002237,https://disclosures-clerk.house.gov/public_disc/ptr-pdfs/2014/20002237.pdf,ok,True,lisible,2
20002287,https://disclosures-clerk.house.gov/public_disc/ptr-pdfs/2014/20002287.pdf,ok,True,lisible,2
20000757,https://disclosures-clerk.house.gov/public_disc/ptr-pdfs/2014/20000757.pdf,ok,True,lisible,2
20001019,https://disclosures-clerk.house.gov/public_disc/ptr-pdfs/2014/20001019.pdf,ok,True,lisible,2
20001101,https://disclosures-clerk.house.gov/public_disc/ptr-pdfs/2014/20001101.pdf,ok,True,lisible,2
20001179,https://disclosures-clerk.house.gov/public_disc/ptr-pdfs/2014/20001179.pdf,ok,True,lisible,2
20001537,https://disclosures-clerk.house.gov/public_disc/ptr-pdfs/2014/20001537.pdf,ok,True,lisible,2
20001568,https://disclosures-clerk.house.gov/public_disc/ptr-pdfs/2014/20001568.pdf,ok,True,lisible,2
20001811,https://disclosures-clerk.house.gov/public_disc/ptr-pdfs/2014/20001811.pdf,ok,True,lisible,2
9105111,https://disclosures-clerk.house.gov/public_disc/ptr-pdfs/2014/9105111.pdf,ok,False,non_lisible,9
20001409,https://disclosures-clerk.house.gov/public_disc/ptr-pdfs/2014/20001409.pdf,ok,True,lisible,2
20000495,https://disclosures-clerk.house.gov/public_disc/ptr-pdfs/2014/20000495.pdf,ok,True,lisible,2
20001024,https://disclosures-clerk.house.gov/public_disc/ptr-pdfs/2014/20001024.pdf,ok,True,lisible,2
20001503,https://disclosures-clerk.house.gov/public_disc/ptr-pdfs/2014/20001503.pdf,ok,True,lisible,2
20002063,https://disclosures-clerk.house.gov/public_disc/ptr-pdfs/2014/20002063.pdf,ok,True,lisible,2
9105735,https://disclosures-clerk.house.gov/public_disc/ptr-pdfs/2014/9105735.pdf,ok,False,non_lisible,9
8213903,https://disclosures-clerk.house.gov/public_disc/ptr-pdfs/2014/8213903.pdf,ok,False,non_lisible,8
20000990,https://disclosures-clerk.house.gov/public_disc/ptr-pdfs/2014/20000990.pdf,ok,True,lisible,2
20001274,https://disclosures-clerk.house.gov/public_disc/ptr-pdfs/2014/20001274.pdf,ok,True,lisible,2
20001378,https://disclosures-clerk.house.gov/public_disc/ptr-pdfs/2014/20001378.pdf,ok,True,lisible,2
20001386,https://disclosures-clerk.house.gov/public_disc/ptr-pdfs/2014/20001386.pdf,ok,True,lisible,2
20001650,https://disclosures-clerk.house.gov/public_disc/ptr-pdfs/2014/20001650.pdf,ok,True,lisible,2
20002022,https://disclosures-clerk.house.gov/public_disc/ptr-pdfs/2014/20002022.pdf,ok,True,lisible,2
9105695,https://disclosures-clerk.house.gov/public_disc/ptr-pdfs/2014/9105695.pdf,ok,False,non_lisible,9
9105736,https://disclosures-clerk.house.gov/public_disc/ptr-pdfs/2014/9105736.pdf,ok,False,non_lisible,9
8215910,https://disclosures-clerk.house.gov/public_disc/ptr-pdfs/2014/8215910.pdf,ok,False,non_lisible,8
8216105,https://disclosures-clerk.house.gov/public_disc/ptr-pdfs/2014/8216105.pdf,ok,False,non_lisible,8
8216584,https://disclosures-clerk.house.gov/public_disc/ptr-pdfs/2014/8216584.pdf,ok,False,non_lisible,8
9105451,https://disclosures-clerk.house.gov/public_disc/ptr-pdfs/2014/9105451.pdf,ok,False,non_lisible,9
9105551,https://disclosures-clerk.house.gov/public_disc/ptr-pdfs/2014/9105551.pdf,ok,False,non_lisible,9
20002236,https://disclosures-clerk.house.gov/public_disc/ptr-pdfs/2014/20002236.pdf,ok,True,lisible,2
20001991,https://disclosures-clerk.house.gov/public_disc/ptr-pdfs/2014/20001991.pdf,ok,True,lisible,2
20002238,https://disclosures-clerk.house.gov/public_disc/ptr-pdfs/2014/20002238.pdf,ok,True,lisible,2
8213895,https://disclosures-clerk.house.gov/public_disc/ptr-pdfs/2014/8213895.pdf,ok,False,non_lisible,8
8214034,https://disclosures-clerk.house.gov/public_disc/ptr-pdfs/2014/8214034.pdf,ok,False,non_lisible,8
8214372,https://disclosures-clerk.house.gov/public_disc/ptr-pdfs/2014/8214372.pdf,ok,False,non_lisible,8
20000869,https://disclosures-clerk.house.gov/public_disc/ptr-pdfs/2014/20000869.pdf,ok,True,lisible,2
20001017,https://disclosures-clerk.house.gov/public_disc/ptr-pdfs/2014/20001017.pdf,ok,True,lisible,2
20001082,https://disclosures-clerk.house.gov/public_disc/ptr-pdfs/2014/20001082.pdf,ok,True,lisible,2
20001244,https://disclosures-clerk.house.gov/public_disc/ptr-pdfs/2014/20001244.pdf,ok,True,lisible,2
20001655,https://disclosures-clerk.house.gov/public_disc/ptr-pdfs/2014/20001655.pdf,ok,True,lisible,2
20001899,https://disclosures-clerk.house.gov/public_disc/ptr-pdfs/2014/20001899.pdf,ok,True,lisible,2
20002072,https://disclosures-clerk.house.gov/public_disc/ptr-pdfs/2014/20002072.pdf,ok,True,lisible,2
20002212,https://disclosures-clerk.house.gov/public_disc/ptr-pdfs/2014/20002212.pdf,ok,True,lisible,2
9105035,https://disclosures-clerk.house.gov/public_disc/ptr-pdfs/2014/9105035.pdf,ok,False,non_lisible,9
8214150,https://disclosures-clerk.house.gov/public_disc/ptr-pdfs/2014/8214150.pdf,ok,False,non_lisible,8
9105144,https://disclosures-clerk.house.gov/public_disc/ptr-pdfs/2014/9105144.pdf,ok,False,non_lisible,9
8214613,https://disclosures-clerk.house.gov/public_disc/ptr-pdfs/2014/8214613.pdf,ok,False,non_lisible,8
8215250,https://disclosures-clerk.house.gov/public_disc/ptr-pdfs/2014/8215250.pdf,ok,False,non_lisible,8
8215710,https://disclosures-clerk.house.gov/public_disc/ptr-pdfs/2014/8215710.pdf,ok,False,non_lisible,8
8216020,https://disclosures-clerk.house.gov/public_disc/ptr-pdfs/2014/8216020.pdf,ok,False,non_lisible,8
20001511,https://disclosures-clerk.house.gov/public_disc/ptr-pdfs/2014/20001511.pdf,ok,True,lisible,2
20001523,https://disclosures-clerk.house.gov/public_disc/ptr-pdfs/2014/20001523.pdf,ok,True,lisible,2
20001643,https://disclosures-clerk.house.gov/public_disc/ptr-pdfs/2014/20001643.pdf,ok,True,lisible,2
9105750,https://disclosures-clerk.house.gov/public_disc/ptr-pdfs/2014/9105750.pdf,ok,False,non_lisible,9
8213746,https://disclosures-clerk.house.gov/public_disc/ptr-pdfs/2014/8213746.pdf,ok,False,non_lisible,8
8213825,https://disclosures-clerk.house.gov/public_disc/ptr-pdfs/2014/8213825.pdf,ok,False,non_lisible,8
8214473,https://disclosures-clerk.house.gov/public_disc/ptr-pdfs/2014/8214473.pdf,ok,False,non_lisible,8
9105676,https://disclosures-clerk.house.gov/public_disc/ptr-pdfs/2014/9105676.pdf,ok,False,non_lisible,9
9105749,https://disclosures-clerk.house.gov/public_disc/ptr-pdfs/2014/9105749.pdf,ok,False,non_lisible,9
9105862,https://disclosures-clerk.house.gov/public_disc/ptr-pdfs/2014/9105862.pdf,ok,False,non_lisible,9
8213826,https://disclosures-clerk.house.gov/public_disc/ptr-pdfs/2014/8213826.pdf,ok,False,non_lisible,8
8214094,https://disclosures-clerk.house.gov/public_disc/ptr-pdfs/2014/8214094.pdf,ok,False,non_lisible,8
8214149,https://disclosures-clerk.house.gov/public_disc/ptr-pdfs/2014/8214149.pdf,ok,False,non_lisible,8
9105145,https://disclosures-clerk.house.gov/public_disc/ptr-pdfs/2014/9105145.pdf,ok,False,non_lisible,9
8214492,https://disclosures-clerk.house.gov/public_disc/ptr-pdfs/2014/8214492.pdf,ok,False,non_lisible,8
8215251,https://disclosures-clerk.house.gov/public_disc/ptr-pdfs/2014/8215251.pdf,ok,False,non_lisible,8
8215598,https://disclosures-clerk.house.gov/public_disc/ptr-pdfs/2014/8215598.pdf,ok,False,non_lisible,8
8215715,https://disclosures-clerk.house.gov/public_disc/ptr-pdfs/2014/8215715.pdf,ok,False,non_lisible,8
8215973,https://disclosures-clerk.house.gov/public_disc/ptr-pdfs/2014/8215973.pdf,ok,False,non_lisible,8
8216195,https://disclosures-clerk.house.gov/public_disc/ptr-pdfs/2014/8216195.pdf,ok,False,non_lisible,8
8216585,https://disclosures-clerk.house.gov/public_disc/ptr-pdfs/2014/8216585.pdf,ok,False,non_lisible,8
9105502,https://disclosures-clerk.house.gov/public_disc/ptr-pdfs/2014/9105502.pdf,ok,False,non_lisible,9
9105652,https://disclosures-clerk.house.gov/public_disc/ptr-pdfs/2014/9105652.pdf,ok,False,non_lisible,9
20001269,https://disclosures-clerk.house.gov/public_disc/ptr-pdfs/2014/20001269.pdf,ok,True,lisible,2
20001851,https://disclosures-clerk.house.gov/public_disc/ptr-pdfs/2014/20001851.pdf,ok,True,lisible,2
20001876,https://disclosures-clerk.house.gov/public_disc/ptr-pdfs/2014/20001876.pdf,ok,True,lisible,2
9105651,https://disclosures-clerk.house.gov/public_disc/ptr-pdfs/2014/9105651.pdf,ok,False,non_lisible,9
8213791,https://disclosures-clerk.house.gov/public_disc/ptr-pdfs/2014/8213791.pdf,ok,False,non_lisible,8
8214148,https://disclosures-clerk.house.gov/public_disc/ptr-pdfs/2014/8214148.pdf,ok,False,non_lisible,8
20002178,https://disclosures-clerk.house.gov/public_disc/ptr-pdfs/2014/20002178.pdf,ok,True,lisible,2
8213827,https://disclosures-clerk.house.gov/public_disc/ptr-pdfs/2014/8213827.pdf,ok,False,non_lisible,8
20000287,https://disclosures-clerk.house.gov/public_disc/ptr-pdfs/2014/20000287.pdf,ok,True,lisible,2
20000456,https://disclosures-clerk.house.gov/public_disc/ptr-pdfs/2014/20000456.pdf,ok,True,lisible,2
20000605,https://disclosures-clerk.house.gov/public_disc/ptr-pdfs/2014/20000605.pdf,ok,True,lisible,2
20000889,https://disclosures-clerk.house.gov/public_disc/ptr-pdfs/2014/20000889.pdf,ok,True,lisible,2
20001109,https://disclosures-clerk.house.gov/public_disc/ptr-pdfs/2014/20001109.pdf,ok,True,lisible,2
20001507,https://disclosures-clerk.house.gov/public_disc/ptr-pdfs/2014/20001507.pdf,ok,True,lisible,2
20001849,https://disclosures-clerk.house.gov/public_disc/ptr-pdfs/2014/20001849.pdf,ok,True,lisible,2
20002021,https://disclosures-clerk.house.gov/public_disc/ptr-pdfs/2014/20002021.pdf,ok,True,lisible,2
9105675,https://disclosures-clerk.house.gov/public_disc/ptr-pdfs/2014/9105675.pdf,ok,False,non_lisible,9
9105737,https://disclosures-clerk.house.gov/public_disc/ptr-pdfs/2014/9105737.pdf,ok,False,non_lisible,9
9105779,https://disclosures-clerk.house.gov/public_disc/ptr-pdfs/2014/9105779.pdf,ok,False,non_lisible,9
9105801,https://disclosures-clerk.house.gov/public_disc/ptr-pdfs/2014/9105801.pdf,ok,False,non_lisible,9
9105033,https://disclosures-clerk.house.gov/public_disc/ptr-pdfs/2014/9105033.pdf,ok,False,non_lisible,9
8214035,https://disclosures-clerk.house.gov/public_disc/ptr-pdfs/2014/8214035.pdf,ok,False,non_lisible,8
8214147,https://disclosures-clerk.house.gov/public_disc/ptr-pdfs/2014/8214147.pdf,ok,False,non_lisible,8
9105146,https://disclosures-clerk.house.gov/public_disc/ptr-pdfs/2014/9105146.pdf,ok,False,non_lisible,9
8214474,https://disclosures-clerk.house.gov/public_disc/ptr-pdfs/2014/8214474.pdf,ok,False,non_lisible,8
8214615,https://disclosures-clerk.house.gov/public_disc/ptr-pdfs/2014/8214615.pdf,ok,False,non_lisible,8
8215453,https://disclosures-clerk.house.gov/public_disc/ptr-pdfs/2014/8215453.pdf,ok,False,non_lisible,8
8215649,https://disclosures-clerk.house.gov/public_disc/ptr-pdfs/2014/8215649.pdf,ok,False,non_lisible,8
8215912,https://disclosures-clerk.house.gov/public_disc/ptr-pdfs/2014/8215912.pdf,ok,False,non_lisible,8
8216059,https://disclosures-clerk.house.gov/public_disc/ptr-pdfs/2014/8216059.pdf,ok,False,non_lisible,8
8216181,https://disclosures-clerk.house.gov/public_disc/ptr-pdfs/2014/8216181.pdf,ok,False,non_lisible,8
8216437,https://disclosures-clerk.house.gov/public_disc/ptr-pdfs/2014/8216437.pdf,ok,False,non_lisible,8
8216586,https://disclosures-clerk.house.gov/public_disc/ptr-pdfs/2014/8216586.pdf,ok,False,non_lisible,8
9105409,https://disclosures-clerk.house.gov/public_disc/ptr-pdfs/2014/9105409.pdf,ok,False,non_lisible,9
9105471,https://disclosures-clerk.house.gov/public_disc/ptr-pdfs/2014/9105471.pdf,ok,False,non_lisible,9
9105557,https://disclosures-clerk.house.gov/public_disc/ptr-pdfs/2014/9105557.pdf,ok,False,non_lisible,9
9105626,https://disclosures-clerk.house.gov/public_disc/ptr-pdfs/2014/9105626.pdf,ok,False,non_lisible,9
9105738,https://disclosures-clerk.house.gov/public_disc/ptr-pdfs/2014/9105738.pdf,ok,False,non_lisible,9
9105841,https://disclosures-clerk.house.gov/public_disc/ptr-pdfs/2014/9105841.pdf,ok,False,non_lisible,9
8213828,https://disclosures-clerk.house.gov/public_disc/ptr-pdfs/2014/8213828.pdf,ok,False,non_lisible,8
8214036,https://disclosures-clerk.house.gov/public_disc/ptr-pdfs/2014/8214036.pdf,ok,False,non_lisible,8
9105147,https://disclosures-clerk.house.gov/public_disc/ptr-pdfs/2014/9105147.pdf,ok,False,non_lisible,9
8214493,https://disclosures-clerk.house.gov/public_disc/ptr-pdfs/2014/8214493.pdf,ok,False,non_lisible,8
8215009,https://disclosures-clerk.house.gov/public_disc/ptr-pdfs/2014/8215009.pdf,ok,False,non_lisible,8
8215750,https://disclosures-clerk.house.gov/public_disc/ptr-pdfs/2014/8215750.pdf,ok,False,non_lisible,8
8216376,https://disclosures-clerk.house.gov/public_disc/ptr-pdfs/2014/8216376.pdf,ok,False,non_lisible,8
8216587,https://disclosures-clerk.house.gov/public_disc/ptr-pdfs/2014/8216587.pdf,ok,False,non_lisible,8
9105554,https://disclosures-clerk.house.gov/public_disc/ptr-pdfs/2014/9105554.pdf,ok,False,non_lisible,9
9105739,https://disclosures-clerk.house.gov/public_disc/ptr-pdfs/2014/9105739.pdf,ok,False,non_lisible,9
9105802,https://disclosures-clerk.house.gov/public_disc/ptr-pdfs/2014/9105802.pdf,ok,False,non_lisible,9
8213829,https://disclosures-clerk.house.gov/public_disc/ptr-pdfs/2014/8213829.pdf,ok,False,non_lisible,8
8214095,https://disclosures-clerk.house.gov/public_disc/ptr-pdfs/2014/8214095.pdf,ok,False,non_lisible,8
9105148,https://disclosures-clerk.house.gov/public_disc/ptr-pdfs/2014/9105148.pdf,ok,False,non_lisible,9
8214475,https://disclosures-clerk.house.gov/public_disc/ptr-pdfs/2014/8214475.pdf,ok,False,non_lisible,8
8214816,https://disclosures-clerk.house.gov/public_disc/ptr-pdfs/2014/8214816.pdf,ok,False,non_lisible,8
8215811,https://disclosures-clerk.house.gov/public_disc/ptr-pdfs/2014/8215811.pdf,ok,False,non_lisible,8
8215974,https://disclosures-clerk.house.gov/public_disc/ptr-pdfs/2014/8215974.pdf,ok,False,non_lisible,8
8216218,https://disclosures-clerk.house.gov/public_disc/ptr-pdfs/2014/8216218.pdf,ok,False,non_lisible,8
8216588,https://disclosures-clerk.house.gov/public_disc/ptr-pdfs/2014/8216588.pdf,ok,False,non_lisible,8
9105503,https://disclosures-clerk.house.gov/public_disc/ptr-pdfs/2014/9105503.pdf,ok,False,non_lisible,9
9105650,https://disclosures-clerk.house.gov/public_disc/ptr-pdfs/2014/9105650.pdf,ok,False,non_lisible,9
8213924,https://disclosures-clerk.house.gov/public_disc/ptr-pdfs/2014/8213924.pdf,ok,False,non_lisible,8
9105149,https://disclosures-clerk.house.gov/public_disc/ptr-pdfs/2014/9105149.pdf,ok,False,non_lisible,9
20000684,https://disclosures-clerk.house.gov/public_disc/ptr-pdfs/2014/20000684.pdf,ok,True,lisible,2
8213967,https://disclosures-clerk.house.gov/public_disc/ptr-pdfs/2014/8213967.pdf,ok,False,non_lisible,8
20001992,https://disclosures-clerk.house.gov/public_disc/ptr-pdfs/2014/20001992.pdf,ok,True,lisible,2
8215252,https://disclosures-clerk.house.gov/public_disc/ptr-pdfs/2014/8215252.pdf,ok,False,non_lisible,8
9105698,https://disclosures-clerk.house.gov/public_disc/ptr-pdfs/2014/9105698.pdf,ok,False,non_lisible,9
9105741,https://disclosures-clerk.house.gov/public_disc/ptr-pdfs/2014/9105741.pdf,ok,False,non_lisible,9
9105839,https://disclosures-clerk.house.gov/public_disc/ptr-pdfs/2014/9105839.pdf,ok,False,non_lisible,9
8214616,https://disclosures-clerk.house.gov/public_disc/ptr-pdfs/2014/8214616.pdf,ok,False,non_lisible,8
8215767,https://disclosures-clerk.house.gov/public_disc/ptr-pdfs/2014/8215767.pdf,ok,False,non_lisible,8
8215768,https://disclosures-clerk.house.gov/public_disc/ptr-pdfs/2014/8215768.pdf,ok,False,non_lisible,8
8215915,https://disclosures-clerk.house.gov/public_disc/ptr-pdfs/2014/8215915.pdf,ok,False,non_lisible,8
8216589,https://disclosures-clerk.house.gov/public_disc/ptr-pdfs/2014/8216589.pdf,ok,False,non_lisible,8
9105612,https://disclosures-clerk.house.gov/public_disc/ptr-pdfs/2014/9105612.pdf,ok,False,non_lisible,9
20002222,https://disclosures-clerk.house.gov/public_disc/ptr-pdfs/2014/20002222.pdf,ok,True,lisible,2
9106434,https://disclosures-clerk.house.gov/public_disc/ptr-pdfs/2014/9106434.pdf,ok,False,non_lisible,9
8213830,https://disclosures-clerk.house.gov/public_disc/ptr-pdfs/2014/8213830.pdf,ok,False,non_lisible,8
8214096,https://disclosures-clerk.house.gov/public_disc/ptr-pdfs/2014/8214096.pdf,ok,False,non_lisible,8
9105113,https://disclosures-clerk.house.gov/public_disc/ptr-pdfs/2014/9105113.pdf,ok,False,non_lisible,9
8214477,https://disclosures-clerk.house.gov/public_disc/ptr-pdfs/2014/8214477.pdf,ok,False,non_lisible,8
8215010,https://disclosures-clerk.house.gov/public_disc/ptr-pdfs/2014/8215010.pdf,ok,False,non_lisible,8
8215701,https://disclosures-clerk.house.gov/public_disc/ptr-pdfs/2014/8215701.pdf,ok,False,non_lisible,8
8215916,https://disclosures-clerk.house.gov/public_disc/ptr-pdfs/2014/8215916.pdf,ok,False,non_lisible,8
8216378,https://disclosures-clerk.house.gov/public_disc/ptr-pdfs/2014/8216378.pdf,ok,False,non_lisible,8
8216379,https://disclosures-clerk.house.gov/public_disc/ptr-pdfs/2014/8216379.pdf,ok,False,non_lisible,8
8216590,https://disclosures-clerk.house.gov/public_disc/ptr-pdfs/2014/8216590.pdf,ok,False,non_lisible,8
9105529,https://disclosures-clerk.house.gov/public_disc/ptr-pdfs/2014/9105529.pdf,ok,False,non_lisible,9
9105645,https://disclosures-clerk.house.gov/public_disc/ptr-pdfs/2014/9105645.pdf,ok,False,non_lisible,9
9105742,https://disclosures-clerk.house.gov/public_disc/ptr-pdfs/2014/9105742.pdf,ok,False,non_lisible,9
9105861,https://disclosures-clerk.house.gov/public_disc/ptr-pdfs/2014/9105861.pdf,ok,False,non_lisible,9
8213831,https://disclosures-clerk.house.gov/public_disc/ptr-pdfs/2014/8213831.pdf,ok,False,non_lisible,8
8214099,https://disclosures-clerk.house.gov/public_disc/ptr-pdfs/2014/8214099.pdf,ok,False,non_lisible,8
8214235,https://disclosures-clerk.house.gov/public_disc/ptr-pdfs/2014/8214235.pdf,ok,False,non_lisible,8
8214478,https://disclosures-clerk.house.gov/public_disc/ptr-pdfs/2014/8214478.pdf,ok,False,non_lisible,8
8214725,https://disclosures-clerk.house.gov/public_disc/ptr-pdfs/2014/8214725.pdf,ok,False,non_lisible,8
8215700,https://disclosures-clerk.house.gov/public_disc/ptr-pdfs/2014/8215700.pdf,ok,False,non_lisible,8
8215914,https://disclosures-clerk.house.gov/public_disc/ptr-pdfs/2014/8215914.pdf,ok,False,non_lisible,8
8216377,https://disclosures-clerk.house.gov/public_disc/ptr-pdfs/2014/8216377.pdf,ok,False,non_lisible,8
8216591,https://disclosures-clerk.house.gov/public_disc/ptr-pdfs/2014/8216591.pdf,ok,False,non_lisible,8
9105530,https://disclosures-clerk.house.gov/public_disc/ptr-pdfs/2014/9105530.pdf,ok,False,non_lisible,9
9105611,https://disclosures-clerk.house.gov/public_disc/ptr-pdfs/2014/9105611.pdf,ok,False,non_lisible,9
8213832,https://disclosures-clerk.house.gov/public_disc/ptr-pdfs/2014/8213832.pdf,ok,False,non_lisible,8
9105114,https://disclosures-clerk.house.gov/public_disc/ptr-pdfs/2014/9105114.pdf,ok,False,non_lisible,9
8215917,https://disclosures-clerk.house.gov/public_disc/ptr-pdfs/2014/8215917.pdf,ok,False,non_lisible,8
20001602,https://disclosures-clerk.house.gov/public_disc/ptr-pdfs/2014/20001602.pdf,ok,True,lisible,2
9105531,https://disclosures-clerk.house.gov/public_disc/ptr-pdfs/2014/9105531.pdf,ok,False,non_lisible,9
8215253,https://disclosures-clerk.house.gov/public_disc/ptr-pdfs/2014/8215253.pdf,ok,False,non_lisible,8
8215599,https://disclosures-clerk.house.gov/public_disc/ptr-pdfs/2014/8215599.pdf,ok,False,non_lisible,8
20002230,https://disclosures-clerk.house.gov/public_disc/ptr-pdfs/2014/20002230.pdf,ok,True,lisible,2
20000473,https://disclosures-clerk.house.gov/public_disc/ptr-pdfs/2014/20000473.pdf,ok,True,lisible,2
20000715,https://disclosures-clerk.house.gov/public_disc/ptr-pdfs/2014/20000715.pdf,ok,True,lisible,2
20000826,https://disclosures-clerk.house.gov/public_disc/ptr-pdfs/2014/20000826.pdf,ok,True,lisible,2
20001273,https://disclosures-clerk.house.gov/public_disc/ptr-pdfs/2014/20001273.pdf,ok,True,lisible,2
20001526,https://disclosures-clerk.house.gov/public_disc/ptr-pdfs/2014/20001526.pdf,ok,True,lisible,2
20001668,https://disclosures-clerk.house.gov/public_disc/ptr-pdfs/2014/20001668.pdf,ok,True,lisible,2
20002033,https://disclosures-clerk.house.gov/public_disc/ptr-pdfs/2014/20002033.pdf,ok,True,lisible,2
20001831,https://disclosures-clerk.house.gov/public_disc/ptr-pdfs/2014/20001831.pdf,ok,True,lisible,2
20000409,https://disclosures-clerk.house.gov/public_disc/ptr-pdfs/2014/20000409.pdf,ok,True,lisible,2
20001104,https://disclosures-clerk.house.gov/public_disc/ptr-pdfs/2014/20001104.pdf,ok,True,lisible,2
20001654,https://disclosures-clerk.house.gov/public_disc/ptr-pdfs/2014/20001654.pdf,ok,True,lisible,2
20002138,https://disclosures-clerk.house.gov/public_disc/ptr-pdfs/2014/20002138.pdf,ok,True,lisible,2
20000029,https://disclosures-clerk.house.gov/public_disc/ptr-pdfs/2014/20000029.pdf,ok,True,lisible,2
20000237,https://disclosures-clerk.house.gov/public_disc/ptr-pdfs/2014/20000237.pdf,ok,True,lisible,2
20000406,https://disclosures-clerk.house.gov/public_disc/ptr-pdfs/2014/20000406.pdf,ok,True,lisible,2
20000587,https://disclosures-clerk.house.gov/public_disc/ptr-pdfs/2014/20000587.pdf,ok,True,lisible,2
20000863,https://disclosures-clerk.house.gov/public_disc/ptr-pdfs/2014/20000863.pdf,ok,True,lisible,2
20001067,https://disclosures-clerk.house.gov/public_disc/ptr-pdfs/2014/20001067.pdf,ok,True,lisible,2
20001111,https://disclosures-clerk.house.gov/public_disc/ptr-pdfs/2014/20001111.pdf,ok,True,lisible,2
20001429,https://disclosures-clerk.house.gov/public_disc/ptr-pdfs/2014/20001429.pdf,ok,True,lisible,2
20001469,https://disclosures-clerk.house.gov/public_disc/ptr-pdfs/2014/20001469.pdf,ok,True,lisible,2
20001622,https://disclosures-clerk.house.gov/public_disc/ptr-pdfs/2014/20001622.pdf,ok,True,lisible,2
20001826,https://disclosures-clerk.house.gov/public_disc/ptr-pdfs/2014/20001826.pdf,ok,True,lisible,2
20001990,https://disclosures-clerk.house.gov/public_disc/ptr-pdfs/2014/20001990.pdf,ok,True,lisible,2
9105587,https://disclosures-clerk.house.gov/public_disc/ptr-pdfs/2014/9105587.pdf,ok,False,non_lisible,9
8214146,https://disclosures-clerk.house.gov/public_disc/ptr-pdfs/2014/8214146.pdf,ok,False,non_lisible,8
8214399,https://disclosures-clerk.house.gov/public_disc/ptr-pdfs/2014/8214399.pdf,ok,False,non_lisible,8
20000815,https://disclosures-clerk.house.gov/public_disc/ptr-pdfs/2014/20000815.pdf,ok,True,lisible,2
8213795,https://disclosures-clerk.house.gov/public_disc/ptr-pdfs/2014/8213795.pdf,ok,False,non_lisible,8
8213969,https://disclosures-clerk.house.gov/public_disc/ptr-pdfs/2014/8213969.pdf,ok,False,non_lisible,8
8214238,https://disclosures-clerk.house.gov/public_disc/ptr-pdfs/2014/8214238.pdf,ok,False,non_lisible,8
8214727,https://disclosures-clerk.house.gov/public_disc/ptr-pdfs/2014/8214727.pdf,ok,False,non_lisible,8
8215752,https://disclosures-clerk.house.gov/public_disc/ptr-pdfs/2014/8215752.pdf,ok,False,non_lisible,8
8215919,https://disclosures-clerk.house.gov/public_disc/ptr-pdfs/2014/8215919.pdf,ok,False,non_lisible,8
8216594,https://disclosures-clerk.house.gov/public_disc/ptr-pdfs/2014/8216594.pdf,ok,False,non_lisible,8
9105504,https://disclosures-clerk.house.gov/public_disc/ptr-pdfs/2014/9105504.pdf,ok,False,non_lisible,9
8213927,https://disclosures-clerk.house.gov/public_disc/ptr-pdfs/2014/8213927.pdf,ok,False,non_lisible,8
8213928,https://disclosures-clerk.house.gov/public_disc/ptr-pdfs/2014/8213928.pdf,ok,False,non_lisible,8
9105704,https://disclosures-clerk.house.gov/public_disc/ptr-pdfs/2014/9105704.pdf,ok,False,non_lisible,9
9105803,https://disclosures-clerk.house.gov/public_disc/ptr-pdfs/2014/9105803.pdf,ok,False,non_lisible,9
8213797,https://disclosures-clerk.house.gov/public_disc/ptr-pdfs/2014/8213797.pdf,ok,False,non_lisible,8
8213971,https://disclosures-clerk.house.gov/public_disc/ptr-pdfs/2014/8213971.pdf,ok,False,non_lisible,8
8214240,https://disclosures-clerk.house.gov/public_disc/ptr-pdfs/2014/8214240.pdf,ok,False,non_lisible,8
8214400,https://disclosures-clerk.house.gov/public_disc/ptr-pdfs/2014/8214400.pdf,ok,False,non_lisible,8
8214620,https://disclosures-clerk.house.gov/public_disc/ptr-pdfs/2014/8214620.pdf,ok,False,non_lisible,8
8215651,https://disclosures-clerk.house.gov/public_disc/ptr-pdfs/2014/8215651.pdf,ok,False,non_lisible,8
8216182,https://disclosures-clerk.house.gov/public_disc/ptr-pdfs/2014/8216182.pdf,ok,False,non_lisible,8
8216596,https://disclosures-clerk.house.gov/public_disc/ptr-pdfs/2014/8216596.pdf,ok,False,non_lisible,8
9105455,https://disclosures-clerk.house.gov/public_disc/ptr-pdfs/2014/9105455.pdf,ok,False,non_lisible,9
9105603,https://disclosures-clerk.house.gov/public_disc/ptr-pdfs/2014/9105603.pdf,ok,False,non_lisible,9
20001663,https://disclosures-clerk.house.gov/public_disc/ptr-pdfs/2014/20001663.pdf,ok,True,lisible,2
20002141,https://disclosures-clerk.house.gov/public_disc/ptr-pdfs/2014/20002141.pdf,ok,True,lisible,2
20002179,https://disclosures-clerk.house.gov/public_disc/ptr-pdfs/2014/20002179.pdf,ok,True,lisible,2
8213835,https://disclosures-clerk.house.gov/public_disc/ptr-pdfs/2014/8213835.pdf,ok,False,non_lisible,8
8214038,https://disclosures-clerk.house.gov/public_disc/ptr-pdfs/2014/8214038.pdf,ok,False,non_lisible,8
9105064,https://disclosures-clerk.house.gov/public_disc/ptr-pdfs/2014/9105064.pdf,ok,False,non_lisible,9
8214480,https://disclosures-clerk.house.gov/public_disc/ptr-pdfs/2014/8214480.pdf,ok,False,non_lisible,8
20000881,https://disclosures-clerk.house.gov/public_disc/ptr-pdfs/2014/20000881.pdf,ok,True,lisible,2
20001059,https://disclosures-clerk.house.gov/public_disc/ptr-pdfs/2014/20001059.pdf,ok,True,lisible,2
20001250,https://disclosures-clerk.house.gov/public_disc/ptr-pdfs/2014/20001250.pdf,ok,True,lisible,2
20001482,https://disclosures-clerk.house.gov/public_disc/ptr-pdfs/2014/20001482.pdf,ok,True,lisible,2
20001669,https://disclosures-clerk.house.gov/public_disc/ptr-pdfs/2014/20001669.pdf,ok,True,lisible,2
20001791,https://disclosures-clerk.house.gov/public_disc/ptr-pdfs/2014/20001791.pdf,ok,True,lisible,2
20002039,https://disclosures-clerk.house.gov/public_disc/ptr-pdfs/2014/20002039.pdf,ok,True,lisible,2
9105673,https://disclosures-clerk.house.gov/public_disc/ptr-pdfs/2014/9105673.pdf,ok,False,non_lisible,9
20002262,https://disclosures-clerk.house.gov/public_disc/ptr-pdfs/2014/20002262.pdf,ok,True,lisible,2
9107720,https://disclosures-clerk.house.gov/public_disc/ptr-pdfs/2014/9107720.pdf,ok,False,non_lisible,9
20001597,https://disclosures-clerk.house.gov/public_disc/ptr-pdfs/2014/20001597.pdf,ok,True,lisible,2
9105412,https://disclosures-clerk.house.gov/public_disc/ptr-pdfs/2014/9105412.pdf,ok,False,non_lisible,9
20002235,https://disclosures-clerk.house.gov/public_disc/ptr-pdfs/2014/20002235.pdf,ok,True,lisible,2
9105413,https://disclosures-clerk.house.gov/public_disc/ptr-pdfs/2014/9105413.pdf,ok,False,non_lisible,9
20001915,https://disclosures-clerk.house.gov/public_disc/ptr-pdfs/2014/20001915.pdf,ok,True,lisible,2
8214818,https://disclosures-clerk.house.gov/public_disc/ptr-pdfs/2014/8214818.pdf,ok,False,non_lisible,8
8215809,https://disclosures-clerk.house.gov/public_disc/ptr-pdfs/2014/8215809.pdf,ok,False,non_lisible,8
