Date,close
2013-09-30,8.573314666748047
2013-10-01,8.861377716064453
2013-10-02,8.847660064697266
2013-10-03,8.648757934570312
2013-10-04,8.669334411621094
2013-10-07,8.394990921020508
2013-10-08,8.518445014953613
2013-10-09,8.662476539611816
2013-10-10,8.655619621276855
2013-10-11,8.731063842773438
2013-10-14,8.75849723815918
2013-10-15,8.449858665466309
2013-10-16,8.42242431640625
2013-10-17,8.42242431640625
2013-10-18,8.353837013244629
2013-10-21,8.42242431640625
2013-10-22,8.676193237304688
2013-10-23,8.525303840637207
2013-10-24,8.655619621276855
2013-10-25,8.45671558380127
2013-10-28,8.518445014953613
2013-10-29,8.374412536621094
2013-10-30,8.333263397216797
2013-10-31,8.045199394226074
2013-11-01,7.70226526260376
2013-11-04,7.8120036125183105
2013-11-05,7.633677005767822
2013-11-06,7.667971611022949
2013-11-07,7.70226526260376
2013-11-08,7.674830913543701
2013-11-11,7.674830913543701
2013-11-12,7.69540548324585
2013-11-13,7.770851135253906
2013-11-14,7.791427135467529
2013-11-15,7.757133483886719
2013-11-18,7.757133483886719
2013-11-19,7.69540548324585
2013-11-20,7.757133483886719
2013-11-21,7.73655891418457
2013-11-22,7.763993263244629
2013-11-25,7.777710437774658
2013-11-26,7.743416786193848
2013-11-27,7.763993263244629
2013-11-29,7.770851135253906
2013-12-02,7.6062445640563965
2013-12-03,7.366191864013672
2013-12-04,7.379907608032227
2013-12-05,7.174149036407471
2013-12-06,7.215301990509033
2013-12-09,7.222159385681152
2013-12-10,7.277029037475586
2013-12-11,7.1947245597839355
2013-12-12,7.016400337219238
2013-12-13,7.084987163543701
2013-12-16,7.379907608032227
2013-12-17,7.153573513031006
2013-12-18,7.174149036407471
2013-12-19,7.2564544677734375
2013-12-20,7.475931167602539
2013-12-23,7.558233737945557
2013-12-24,7.558233737945557
2013-12-26,7.599384784698486
2013-12-27,7.757133483886719
2013-12-30,7.777710437774658
2013-12-31,7.784570217132568
2014-01-02,7.633677005767822
2014-01-03,7.640536785125732
2014-01-06,7.558233737945557
2014-01-07,7.53765869140625
2014-01-08,7.510221481323242
2014-01-09,7.709123134613037
2014-01-10,7.818862438201904
2014-01-13,7.8120036125183105
2014-01-14,7.928601264953613
2014-01-15,8.052056312561035
2014-01-16,8.072633743286133
2014-01-17,8.08635139465332
2014-01-21,8.161794662475586
2014-01-22,7.983469486236572
2014-01-23,7.914884567260742
2014-01-24,7.640536785125732
2014-01-27,7.763993263244629
2014-01-28,7.853154182434082
2014-01-29,7.66111421585083
2014-01-30,7.311322212219238
2014-01-31,7.229018688201904
2014-02-03,6.9889655113220215
2014-02-04,7.043834209442139
2014-02-05,7.105562210083008
2014-02-06,7.1947245597839355
2014-02-07,7.2564544677734375
2014-02-10,7.146714687347412
2014-02-11,7.235876083374023
2014-02-12,7.469071865081787
2014-02-13,7.393625259399414
2014-02-14,7.66111421585083
2014-02-18,7.5788092613220215
2014-02-19,7.647396087646484
2014-02-20,7.613102912902832
2014-02-21,7.626821994781494
2014-02-24,7.674830913543701
2014-02-25,7.5788092613220215
2014-02-26,7.469071865081787
2014-02-27,7.455353736877441
2014-02-28,7.489646911621094
2014-03-03,7.2495951652526855
2014-03-04,7.373051166534424
2014-03-05,7.462211608886719
2014-03-06,7.66111421585083
2014-03-07,7.750277519226074
2014-03-10,7.633677005767822
2014-03-11,7.53765869140625
2014-03-12,7.489646911621094
2014-03-13,7.304464340209961
2014-03-14,7.318180561065674
2014-03-17,7.626821994781494
2014-03-18,7.715983867645264
2014-03-19,7.489646911621094
2014-03-20,7.551373481750488
2014-03-21,7.393625259399414
2014-03-24,7.359333038330078
2014-03-25,7.448494911193848
2014-03-26,7.599384784698486
2014-03-27,7.571950912475586
2014-03-28,7.72969913482666
2014-03-31,7.887447834014893
2014-04-01,7.914884567260742
2014-04-02,7.805144786834717
2014-04-03,7.8120036125183105
2014-04-04,7.763993263244629
2014-04-07,7.722840785980225
2014-04-08,7.681689739227295
2014-04-09,7.866872787475586
2014-04-10,7.674830913543701
2014-04-11,7.517082691192627
2014-04-14,7.626821994781494
2014-04-15,7.496506214141846
2014-04-16,7.722840785980225
2014-04-17,7.613102912902832
2014-04-21,7.69540548324585
2014-04-22,7.924638271331787
2014-04-23,7.917606353759766
2014-04-24,8.037142753601074
2014-04-25,8.276219367980957
2014-04-28,8.093399047851562
2014-04-29,8.163714408874512
2014-04-30,8.149648666381836
2014-05-01,8.177777290344238
2014-05-02,8.170744895935059
2014-05-05,8.037142753601074
2014-05-06,8.06527042388916
2014-05-07,8.156682014465332
2014-05-08,7.98089075088501
2014-05-09,7.678530693054199
2014-05-12,7.558993339538574
2014-05-13,7.523836135864258
2014-05-14,7.509772300720215
2014-05-15,7.453518390655518
2014-05-16,7.558993339538574
2014-05-19,7.544930458068848
2014-05-20,7.509772300720215
2014-05-21,7.60821533203125
2014-05-22,7.453518390655518
2014-05-23,7.495707988739014
2014-05-27,7.678530693054199
2014-05-28,7.636340618133545
2014-05-29,7.692595481872559
2014-05-30,7.678530693054199
2014-06-02,7.692595481872559
2014-06-03,7.573057651519775
2014-06-04,7.530867099761963
2014-06-05,7.664468765258789
2014-06-06,7.643374443054199
2014-06-09,7.650405406951904
2014-06-10,7.5660247802734375
2014-06-11,7.425393104553223
2014-06-12,7.4324235916137695
2014-06-13,7.3269500732421875
2014-06-16,7.3269500732421875
2014-06-17,7.397266387939453
2014-06-18,7.544930458068848
2014-06-19,7.446487903594971
2014-06-20,7.4324235916137695
2014-06-23,7.3269500732421875
2014-06-24,7.214444160461426
2014-06-25,7.165222644805908
2014-06-26,7.235538005828857
2014-06-27,7.1863179206848145
2014-06-30,7.1863179206848145
2014-07-01,7.130063056945801
2014-07-02,7.200379848480225
2014-07-03,7.1581902503967285
2014-07-07,7.1581902503967285
2014-07-08,6.81364107131958
2014-07-09,6.757389545440674
2014-07-10,6.588629245758057
2014-07-11,6.609724998474121
2014-07-14,6.57456636428833
2014-07-15,6.567536354064941
2014-07-16,6.81364107131958
2014-07-17,6.750356674194336
2014-07-18,6.694103717803955
2014-07-21,6.5253448486328125
2014-07-22,6.609724998474121
2014-07-23,6.504250526428223
2014-07-24,6.469091892242432
2014-07-25,6.483156204223633
2014-07-28,6.3706488609313965
2014-07-29,6.342523097991943
2014-07-30,6.3706488609313965
2014-07-31,6.476124286651611
2014-08-01,6.2862701416015625
2014-08-04,6.2862701416015625
2014-08-05,6.194859504699707
2014-08-06,6.082352638244629
2014-08-07,5.885467529296875
2014-08-08,6.005005359649658
2014-08-11,5.983909606933594
2014-08-12,6.068289756774902
2014-08-13,5.920625686645508
2014-08-14,5.990942478179932
2014-08-15,6.0120368003845215
2014-08-18,6.159701347351074
2014-08-19,6.173763751983643
2014-08-20,6.145637035369873
2014-08-21,6.237048149108887
2014-08-22,6.215953350067139
2014-08-25,6.230016708374023
2014-08-26,6.258143424987793
2014-08-27,6.201890468597412
2014-08-28,6.201890468597412
2014-08-29,6.145637035369873
2014-09-02,6.082352638244629
2014-09-03,6.11751127243042
2014-09-04,6.075321197509766
2014-09-05,5.990942478179932
2014-09-08,5.948752403259277
2014-09-09,5.787025451660156
2014-09-10,5.843277454376221
2014-09-11,5.75889778137207
2014-09-12,5.63936185836792
2014-09-15,5.56904411315918
2014-09-16,5.533885478973389
2014-09-17,5.709677696228027
2014-09-18,5.590138912200928
2014-09-19,5.604203224182129
2014-09-22,5.505760192871094
2014-09-23,5.386222839355469
2014-09-24,5.5198235511779785
2014-09-25,5.351065158843994
2014-09-26,5.583108901977539
2014-09-29,5.491696834564209
2014-09-30,5.576076507568359
2014-10-01,5.463571071624756
2014-10-02,5.477633953094482
2014-10-03,5.477633953094482
2014-10-06,5.716708660125732
2014-10-07,5.456538200378418
2014-10-08,5.5198235511779785
2014-10-09,5.351065158843994
2014-10-10,5.245589733123779
2014-10-13,5.294810771942139
2014-10-14,5.583108901977539
2014-10-15,5.547950744628906
2014-10-16,5.702645301818848
2014-10-17,5.5198235511779785
2014-10-20,5.498727321624756
2014-10-21,5.6182661056518555
2014-10-22,5.456538200378418
2014-10-23,5.533885478973389
2014-10-24,5.590138912200928
2014-10-27,5.526854991912842
2014-10-28,5.674520015716553
2014-10-29,5.709677696228027
2014-10-30,5.63232946395874
2014-10-31,5.730771064758301
2014-11-03,5.604203224182129
2014-11-04,5.470601558685303
2014-11-05,5.583108901977539
2014-11-06,5.597170829772949
2014-11-07,5.709677696228027
2014-11-10,5.709677696228027
2014-11-11,5.709677696228027
2014-11-12,5.554981708526611
2014-11-13,5.540918350219727
2014-11-14,5.63232946395874
2014-11-17,5.611233711242676
2014-11-18,5.660455226898193
2014-11-19,5.74483585357666
2014-11-20,5.723740577697754
2014-11-21,5.871405124664307
2014-11-24,5.878435134887695
2014-11-25,5.871405124664307
2014-11-26,5.604203224182129
2014-11-28,5.477633953094482
2014-12-01,5.540918350219727
2014-12-02,5.660455226898193
2014-12-03,5.709677696228027
2014-12-04,5.512792587280273
2014-12-05,5.554981708526611
2014-12-08,5.56904411315918
2014-12-09,5.590138912200928
2014-12-10,5.456538200378418
2014-12-11,5.449507713317871
2014-12-12,5.393254280090332
2014-12-15,5.414349555969238
2014-12-16,5.63936185836792
2014-12-17,5.730771064758301
2014-12-18,5.7378034591674805
2014-12-19,5.6815505027771
2014-12-22,5.751866817474365
2014-12-23,5.822182655334473
2014-12-24,5.801088809967041
2014-12-26,5.843277454376221
2014-12-29,5.787025451660156
2014-12-30,5.75889778137207
2014-12-31,5.667487621307373
2015-01-02,5.554981708526611
2015-01-05,5.217462539672852
2015-01-06,5.329969882965088
2015-01-07,5.329969882965088
2015-01-08,5.3651275634765625
2015-01-09,5.259653568267822
2015-01-12,5.351065158843994
2015-01-13,5.336999893188477
2015-01-14,5.329969882965088
2015-01-15,5.280747890472412
2015-01-16,5.344032287597656
2015-01-20,5.308873653411865
2015-01-21,5.449507713317871
2015-01-22,5.477633953094482
2015-01-23,5.308873653411865
2015-01-26,5.3651275634765625
2015-01-27,5.259653568267822
2015-01-28,5.175273418426514
2015-01-29,5.407317161560059
2015-01-30,5.379189968109131
2015-02-02,5.336999893188477
2015-02-03,5.477633953094482
2015-02-04,5.400285720825195
2015-02-05,5.491696834564209
2015-02-06,5.414349555969238
2015-02-09,5.414349555969238
2015-02-10,5.498727321624756
2015-02-11,5.463571071624756
2015-02-12,5.702645301818848
2015-02-13,5.716708660125732
2015-02-17,5.836246490478516
2015-02-18,6.0120368003845215
2015-02-19,6.096415996551514
2015-02-20,6.145637035369873
2015-02-23,6.019068241119385
2015-02-24,5.976878643035889
2015-02-25,5.9135942459106445
2015-02-26,5.843277454376221
2015-02-27,5.843277454376221
2015-03-02,5.779993057250977
2015-03-03,5.801088809967041
2015-03-04,5.716708660125732
2015-03-05,5.63936185836792
2015-03-06,5.597170829772949
2015-03-09,5.590138912200928
2015-03-10,5.322938442230225
2015-03-11,5.329969882965088
2015-03-12,5.421380996704102
2015-03-13,5.372158527374268
2015-03-16,5.435444355010986
2015-03-17,5.456538200378418
2015-03-18,5.611233711242676
2015-03-19,5.576076507568359
2015-03-20,5.730771064758301
2015-03-23,5.765930652618408
2015-03-24,5.864372730255127
2015-03-25,5.808119773864746
2015-03-26,5.702645301818848
2015-03-27,5.730771064758301
2015-03-30,5.772961616516113
2015-03-31,5.7378034591674805
2015-04-01,5.843277454376221
2015-04-02,5.885467529296875
2015-04-06,5.948752403259277
2015-04-07,5.9065632820129395
2015-04-08,5.864372730255127
2015-04-09,5.8292155265808105
2015-04-10,5.815150737762451
2015-04-13,5.702645301818848
2015-04-14,5.794056415557861
2015-04-15,6.237048149108887
2015-04-16,6.166731834411621
2015-04-17,6.124543190002441
2015-04-20,6.150501728057861
2015-04-21,6.323550224304199
2015-04-22,6.3668131828308105
2015-04-23,6.402866363525391
2015-04-24,6.424497127532959
2015-04-27,6.424497127532959
2015-04-28,6.337972164154053
2015-04-29,6.359602928161621
2015-04-30,6.287499904632568
2015-05-01,6.330760955810547
2015-05-04,6.244236469268799
2015-05-05,6.078396320343018
2015-05-06,6.19376277923584
2015-05-07,6.157710552215576
2015-05-08,6.258657455444336
2015-05-11,6.251446723937988
2015-05-12,6.172131538391113
2015-05-13,6.30912971496582
2015-05-14,6.43170690536499
2015-05-15,6.410076141357422
2015-05-18,6.359602928161621
2015-05-19,6.410076141357422
2015-05-20,6.395655155181885
2015-05-21,6.5398640632629395
2015-05-22,6.503811836242676
2015-05-26,6.424497127532959
2015-05-27,6.5398640632629395
2015-05-28,6.446127891540527
2015-05-29,6.395655155181885
2015-06-01,6.482181072235107
2015-06-02,6.568706512451172
2015-06-03,6.590336799621582
2015-06-04,6.547074317932129
2015-06-05,6.417285442352295
2015-06-08,6.3451828956604
2015-06-09,6.330760955810547
2015-06-10,6.511022090911865
2015-06-11,6.496601581573486
2015-06-12,6.359602928161621
2015-06-15,6.237024784088135
2015-06-16,6.215394020080566
2015-06-17,6.157710552215576
2015-06-18,6.258657455444336
2015-06-19,6.554285049438477
2015-06-22,6.835492134094238
2015-06-23,6.734546661376953
2015-06-24,6.676861763000488
2015-06-25,6.734546661376953
2015-06-26,6.734546661376953
2015-06-29,6.604757785797119
2015-06-30,6.691282749176025
2015-07-01,6.7922282218933105
2015-07-02,6.748965740203857
2015-07-06,6.5398640632629395
2015-07-07,6.460549354553223
2015-07-08,6.410076141357422
2015-07-09,6.489390850067139
2015-07-10,6.922016143798828
2015-07-13,6.849913120269775
2015-07-14,6.821070671081543
2015-07-15,6.878754138946533
2015-07-16,6.950859069824219
2015-07-17,6.828282356262207
2015-07-20,6.835492134094238
2015-07-21,6.849913120269775
2015-07-22,6.806650638580322
2015-07-23,6.741756439208984
2015-07-24,6.590336799621582
2015-07-27,6.453338623046875
2015-07-28,6.590336799621582
2015-07-29,6.287499904632568
2015-07-30,6.467759609222412
2015-07-31,6.467759609222412
2015-08-03,6.474969863891602
2015-08-04,6.438917636871338
2015-08-05,6.554285049438477
2015-08-06,6.640810489654541
2015-08-07,6.6263885498046875
2015-08-10,6.763387680053711
2015-08-11,6.662440299987793
2015-08-12,6.518232822418213
2015-08-13,6.460549354553223
2015-08-14,6.402866363525391
2015-08-17,6.35239315032959
2015-08-18,6.150501728057861
2015-08-19,6.035132884979248
2015-08-20,5.88371467590332
2015-08-21,5.58808708190918
2015-08-24,5.58808708190918
2015-08-25,5.710662841796875
2015-08-26,5.797189712524414
2015-08-27,5.789978981018066
2015-08-28,5.797189712524414
2015-08-31,5.70345401763916
2015-09-01,5.4799299240112305
2015-09-02,5.4799299240112305
2015-09-03,5.54482364654541
2015-09-04,5.314089775085449
2015-09-08,5.465509414672852
2015-09-09,5.371774196624756
2015-09-10,5.350141525268555
2015-09-11,5.36456298828125
2015-09-14,5.2780375480651855
2015-09-15,5.335721492767334
2015-09-16,5.494351387023926
2015-09-17,5.465509414672852
2015-09-18,5.234775066375732
2015-09-21,5.162670612335205
2015-09-22,4.996831893920898
2015-09-23,4.931937217712402
2015-09-24,4.737255573272705
2015-09-25,4.802149295806885
2015-09-28,4.650729179382324
2015-09-29,4.600255966186523
2015-09-30,4.701202869415283
2015-10-01,4.679572105407715
2015-10-02,4.830991268157959
2015-10-05,5.090566158294678
2015-10-06,5.141039848327637
2015-10-07,5.1915130615234375
2015-10-08,5.220354080200195
2015-10-09,5.314089775085449
2015-10-12,5.263617038726807
2015-10-13,5.141039848327637
2015-10-14,5.198723316192627
2015-10-15,5.06172513961792
2015-10-16,4.859831809997559
2015-10-19,4.758886337280273
2015-10-20,4.780518054962158
2015-10-21,4.823780536651611
2015-10-22,4.917516231536865
2015-10-23,5.0040411949157715
2015-10-26,4.9247260093688965
2015-10-27,4.809358596801758
2015-10-28,4.93914794921875
2015-10-29,4.881464004516602
2015-10-30,4.895885944366455
2015-11-02,4.996831893920898
2015-11-03,5.01846170425415
2015-11-04,5.054513454437256
2015-11-05,5.011251926422119
2015-11-06,5.040093421936035
2015-11-09,4.953567981719971
2015-11-10,4.989620208740234
2015-11-11,5.011251926422119
2015-11-12,4.867043495178223
2015-11-13,4.874253749847412
2015-11-16,4.621888637542725
2015-11-17,4.621888637542725
2015-11-18,4.852622032165527
2015-11-19,4.874253749847412
2015-11-20,4.830991268157959
2015-11-23,4.910305500030518
2015-11-24,4.794939041137695
2015-11-25,5.0040411949157715
2015-11-27,5.205934047698975
2015-11-30,5.270826816558838
2015-12-01,5.220354080200195
2015-12-02,5.162670612335205
2015-12-03,5.162670612335205
2015-12-04,5.285248279571533
2015-12-07,5.213143825531006
2015-12-08,5.162670612335205
2015-12-09,5.083355903625488
2015-12-10,5.104987621307373
2015-12-11,5.090566158294678
2015-12-14,5.162670612335205
2015-12-15,5.054513454437256
2015-12-16,5.104987621307373
2015-12-17,4.989620208740234
2015-12-18,4.859831809997559
2015-12-21,4.888673782348633
2015-12-22,4.967989921569824
2015-12-23,5.162670612335205
2015-12-24,5.162670612335205
2015-12-28,5.097776889801025
2015-12-29,5.054513454437256
2015-12-30,5.0040411949157715
2015-12-31,4.931937217712402
2016-01-04,4.758886337280273
2016-01-05,4.730044841766357
2016-01-06,4.636309623718262
2016-01-07,4.542573928833008
2016-01-08,4.47767972946167
2016-01-11,4.535363674163818
2016-01-12,4.542573928833008
2016-01-13,4.456047534942627
2016-01-14,4.535363674163818
2016-01-15,4.29741907119751
2016-01-19,4.282998561859131
2016-01-20,4.239735126495361
2016-01-21,4.355102062225342
2016-01-22,4.362311840057373
2016-01-25,4.153209209442139
2016-01-26,4.412786483764648
2016-01-27,4.405575275421143
2016-01-28,4.41999626159668
2016-01-29,4.513731479644775
2016-02-01,4.6939921379089355
2016-02-02,4.434416770935059
2016-02-03,4.456047534942627
2016-02-04,4.520942687988281
2016-02-05,4.730044841766357
2016-02-08,4.506522178649902
2016-02-09,4.304628372192383
2016-02-10,4.5281524658203125
2016-02-11,4.268576622009277
2016-02-12,4.549784183502197
2016-02-16,4.629098415374756
2016-02-17,4.809358596801758
2016-02-18,4.650729179382324
2016-02-19,4.542573928833008
2016-02-22,4.71562385559082
2016-02-23,4.600255966186523
2016-02-24,4.513731479644775
2016-02-25,4.657940864562988
2016-02-26,4.6939921379089355
2016-02-29,4.780518054962158
2016-03-01,4.823780536651611
2016-03-02,4.744465351104736
2016-03-03,4.888673782348633
2016-03-04,5.011251926422119
2016-03-07,5.06172513961792
2016-03-08,4.888673782348633
2016-03-09,4.895885944366455
2016-03-10,4.838201522827148
2016-03-11,5.025672912597656
2016-03-14,5.090566158294678
2016-03-15,4.9751996994018555
2016-03-16,4.967989921569824
2016-03-17,4.996831893920898
2016-03-18,4.996831893920898
2016-03-21,5.01846170425415
2016-03-22,5.01846170425415
2016-03-23,4.910305500030518
2016-03-24,4.888673782348633
2016-03-28,4.895885944366455
2016-03-29,4.931937217712402
2016-03-30,5.0040411949157715
2016-03-31,4.874253749847412
2016-04-01,4.758886337280273
2016-04-04,4.665150165557861
2016-04-05,4.564205169677734
2016-04-06,4.520942687988281
2016-04-07,4.376733779907227
2016-04-08,4.513731479644775
2016-04-11,4.6074676513671875
2016-04-12,4.585836410522461
2016-04-13,4.737255573272705
2016-04-14,4.6939921379089355
2016-04-15,4.6939921379089355
2016-04-18,4.910305500030518
2016-04-19,5.256406784057617
2016-04-20,5.371774196624756
2016-04-21,5.371774196624756
2016-04-22,5.342932224273682
2016-04-25,5.2811455726623535
2016-04-26,5.413542747497559
2016-04-27,5.494451522827148
2016-04-28,5.47974157333374
2016-04-29,5.693045616149902
2016-05-02,5.670980930328369
2016-05-03,5.376766204833984
2016-05-04,5.33998966217041
2016-05-05,5.273791313171387
2016-05-06,5.2149481773376465
2016-05-09,5.060485363006592
2016-05-10,5.273791313171387
2016-05-11,5.251724720001221
2016-05-12,5.222303867340088
2016-05-13,5.163461208343506
2016-05-16,5.134040355682373
2016-05-17,5.001643180847168
2016-05-18,4.986932754516602
2016-05-19,4.950155258178711
2016-05-20,4.9060235023498535
2016-05-23,4.942800045013428
2016-05-24,5.082551956176758
2016-05-25,5.148750305175781
2016-05-26,5.251724720001221
2016-05-27,5.163461208343506
2016-05-31,5.20023775100708
2016-06-01,5.192882537841797
2016-06-02,5.229659557342529
2016-06-03,5.47974157333374
2016-06-06,5.78131103515625
2016-06-07,5.715113162994385
2016-06-08,5.803377151489258
2016-06-09,5.678336143493652
2016-06-10,5.398832321166992
2016-06-13,5.33998966217041
2016-06-14,5.2075934410095215
2016-06-15,5.2958574295043945
2016-06-16,5.20023775100708
2016-06-17,5.47974157333374
2016-06-20,5.501807689666748
2016-06-21,5.487096786499023
2016-06-22,5.435609340667725
2016-06-23,5.685691833496094
2016-06-24,5.148750305175781
2016-06-27,5.001643180847168
2016-06-28,5.185526371002197
2016-06-29,5.2149481773376465
2016-06-30,5.259079933166504
2016-07-01,5.317923545837402
2016-07-05,4.972222328186035
2016-07-06,4.891312122344971
2016-07-07,4.678006649017334
2016-07-08,4.758915901184082
2016-07-11,4.83982515335083
2016-07-12,4.986932754516602
2016-07-13,4.994288444519043
2016-07-14,5.075196743011475
2016-07-15,5.089907169342041
2016-07-18,5.053130149841309
2016-07-19,4.964866638183594
2016-07-20,5.023708820343018
2016-07-21,5.067841529846191
2016-07-22,4.942800045013428
2016-07-25,4.795693397521973
2016-07-26,5.14139461517334
2016-07-27,5.2664361000061035
2016-07-28,5.288502216339111
2016-07-29,5.244370460510254
2016-08-01,5.156105041503906
2016-08-02,5.008998394012451
2016-08-03,5.111973762512207
2016-08-04,5.134040355682373
2016-08-05,5.20023775100708
2016-08-08,5.244370460510254
2016-08-09,5.413542747497559
2016-08-10,5.531229496002197
2016-08-11,5.457674980163574
2016-08-12,5.450319766998291
2016-08-15,5.487096786499023
2016-08-16,5.538584232330322
2016-08-17,5.494451522827148
2016-08-18,5.5974273681640625
2016-08-19,5.619492530822754
2016-08-22,5.523873329162598
2016-08-23,5.582716464996338
2016-08-24,5.553294658660889
2016-08-25,5.47974157333374
2016-08-26,5.457674980163574
2016-08-29,5.406188011169434
2016-08-30,5.398832321166992
2016-08-31,5.384121894836426
2016-09-01,5.398832321166992
2016-09-02,5.47974157333374
2016-09-06,5.428255081176758
2016-09-07,5.384121894836426
2016-09-08,5.450319766998291
2016-09-09,5.332634449005127
2016-09-12,5.347345352172852
2016-09-13,5.2075934410095215
2016-09-14,5.259079933166504
2016-09-15,5.332634449005127
2016-09-16,5.2370147705078125
2016-09-19,5.2370147705078125
2016-09-20,5.2075934410095215
2016-09-21,5.303213596343994
2016-09-22,5.420897483825684
2016-09-23,5.362056255340576
2016-09-26,5.222303867340088
2016-09-27,5.1781721115112305
2016-09-28,5.2370147705078125
2016-09-29,5.192882537841797
2016-09-30,5.310568332672119
2016-10-03,5.303213596343994
2016-10-04,5.259079933166504
2016-10-05,5.406188011169434
2016-10-06,5.398832321166992
2016-10-07,5.398832321166992
2016-10-10,5.457674980163574
2016-10-11,5.435609340667725
2016-10-12,5.545940399169922
2016-10-13,5.435609340667725
2016-10-14,5.501807689666748
2016-10-17,5.509162902832031
2016-10-18,5.641559600830078
2016-10-19,5.648914337158203
2016-10-20,5.612137317657471
2016-10-21,5.626847743988037
2016-10-24,5.5680060386657715
2016-10-25,5.582716464996338
2016-10-26,5.590071678161621
2016-10-27,5.538584232330322
2016-10-28,5.663625717163086
2016-10-31,5.72246789932251
2016-11-01,5.442964553833008
2016-11-02,5.369411468505859
2016-11-03,5.303213596343994
2016-11-04,5.273791313171387
2016-11-07,5.442964553833008
2016-11-08,5.472386360168457
2016-11-09,5.72246789932251
2016-11-10,5.9431281089782715
2016-11-11,5.84015417098999
2016-11-14,5.803377151489258
2016-11-15,5.884284973144531
2016-11-16,5.913707733154297
2016-11-17,5.8769307136535645
2016-11-18,5.78131103515625
2016-11-21,5.869575500488281
2016-11-22,6.053459644317627
2016-11-23,6.347673416137695
2016-11-25,6.296185493469238
2016-11-28,6.193210601806641
2016-11-29,6.259408950805664
2016-11-30,6.274120807647705
2016-12-01,6.274120807647705
2016-12-02,6.3182525634765625
2016-12-05,6.568334579467773
2016-12-06,6.66395378112793
2016-12-07,6.730151653289795
2016-12-08,6.590400218963623
2016-12-09,6.435938358306885
2016-12-12,6.391805171966553
2016-12-13,6.435938358306885
2016-12-14,6.244698524475098
2016-12-15,6.332962989807129
2016-12-16,6.332962989807129
2016-12-19,6.332962989807129
2016-12-20,6.347673416137695
2016-12-21,6.391805171966553
2016-12-22,6.450647830963135
2016-12-23,6.347673416137695
2016-12-27,6.347673416137695
2016-12-28,6.3182525634765625
2016-12-29,6.3550286293029785
2016-12-30,6.391805171966553
2017-01-03,6.391805171966553
2017-01-04,6.3770952224731445
2017-01-05,6.575689792633057
2017-01-06,6.575689792633057
2017-01-09,6.406516075134277
2017-01-10,6.560977935791016
2017-01-11,6.575689792633057
2017-01-12,6.538913249969482
2017-01-13,6.671308994293213
2017-01-17,6.58304500579834
2017-01-18,6.6271772384643555
2017-01-19,6.6492438316345215
2017-01-20,6.803706169128418
2017-01-23,6.847838401794434
2017-01-24,6.958167552947998
2017-01-25,6.884613990783691
2017-01-26,6.78164005279541
2017-01-27,6.840482234954834
2017-01-30,6.6860198974609375
2017-01-31,6.590400218963623
2017-02-01,6.553623676300049
2017-02-02,6.774284362792969
2017-02-03,6.818416595458984
2017-02-06,6.994945049285889
2017-02-07,7.0758538246154785
2017-02-08,7.0684990882873535
2017-02-09,7.0464324951171875
2017-02-10,7.031722068786621
2017-02-13,7.031722068786621
2017-02-14,7.017010688781738
2017-02-15,6.958167552947998
2017-02-16,6.914036273956299
2017-02-17,6.936102867126465
2017-02-21,6.972879409790039
2017-02-22,6.928746223449707
2017-02-23,6.803706169128418
2017-02-24,6.744863033294678
2017-02-27,6.862547874450684
2017-02-28,6.796349048614502
2017-03-01,6.9875898361206055
2017-03-02,6.914036273956299
2017-03-03,7.00230073928833
2017-03-06,6.958167552947998
2017-03-07,6.914036273956299
2017-03-08,6.965524196624756
2017-03-09,7.08320951461792
2017-03-10,7.090564250946045
2017-03-13,7.105277061462402
2017-03-14,6.965524196624756
2017-03-15,7.193539142608643
2017-03-16,7.259738445281982
2017-03-17,7.164117813110352
2017-03-20,7.149406909942627
2017-03-21,6.958167552947998
2017-03-22,6.980233669281006
2017-03-23,7.105277061462402
2017-03-24,7.1273417472839355
2017-03-27,6.994945049285889
2017-03-28,7.097918510437012
2017-03-29,7.105277061462402
2017-03-30,7.097918510437012
2017-03-31,7.090564250946045
2017-04-03,6.9875898361206055
2017-04-04,6.965524196624756
2017-04-05,7.08320951461792
2017-04-06,7.215604782104492
2017-04-07,7.318580627441406
2017-04-10,7.252382755279541
2017-04-11,7.252382755279541
2017-04-12,7.267093658447266
2017-04-13,7.222960948944092
2017-04-17,7.29651403427124
2017-04-18,7.200896263122559
2017-04-19,7.259738445281982
2017-04-20,7.3994903564453125
2017-04-21,7.355357646942139
2017-04-24,7.74835729598999
2017-04-25,7.934437274932861
2017-04-26,8.038642883300781
2017-04-27,8.008869171142578
2017-04-28,8.26193618774414
2017-05-01,8.31403923034668
2017-05-02,8.23216438293457
2017-05-03,8.150290489196777
2017-05-04,8.187504768371582
2017-05-05,8.20983600616455
2017-05-08,8.075859069824219
2017-05-09,8.046085357666016
2017-05-10,8.008869171142578
2017-05-11,7.986538887023926
2017-05-12,7.979095935821533
2017-05-15,8.038642883300781
2017-05-16,8.187504768371582
2017-05-17,7.845119476318359
2017-05-18,7.889777660369873
2017-05-19,8.321484565734863
2017-05-22,8.254494667053223
2017-05-23,8.351256370544434
2017-05-24,8.373584747314453
2017-05-25,8.418243408203125
2017-05-26,8.507562637329102
2017-05-30,8.321484565734863
2017-05-31,8.321484565734863
2017-06-01,8.388470649719238
2017-06-02,8.351256370544434
2017-06-05,8.26938247680664
2017-06-06,8.254494667053223
2017-06-07,8.224722862243652
2017-06-08,8.336370468139648
2017-06-09,8.492677688598633
2017-06-12,8.373584747314453
2017-06-13,8.38102912902832
2017-06-14,8.31403923034668
2017-06-15,8.567108154296875
2017-06-16,8.656425476074219
2017-06-19,8.619211196899414
2017-06-20,8.596879959106445
2017-06-21,8.589437484741211
2017-06-22,8.515006065368652
2017-06-23,8.470348358154297
2017-06-26,8.559663772583008
2017-06-27,8.462904930114746
2017-06-28,8.64154052734375
2017-06-29,8.373584747314453
2017-06-30,8.470348358154297
2017-07-03,8.611767768859863
2017-07-05,8.634098052978516
2017-07-06,8.67131233215332
2017-07-07,8.648983001708984
2017-07-10,8.78296184539795
2017-07-11,8.931824684143066
2017-07-12,8.916938781738281
2017-07-13,8.76063060760498
2017-07-14,8.902050018310547
2017-07-17,8.864836692810059
2017-07-18,8.924381256103516
2017-07-19,8.9392671585083
2017-07-20,8.827618598937988
2017-07-21,8.67131233215332
2017-07-24,8.70108413696289
2017-07-25,8.626653671264648
2017-07-26,8.589437484741211
2017-07-27,8.537335395812988
2017-07-28,8.522448539733887
2017-07-31,8.574551582336426
2017-08-01,8.589437484741211
2017-08-02,8.581995010375977
2017-08-03,8.634098052978516
2017-08-04,8.64154052734375
2017-08-07,8.730856895446777
2017-08-08,8.715972900390625
2017-08-09,8.753189086914062
2017-08-10,8.574551582336426
2017-08-11,8.448017120361328
2017-08-14,8.567108154296875
2017-08-15,8.500118255615234
2017-08-16,8.507562637329102
2017-08-17,8.395915031433105
2017-08-18,8.351256370544434
2017-08-21,8.31403923034668
2017-08-22,8.395915031433105
2017-08-23,8.328925132751465
2017-08-24,8.157732009887695
2017-08-25,8.247051239013672
2017-08-28,8.180062294006348
2017-08-29,8.187504768371582
2017-08-30,8.299153327941895
2017-08-31,8.455460548400879
2017-09-01,8.425687789916992
2017-09-05,8.351256370544434
2017-09-06,8.38102912902832
2017-09-07,8.38102912902832
2017-09-08,8.470348358154297
2017-09-11,8.581995010375977
2017-09-12,8.574551582336426
2017-09-13,8.559663772583008
2017-09-14,8.611767768859863
2017-09-15,8.678755760192871
2017-09-18,8.768074989318848
2017-09-19,8.894609451293945
2017-09-20,8.916938781738281
2017-09-21,8.916938781738281
2017-09-22,8.916938781738281
2017-09-25,8.835064888000488
2017-09-26,8.894609451293945
2017-09-27,8.887165069580078
2017-09-28,8.902050018310547
2017-09-29,8.9392671585083
2017-10-02,9.073244094848633
2017-10-03,9.117903709411621
2017-10-04,9.073244094848633
2017-10-05,8.9392671585083
2017-10-06,8.864836692810059
2017-10-09,8.864836692810059
2017-10-10,8.894609451293945
2017-10-11,8.924381256103516
2017-10-12,8.857391357421875
2017-10-13,8.835064888000488
2017-10-16,8.90949535369873
2017-10-17,8.887165069580078
2017-10-18,8.916938781738281
2017-10-19,8.90949535369873
2017-10-20,8.946711540222168
2017-10-23,8.916938781738281
2017-10-24,9.214665412902832
2017-10-25,9.065802574157715
2017-10-26,9.036029815673828
2017-10-27,8.99137020111084
2017-10-30,9.006256103515625
2017-10-31,9.452847480773926
2017-11-01,9.72824478149414
2017-11-02,9.69847297668457
2017-11-03,9.69102954864502
2017-11-06,9.720803260803223
2017-11-07,9.60915470123291
2017-11-08,9.69102954864502
2017-11-09,9.512391090393066
2017-11-10,9.564495086669922
2017-11-13,9.571938514709473
2017-11-14,9.60915470123291
2017-11-15,9.34864330291748
2017-11-16,9.423075675964355
2017-11-17,9.326313018798828
2017-11-20,9.482621192932129
2017-11-21,9.646369934082031
2017-11-22,9.713357925415039
2017-11-24,9.765461921691895
2017-11-27,9.571938514709473
2017-11-28,9.534722328186035
2017-11-29,9.557052612304688
2017-11-30,9.676143646240234
2017-12-01,9.571938514709473
2017-12-04,9.586825370788574
2017-12-05,9.713357925415039
2017-12-06,9.69102954864502
2017-12-07,9.661256790161133
2017-12-08,9.720803260803223
2017-12-11,9.713357925415039
2017-12-12,9.616597175598145
2017-12-13,9.81011962890625
2017-12-14,9.69102954864502
2017-12-15,9.676143646240234
2017-12-18,9.899438858032227
2017-12-19,9.877108573913574
2017-12-20,9.98131275177002
2017-12-21,10.04085922241211
2017-12-22,10.085519790649414
2017-12-26,10.122734069824219
2017-12-27,10.092962265014648
2017-12-28,10.018528938293457
2017-12-29,9.973871231079102
2018-01-02,10.085519790649414
2018-01-03,10.1078462600708
2018-01-04,10.375804901123047
2018-01-05,10.457676887512207
2018-01-08,10.621426582336426
2018-01-09,10.613986015319824
2018-01-10,10.584213256835938
2018-01-11,10.837281227111816
2018-01-12,11.112678527832031
2018-01-16,10.956371307373047
2018-01-17,10.94892692565918
2018-01-18,11.060577392578125
2018-01-19,11.120121002197266
2018-01-22,11.164779663085938
2018-01-23,11.164779663085938
2018-01-24,11.068017959594727
2018-01-25,11.164779663085938
2018-01-26,11.276427268981934
2018-01-29,11.216882705688477
2018-01-30,10.941485404968262
2018-01-31,10.941485404968262
2018-02-01,11.53693962097168
2018-02-02,11.18710994720459
2018-02-05,10.442790985107422
2018-02-06,10.666088104248047
2018-02-07,10.509779930114746
2018-02-08,9.944098472595215
2018-02-09,10.085519790649414
2018-02-12,10.197166442871094
2018-02-13,10.279040336608887
2018-02-14,10.383246421813965
2018-02-15,10.450235366821289
2018-02-16,10.628870964050293
2018-02-20,10.591654777526855
2018-02-21,10.502336502075195
2018-02-22,10.375804901123047
2018-02-23,10.48745059967041
2018-02-26,10.450235366821289
2018-02-27,10.174836158752441
2018-02-28,10.011085510253906
2018-03-01,9.869667053222656
2018-03-02,9.668699264526367
2018-03-05,9.81011962890625
2018-03-06,10.055745124816895
2018-03-07,9.996199607849121
2018-03-08,10.092962265014648
2018-03-09,10.204609870910645
2018-03-12,10.055745124816895
2018-03-13,9.891995429992676
2018-03-14,9.906882286071777
2018-03-15,10.137619972229004
2018-03-16,10.063189506530762
2018-03-19,9.884551048278809
2018-03-20,9.750574111938477
2018-03-21,9.63892650604248
2018-03-22,9.170005798339844
2018-03-23,9.065802574157715
2018-03-26,9.192336082458496
2018-03-27,9.095575332641602
2018-03-28,9.073244094848633
2018-03-29,9.229552268981934
2018-04-02,9.013700485229492
2018-04-03,9.02114200592041
2018-04-04,8.857391357421875
2018-04-05,9.02114200592041
2018-04-06,8.663869857788086
2018-04-09,8.656425476074219
2018-04-10,8.976485252380371
2018-04-11,8.835064888000488
2018-04-12,9.0806884765625
2018-04-13,9.16256332397461
2018-04-16,9.147677421569824
2018-04-17,9.370970726013184
2018-04-18,9.408187866210938
2018-04-19,9.497505187988281
2018-04-20,9.326313018798828
2018-04-23,9.274995803833008
2018-04-24,8.980669021606445
2018-04-25,8.980669021606445
2018-04-26,8.837282180786133
2018-04-27,9.244806289672852
2018-04-30,9.244806289672852
2018-05-01,9.161792755126953
2018-05-02,9.207074165344238
2018-05-03,9.358010292053223
2018-05-04,9.395744323730469
2018-05-07,9.463664054870605
2018-05-08,9.38819694519043
2018-05-09,9.395744323730469
2018-05-10,9.32027530670166
2018-05-11,9.418383598327637
2018-05-14,9.395744323730469
2018-05-15,9.305182456970215
2018-05-16,9.176885604858398
2018-05-17,9.222167015075684
2018-05-18,9.539132118225098
2018-05-21,9.720254898071289
2018-05-22,9.67497444152832
2018-05-23,9.524038314819336
2018-05-24,9.501398086547852
2018-05-25,9.312727928161621
2018-05-29,8.829733848571777
2018-05-30,8.912749290466309
2018-05-31,8.859920501708984
2018-06-01,8.86746883392334
2018-06-04,8.79954719543457
2018-06-05,8.769360542297363
2018-06-06,8.973124504089355
2018-06-07,8.882560729980469
2018-06-08,8.671253204345703
2018-06-11,8.958030700683594
2018-06-12,8.965577125549316
2018-06-13,8.905202865600586
2018-06-14,8.829733848571777
2018-06-15,8.693891525268555
2018-06-18,8.505223274230957
2018-06-19,8.225993156433105
2018-06-20,8.11279010772705
2018-06-21,8.007135391235352
2018-06-22,8.05996322631836
2018-06-25,7.961854934692383
2018-06-26,7.924120903015137
2018-06-27,7.924120903015137
2018-06-28,7.886387348175049
2018-06-29,7.946761131286621
2018-07-02,7.81091833114624
2018-07-03,7.803374767303467
2018-07-05,7.758091449737549
2018-07-06,7.735452651977539
2018-07-09,7.893932819366455
2018-07-10,8.067508697509766
2018-07-11,7.629797458648682
2018-07-12,7.75054407119751
2018-07-13,7.826012134552002
2018-07-16,7.75054407119751
2018-07-17,7.788278102874756
2018-07-18,7.833561420440674
2018-07-19,7.818465709686279
2018-07-20,7.75054407119751
2018-07-23,7.629797458648682
2018-07-24,7.924120903015137
2018-07-25,8.029776573181152
2018-07-26,8.663705825805664
2018-07-27,8.716532707214355
2018-07-30,8.73917293548584
2018-07-31,8.844827651977539
2018-08-01,8.814640998840332
2018-08-02,8.859920501708984
2018-08-03,9.003311157226562
2018-08-06,8.935389518737793
2018-08-07,9.116512298583984
2018-08-08,9.010858535766602
2018-08-09,8.837282180786133
2018-08-10,8.618424415588379
2018-08-13,8.588238716125488
2018-08-14,8.663705825805664
2018-08-15,8.505223274230957
2018-08-16,8.618424415588379
2018-08-17,8.754265785217285
2018-08-20,8.844827651977539
2018-08-21,8.912749290466309
2018-08-22,8.754265785217285
2018-08-23,8.724080085754395
2018-08-24,8.882560729980469
2018-08-27,9.025949478149414
2018-08-28,9.15424633026123
2018-08-29,9.305182456970215
2018-08-30,9.146697998046875
2018-08-31,9.048591613769531
2018-09-04,8.86746883392334
2018-09-05,8.852374076843262
2018-09-06,8.814640998840332
2018-09-07,8.73917293548584
2018-09-10,8.920295715332031
2018-09-11,8.859920501708984
2018-09-12,8.935389518737793
2018-09-13,8.776906967163086
2018-09-14,8.731627464294434
2018-09-17,8.935389518737793
2018-09-18,9.101418495178223
2018-09-19,9.214620590209961
2018-09-20,9.335370063781738
2018-09-21,9.51649284362793
2018-09-24,9.433476448059082
2018-09-25,9.38819694519043
2018-09-26,9.342915534973145
2018-09-27,9.244806289672852
2018-09-28,9.063685417175293
2018-10-01,8.942936897277832
2018-10-02,8.973124504089355
2018-10-03,9.15424633026123
2018-10-04,9.108966827392578
2018-10-05,8.950482368469238
2018-10-08,8.822187423706055
2018-10-09,8.754265785217285
2018-10-10,8.497675895690918
2018-10-11,8.414661407470703
2018-10-12,8.414661407470703
2018-10-15,8.444847106933594
2018-10-16,8.754265785217285
2018-10-17,8.339194297790527
2018-10-18,8.014681816101074
2018-10-19,7.984495162963867
2018-10-22,7.931668281555176
2018-10-23,7.697717666625977
2018-10-24,7.30528450012207
2018-10-25,7.539234638214111
2018-10-26,7.607156276702881
2018-10-29,7.697717666625977
2018-10-30,7.780731678009033
2018-10-31,7.841105937957764
2018-11-01,8.007135391235352
2018-11-02,8.15807056427002
2018-11-05,7.992040634155273
2018-11-06,8.007135391235352
2018-11-07,7.939214706420898
2018-11-08,7.697717666625977
2018-11-09,7.569423198699951
2018-11-12,7.30528450012207
2018-11-13,7.418487071990967
2018-11-14,7.395846366882324
2018-11-15,7.471313953399658
2018-11-16,7.426033973693848
2018-11-19,7.282644748687744
2018-11-20,7.086428642272949
2018-11-21,7.184536933898926
2018-11-23,7.1769890785217285
2018-11-26,7.237363815307617
2018-11-27,7.192083835601807
2018-11-28,7.327925205230713
2018-11-29,7.290192127227783
2018-11-30,7.320378303527832
2018-12-03,7.886387348175049
2018-12-04,7.373205184936523
2018-12-06,7.388299942016602
2018-12-07,7.192083835601807
2018-12-10,7.131708145141602
2018-12-11,7.1015214920043945
2018-12-12,7.252458572387695
2018-12-13,7.207176208496094
2018-12-14,7.010961055755615
2018-12-17,6.9732255935668945
2018-12-18,7.018507480621338
2018-12-19,6.882665157318115
2018-12-20,6.875118732452393
2018-12-21,6.610980987548828
2018-12-24,6.407217502593994
2018-12-26,6.709089279174805
2018-12-27,6.829836845397949
2018-12-28,6.829836845397949
2018-12-31,6.950585842132568
2019-01-02,6.822290897369385
2019-01-03,6.626073837280273
2019-01-04,7.109068393707275
2019-01-07,7.161895751953125
2019-01-08,7.161895751953125
2019-01-09,7.275097370147705
2019-01-10,7.403392791748047
2019-01-11,7.335472106933594
2019-01-14,7.30528450012207
2019-01-15,7.343018054962158
2019-01-16,7.471313953399658
2019-01-17,7.614703178405762
2019-01-18,7.765638828277588
2019-01-22,7.576969146728516
2019-01-23,7.531688690185547
2019-01-24,7.509048938751221
2019-01-25,7.712811470031738
2019-01-28,7.486408233642578
2019-01-29,7.561875820159912
2019-01-30,7.705263137817383
2019-01-31,7.478860855102539
2019-02-01,7.524141311645508
2019-02-04,7.607156276702881
2019-02-05,7.531688690185547
2019-02-06,7.614703178405762
2019-02-07,7.773186206817627
2019-02-08,7.788278102874756
2019-02-11,7.81091833114624
2019-02-12,7.946761131286621
2019-02-13,8.022228240966797
2019-02-14,7.961854934692383
2019-02-15,8.044869422912598
2019-02-19,7.969402313232422
2019-02-20,8.022228240966797
2019-02-21,8.052416801452637
2019-02-22,8.195805549621582
2019-02-25,8.21090030670166
2019-02-26,8.18071174621582
2019-02-27,8.150525093078613
2019-02-28,8.21090030670166
2019-03-01,8.309006690979004
2019-03-04,8.301459312438965
2019-03-05,8.218445777893066
2019-03-06,8.15807056427002
2019-03-07,7.909027576446533
2019-03-08,7.788278102874756
2019-03-11,7.916573524475098
2019-03-12,7.969402313232422
2019-03-13,8.014681816101074
2019-03-14,7.924120903015137
2019-03-15,7.999589920043945
2019-03-18,8.09014892578125
2019-03-19,8.218445777893066
2019-03-20,8.256179809570312
2019-03-21,8.225993156433105
2019-03-22,7.878840923309326
2019-03-25,7.841105937957764
2019-03-26,7.7429986000061035
2019-03-27,7.682624816894531
2019-03-28,7.682624816894531
2019-03-29,7.697717666625977
2019-04-01,7.916573524475098
2019-04-02,7.984495162963867
2019-04-03,8.173164367675781
2019-04-04,8.225993156433105
2019-04-05,8.301459312438965
2019-04-08,8.286368370056152
2019-04-09,8.135430335998535
2019-04-10,8.097696304321289
2019-04-11,8.256179809570312
2019-04-12,8.324100494384766
2019-04-15,8.399567604064941
2019-04-16,8.542956352233887
2019-04-17,8.520317077636719
2019-04-18,8.4750337600708
2019-04-22,8.459942817687988
2019-04-23,8.416131973266602
2019-04-24,8.270099639892578
2019-04-25,8.208610534667969
2019-04-26,8.316215515136719
2019-04-29,8.385387420654297
2019-04-30,8.377701759338379
2019-05-01,8.293157577514648
2019-05-02,8.231668472290039
2019-05-03,8.308528900146484
2019-05-06,8.047205924987793
2019-05-07,7.7551398277282715
2019-05-08,7.601418972015381
2019-05-09,7.49381685256958
2019-05-10,7.516873836517334
2019-05-13,7.240179061889648
2019-05-14,7.2171220779418945
2019-05-15,7.048030376434326
2019-05-16,7.063401699066162
2019-05-17,6.886625289916992
2019-05-20,6.809764862060547
2019-05-21,6.863567352294922
2019-05-22,6.771335601806641
2019-05-23,6.571500301361084
2019-05-24,6.802079677581787
2019-05-28,6.732905864715576
2019-05-29,6.748277187347412
2019-05-30,6.763649940490723
2019-05-31,6.663731575012207
2019-06-03,6.7252197265625
2019-06-04,6.978857040405273
2019-06-05,6.963483810424805
2019-06-06,6.971170425415039
2019-06-07,7.032658100128174
2019-06-10,7.117204189300537
2019-06-11,7.240179061889648
2019-06-12,7.263236999511719
2019-06-13,7.355469703674316
2019-06-14,7.286295413970947
2019-06-17,7.270922660827637
2019-06-18,7.562989234924316
2019-06-19,7.770512104034424
2019-06-20,7.893485069274902
2019-06-21,7.762823581695557
2019-06-24,7.7551398277282715
2019-06-25,7.824312686920166
2019-06-26,7.847370624542236
2019-06-27,7.901171684265137
2019-06-28,7.901171684265137
2019-07-01,7.954974174499512
2019-07-02,7.893485069274902
2019-07-03,8.177865982055664
2019-07-05,8.139436721801758
2019-07-08,8.170181274414062
2019-07-09,7.985718727111816
2019-07-10,7.924230575561523
2019-07-11,7.893485069274902
2019-07-12,8.001090049743652
2019-07-15,8.039520263671875
2019-07-16,8.039520263671875
2019-07-17,7.9165449142456055
2019-07-18,7.931916236877441
2019-07-19,7.901171684265137
2019-07-22,7.908858299255371
2019-07-23,8.131750106811523
2019-07-24,8.254727363586426
2019-07-25,8.062577247619629
2019-07-26,8.054892539978027
2019-07-29,7.954974174499512
2019-07-30,7.908858299255371
2019-07-31,7.770512104034424
2019-08-01,7.701336860656738
2019-08-02,7.401584625244141
2019-08-05,7.094146728515625
2019-08-06,7.0787739753723145
2019-08-07,7.086460590362549
2019-08-08,7.163318634033203
2019-08-09,7.024971961975098
2019-08-12,6.794394016265869
2019-08-13,6.940426349639893
2019-08-14,6.656046390533447
2019-08-15,6.640673637390137
2019-08-16,6.771335601806641
2019-08-19,7.209435939788818
2019-08-20,7.063401699066162
2019-08-21,7.33241081237793
2019-08-22,7.32472562789917
2019-08-23,7.009600639343262
2019-08-26,7.132575511932373
2019-08-27,7.101831436157227
2019-08-28,7.209435939788818
2019-08-29,7.7551398277282715
2019-08-30,7.885800361633301
2019-09-03,7.67059326171875
2019-09-04,7.970346450805664
2019-09-05,8.047205924987793
2019-09-06,8.101007461547852
2019-09-09,8.124064445495605
2019-09-10,8.293157577514648
2019-09-11,8.416131973266602
2019-09-12,8.485305786132812
2019-09-13,8.608282089233398
2019-09-16,8.562165260314941
2019-09-17,8.49299144744873
2019-09-18,8.469934463500977
2019-09-19,8.454561233520508
2019-09-20,8.208610534667969
2019-09-23,8.216296195983887
2019-09-24,8.047205924987793
2019-09-25,8.047205924987793
2019-09-26,7.954974174499512
2019-09-27,7.78588342666626
2019-09-30,7.801253795623779
2019-10-01,7.609105110168457
2019-10-02,7.455387115478516
2019-10-03,7.578361511230469
2019-10-04,7.632163047790527
2019-10-07,7.616790771484375
2019-10-08,7.478444576263428
2019-10-09,7.593733787536621
2019-10-10,7.885800361633301
2019-10-11,8.247040748596191
2019-10-14,8.20092487335205
2019-10-15,8.300843238830566
2019-10-16,8.300843238830566
2019-10-17,8.323899269104004
2019-10-18,8.262413024902344
2019-10-21,8.416131973266602
2019-10-22,8.40075969696045
2019-10-23,8.423816680908203
2019-10-24,8.323899269104004
2019-10-25,8.462247848510742
2019-10-28,8.562165260314941
2019-10-29,8.462247848510742
2019-10-30,8.393073081970215
2019-10-31,8.385387420654297
2019-11-01,8.59290885925293
2019-11-04,8.931092262268066
2019-11-05,8.88497543334961
2019-11-06,8.416131973266602
2019-11-07,8.469934463500977
2019-11-08,8.639023780822754
2019-11-11,8.631338119506836
2019-11-12,8.600595474243164
2019-11-13,8.554478645324707
2019-11-14,8.531421661376953
2019-11-15,8.639023780822754
2019-11-18,8.439190864562988
2019-11-19,8.385387420654297
2019-11-20,8.308528900146484
2019-11-21,8.308528900146484
2019-11-22,8.40075969696045
2019-11-25,8.485305786132812
2019-11-26,8.608282089233398
2019-11-27,8.385387420654297
2019-11-29,8.262413024902344
2019-12-02,8.124064445495605
2019-12-03,8.054892539978027
2019-12-04,8.10869312286377
2019-12-05,8.116379737854004
2019-12-06,8.085636138916016
2019-12-09,8.070262908935547
2019-12-10,8.047205924987793
2019-12-11,8.085636138916016
2019-12-12,8.247040748596191
2019-12-13,8.385387420654297
2019-12-16,8.385387420654297
2019-12-17,8.43150520324707
2019-12-18,8.462247848510742
2019-12-19,8.339272499084473
2019-12-20,8.439190864562988
2019-12-23,8.523736000061035
2019-12-24,8.523736000061035
2019-12-26,8.569851875305176
2019-12-27,8.546793937683105
2019-12-30,8.462247848510742
2019-12-31,8.454561233520508
2020-01-02,8.677454948425293
2020-01-03,8.585224151611328
2020-01-06,8.546793937683105
2020-01-07,8.408445358276367
2020-01-08,8.485305786132812
2020-01-09,8.485305786132812
2020-01-10,8.370016098022461
2020-01-13,8.416131973266602
2020-01-14,8.370016098022461
2020-01-15,8.285470962524414
2020-01-16,8.485305786132812
2020-01-17,8.508363723754883
2020-01-21,8.254727363586426
2020-01-22,8.10869312286377
2020-01-23,8.185553550720215
2020-01-24,8.062577247619629
2020-01-27,7.516873836517334
2020-01-28,7.662906646728516
2020-01-29,7.655220985412598
2020-01-30,7.570675373077393
2020-01-31,7.240179061889648
2020-02-03,7.278609275817871
2020-02-04,7.516873836517334
2020-02-05,7.724394798278809
2020-02-06,7.701336860656738
2020-02-07,7.163318634033203
2020-02-10,7.140261650085449
2020-02-11,7.2248077392578125
2020-02-12,7.463072299957275
2020-02-13,7.317039489746094
2020-02-14,7.32472562789917
2020-02-18,7.286295413970947
2020-02-19,7.317039489746094
2020-02-20,7.363154411315918
2020-02-21,7.301666736602783
2020-02-24,6.732905864715576
2020-02-25,6.771335601806641
2020-02-26,6.878939628601074
2020-02-27,7.032658100128174
2020-02-28,7.147948265075684
2020-03-02,7.286295413970947
2020-03-03,7.048030376434326
2020-03-04,7.178691864013672
2020-03-05,6.925053596496582
2020-03-06,6.855880260467529
2020-03-09,6.102656364440918
2020-03-10,6.24100399017334
2020-03-11,5.75678825378418
2020-03-12,4.895959854125977
2020-03-13,5.741415500640869
2020-03-16,4.9728193283081055
2020-03-17,4.995877265930176
2020-03-18,4.311826705932617
2020-03-19,4.427116394042969
2020-03-20,4.388686656951904
2020-03-23,3.9429001808166504
2020-03-24,4.042818069458008
2020-03-25,4.304140567779541
2020-03-26,4.580835342407227
2020-03-27,4.542405605316162
2020-03-30,4.488604545593262
2020-03-31,4.311826705932617
2020-04-01,4.373313903808594
2020-04-02,4.434802055358887
2020-04-03,4.242653846740723
2020-04-06,4.66538143157959
2020-04-07,4.83447265625
2020-04-08,5.141910552978516
2020-04-09,5.026621341705322
2020-04-13,4.857529640197754
2020-04-14,4.9651336669921875
2020-04-15,4.626951217651367
2020-04-16,4.473231792449951
2020-04-17,4.719182968139648
2020-04-20,4.749926567077637
2020-04-21,4.688438415527344
2020-04-22,4.657693862915039
2020-04-23,4.872901439666748
2020-04-24,4.819100379943848
2020-04-27,4.895959854125977
2020-04-28,4.8037285804748535
2020-04-29,5.049680233001709
2020-04-30,4.796042442321777
2020-05-01,4.619264602661133
2020-05-04,4.503975868225098
2020-05-05,4.465546131134033
2020-05-06,4.2733964920043945
2020-05-07,4.158107757568359
2020-05-08,4.342569828033447
2020-05-11,4.319512367248535
2020-05-12,4.396372318267822
2020-05-13,4.404058456420898
2020-05-14,4.227280616760254
2020-05-15,4.227280616760254
2020-05-18,4.573149681091309
2020-05-19,4.265710830688477
2020-05-20,4.365628242492676
2020-05-21,4.242653846740723
2020-05-22,4.227280616760254
2020-05-26,4.650008678436279
2020-05-27,4.83447265625
2020-05-28,4.895959854125977
2020-05-29,4.726868152618408
2020-06-01,4.9728193283081055
2020-06-02,5.180339813232422
2020-06-03,5.495465278625488
2020-06-04,5.480093479156494
2020-06-05,5.841332912445068
2020-06-08,6.248689651489258
2020-06-09,6.156457901000977
2020-06-10,5.733729839324951
2020-06-11,5.026621341705322
2020-06-12,5.311002254486084
2020-06-15,5.341745853424072
2020-06-16,5.410919189453125
2020-06-17,5.318687438964844
2020-06-18,5.380176067352295
2020-06-19,5.203397750854492
2020-06-22,5.464722156524658
2020-06-23,5.472407817840576
2020-06-24,5.180339813232422
2020-06-25,5.211084365844727
2020-06-26,5.211084365844727
2020-06-29,5.410919189453125
2020-06-30,5.403233528137207
2020-07-01,5.234143257141113
2020-07-02,5.303316116333008
2020-07-06,5.4493489265441895
2020-07-07,5.272571563720703
2020-07-08,5.318687438964844
2020-07-09,5.14959716796875
2020-07-10,5.280257701873779
2020-07-13,5.418604850769043
2020-07-14,5.6030683517456055
2020-07-15,5.7491021156311035
2020-07-16,5.6876139640808105
2020-07-17,5.633811950683594
2020-07-20,5.6568708419799805
2020-07-21,5.641499042510986
2020-07-22,5.6876139640808105
2020-07-23,5.726044654846191
2020-07-24,5.726044654846191
2020-07-27,5.8182759284973145
2020-07-28,5.672242641448975
2020-07-29,5.779846668243408
2020-07-30,5.580010890960693
2020-07-31,5.218770980834961
2020-08-03,5.487779140472412
2020-08-04,5.626126289367676
2020-08-05,5.8643903732299805
2020-08-06,5.779846668243408
2020-08-07,5.710672855377197
2020-08-10,5.941251277923584
2020-08-11,6.064227104187012
2020-08-12,6.025797367095947
2020-08-13,6.010425090789795
2020-08-14,5.92587947845459
2020-08-17,5.9028215408325195
2020-08-18,5.895135879516602
2020-08-19,5.92587947845459
2020-08-20,5.849019527435303
2020-08-21,5.879763126373291
2020-08-24,6.018110275268555
2020-08-25,5.941251277923584
2020-08-26,6.079598903656006
2020-08-27,6.025797367095947
2020-08-28,6.125714302062988
2020-08-31,6.07191276550293
2020-09-01,6.141086578369141
2020-09-02,6.3409223556518555
2020-09-03,6.1487717628479
2020-09-04,6.348608016967773
2020-09-08,6.41009521484375
2020-09-09,6.517698287963867
2020-09-10,6.41009521484375
2020-09-11,6.3947224617004395
2020-09-14,6.2179460525512695
2020-09-15,6.125714302062988
2020-09-16,6.287119388580322
2020-09-17,6.363978862762451
2020-09-18,6.194886684417725
2020-09-21,5.75678825378418
2020-09-22,5.80290412902832
2020-09-23,5.7644734382629395
2020-09-24,5.849019527435303
2020-09-25,5.810589790344238
2020-09-28,5.971994876861572
2020-09-29,6.033483028411865
2020-09-30,6.010425090789795
2020-10-01,5.995053768157959
2020-10-02,5.995053768157959
2020-10-05,6.202574253082275
2020-10-06,6.141086578369141
2020-10-07,6.271748065948486
2020-10-08,6.3409223556518555
2020-10-09,6.463897228240967
2020-10-12,6.463897228240967
2020-10-13,6.456211090087891
2020-10-14,6.471582889556885
2020-10-15,6.402408123016357
2020-10-16,6.556129455566406
2020-10-19,6.502326488494873
2020-10-20,6.6022443771362305
2020-10-21,6.548442840576172
2020-10-22,6.533070087432861
2020-10-23,6.60992956161499
2020-10-26,6.433152675628662
2020-10-27,6.194886684417725
2020-10-28,5.95662260055542
2020-10-29,5.979680061340332
2020-10-30,5.971994876861572
2020-11-02,6.2179460525512695
2020-11-03,6.571500301361084
2020-11-04,6.594558238983154
2020-11-05,7.009600639343262
2020-11-06,7.155633926391602
2020-11-09,7.478444576263428
2020-11-10,7.309353351593018
2020-11-11,7.539931774139404
2020-11-12,7.378526210784912
2020-11-13,7.7551398277282715
2020-11-16,8.039520263671875
2020-11-17,7.978033065795898
2020-11-18,8.185553550720215
2020-11-19,8.10869312286377
2020-11-20,8.0933198928833
2020-11-23,8.300843238830566
2020-11-24,8.65439510345459
2020-11-25,8.631338119506836
2020-11-27,8.469934463500977
2020-11-30,8.362329483032227
2020-12-01,8.59290885925293
2020-12-02,8.516050338745117
2020-12-03,8.508363723754883
2020-12-04,8.78505802154541
2020-12-07,8.485305786132812
2020-12-08,8.49299144744873
2020-12-09,8.531421661376953
2020-12-10,8.393073081970215
2020-12-11,8.40075969696045
2020-12-14,8.423816680908203
2020-12-15,8.869604110717773
2020-12-16,8.692825317382812
2020-12-17,8.984891891479492
2020-12-18,9.269274711608887
2020-12-21,9.346134185791016
2020-12-22,9.453737258911133
2020-12-23,9.845721244812012
2020-12-24,9.799606323242188
2020-12-28,9.884150505065918
2020-12-29,9.953326225280762
2020-12-30,9.822663307189941
2020-12-31,9.868780136108398
2021-01-04,9.599771499633789
2021-01-05,9.784233093261719
2021-01-06,10.352994918823242
2021-01-07,10.452913284301758
2021-01-08,10.406795501708984
2021-01-11,10.329937934875488
2021-01-12,10.506714820861816
2021-01-13,10.414483070373535
2021-01-14,10.560516357421875
2021-01-15,10.23770523071289
2021-01-19,10.49134349822998
2021-01-20,10.591259956359863
2021-01-21,10.622004508972168
2021-01-22,10.499029159545898
2021-01-25,9.991754531860352
2021-01-26,9.976383209228516
2021-01-27,9.645885467529297
2021-01-28,10.007126808166504
2021-01-29,9.799606323242188
2021-02-01,10.08398723602295
2021-02-02,10.575887680053711
2021-02-03,10.668119430541992
2021-02-04,10.891013145446777
2021-02-05,10.891013145446777
2021-02-08,11.060104370117188
2021-02-09,11.05241870880127
2021-02-10,11.106219291687012
2021-02-11,11.2368803024292
2021-02-12,11.367542266845703
2021-02-16,11.252252578735352
2021-02-17,11.113905906677246
2021-02-18,10.983244895935059
2021-02-19,11.621180534362793
2021-02-22,11.705723762512207
2021-02-23,11.682665824890137
2021-02-24,11.713410377502441
2021-02-25,11.321427345275879
2021-02-26,11.405972480773926
2021-03-01,11.567377090454102
2021-03-02,11.467460632324219
2021-03-03,11.505890846252441
2021-03-04,11.405972480773926
2021-03-05,11.58275032043457
2021-03-08,12.074651718139648
2021-03-09,11.951676368713379
2021-03-10,11.943989753723145
2021-03-11,11.943989753723145
2021-03-12,11.790271759033203
2021-03-15,11.859443664550781
2021-03-16,11.6672945022583
2021-03-17,11.95936107635498
2021-03-18,12.0900239944458
2021-03-19,12.059277534484863
2021-03-22,11.951676368713379
2021-03-23,11.413657188415527
2021-03-24,11.6672945022583
2021-03-25,11.87481689453125
2021-03-26,11.936304092407227
2021-03-29,11.713410377502441
2021-03-30,12.136140823364258
2021-03-31,12.02085018157959
2021-04-01,12.082338333129883
2021-04-05,12.328287124633789
2021-04-06,12.182254791259766
2021-04-07,12.0900239944458
2021-04-08,12.16688346862793
2021-04-09,12.013163566589355
2021-04-12,11.928618431091309
2021-04-13,12.059277534484863
2021-04-14,12.097709655761719
2021-04-15,12.059277534484863
2021-04-16,12.274486541748047
2021-04-19,11.919536590576172
2021-04-20,11.54753589630127
2021-04-21,11.787786483764648
2021-04-22,11.563035011291504
2021-04-23,11.958285331726074
2021-04-26,12.02028751373291
2021-04-27,12.051286697387695
2021-04-28,12.113286972045898
2021-04-29,11.919536590576172
2021-04-30,11.501035690307617
2021-05-03,11.826534271240234
2021-05-04,11.702535629272461
2021-05-05,12.12878704071045
2021-05-06,12.632537841796875
2021-05-07,13.06653881072998
2021-05-10,13.004538536071777
2021-05-11,12.764288902282715
2021-05-12,12.438787460327148
2021-05-13,12.810789108276367
2021-05-14,13.182790756225586
2021-05-17,13.492789268493652
2021-05-18,13.237040519714355
2021-05-19,12.80303955078125
2021-05-20,12.857288360595703
2021-05-21,12.981289863586426
2021-05-24,12.965788841247559
2021-05-25,12.981289863586426
2021-05-26,12.857288360595703
2021-05-27,13.38429069519043
2021-05-28,13.299040794372559
2021-06-01,13.562540054321289
2021-06-02,13.632290840148926
2021-06-03,13.694291114807129
2021-06-04,13.84154224395752
2021-06-07,14.004292488098145
2021-06-08,14.244543075561523
2021-06-09,13.872542381286621
2021-06-10,13.531539916992188
2021-06-11,13.539290428161621
2021-06-14,13.368790626525879
2021-06-15,13.461790084838867
2021-06-16,13.31454086303711
2021-06-17,12.996788024902344
2021-06-18,12.555038452148438
2021-06-21,12.717788696289062
2021-06-22,12.640289306640625
2021-06-23,12.508537292480469
2021-06-24,12.8185396194458
2021-06-25,12.896038055419922
2021-06-28,12.733288764953613
2021-06-29,12.834038734436035
2021-06-30,12.958038330078125
2021-07-01,12.94253921508789
2021-07-02,12.888290405273438
2021-07-06,12.624788284301758
2021-07-07,12.46978759765625
2021-07-08,12.066786766052246
2021-07-09,12.655790328979492
2021-07-12,12.8185396194458
2021-07-13,12.655790328979492
2021-07-14,12.578287124633789
2021-07-15,12.431036949157715
2021-07-16,12.206287384033203
2021-07-19,11.842035293579102
2021-07-20,12.136536598205566
2021-07-21,12.524038314819336
2021-07-22,12.353538513183594
2021-07-23,12.524038314819336
2021-07-26,12.67128849029541
2021-07-27,12.500787734985352
2021-07-28,12.524038314819336
2021-07-29,12.888290405273438
2021-07-30,13.051040649414062
2021-08-02,12.911538124084473
2021-08-03,13.07429027557373
2021-08-04,12.8185396194458
2021-08-05,12.98904037475586
2021-08-06,13.221542358398438
2021-08-09,13.06653881072998
2021-08-10,13.330039978027344
2021-08-11,13.547041893005371
2021-08-12,13.531539916992188
2021-08-13,13.368790626525879
2021-08-16,13.175040245056152
2021-08-17,12.888290405273438
2021-08-18,12.795289039611816
2021-08-19,12.423288345336914
2021-08-20,12.400036811828613
2021-08-23,12.524038314819336
2021-08-24,12.686789512634277
2021-08-25,12.950289726257324
2021-08-26,12.717788696289062
2021-08-27,13.027789115905762
2021-08-30,12.98904037475586
2021-08-31,12.779788970947266
2021-09-01,12.756538391113281
2021-09-02,12.903789520263672
2021-09-03,12.872788429260254
2021-09-07,12.733288764953613
2021-09-08,12.508537292480469
2021-09-09,12.283787727355957
2021-09-10,12.252787590026855
2021-09-13,12.609288215637207
2021-09-14,12.524038314819336
2021-09-15,12.772039413452148
2021-09-16,13.144039154052734
2021-09-17,13.043289184570312
2021-09-20,12.593788146972656
2021-09-21,12.694539070129395
2021-09-22,12.98904037475586
2021-09-23,13.353290557861328
2021-09-24,13.244790077209473
2021-09-27,13.306792259216309
2021-09-28,13.144039154052734
2021-09-29,13.06653881072998
2021-09-30,12.872788429260254
2021-10-01,13.035539627075195
2021-10-04,12.98904037475586
2021-10-05,13.151790618896484
2021-10-06,12.663537979125977
2021-10-07,12.834038734436035
2021-10-08,12.7875394821167
2021-10-11,12.493036270141602
2021-10-12,12.53953742980957
2021-10-13,12.508537292480469
2021-10-14,12.7875394821167
2021-10-15,13.089790344238281
2021-10-18,12.934788703918457
2021-10-19,13.136290550231934
2021-10-20,13.275790214538574
2021-10-21,13.368790626525879
2021-10-22,13.51604175567627
2021-10-25,13.764041900634766
2021-10-26,13.485040664672852
2021-10-27,13.213789939880371
2021-10-28,13.52379035949707
2021-10-29,13.26029109954834
2021-11-01,13.601290702819824
2021-11-02,13.733040809631348
2021-11-03,13.84154224395752
2021-11-04,13.810542106628418
2021-11-05,13.694291114807129
2021-11-08,13.578041076660156
2021-11-09,13.508291244506836
2021-11-10,13.562540054321289
2021-11-11,14.229043006896973
2021-11-12,14.492544174194336
2021-11-15,14.453795433044434
2021-11-16,14.546792984008789
2021-11-17,14.833545684814453
2021-11-18,14.546792984008789
2021-11-19,14.136043548583984
2021-11-22,13.950041770935059
2021-11-23,13.849292755126953
2021-11-24,13.84154224395752
2021-11-26,13.128539085388184
2021-11-29,13.082039833068848
2021-11-30,12.679039001464844
2021-12-01,12.810789108276367
2021-12-02,13.221542358398438
2021-12-03,12.981289863586426
2021-12-06,13.554792404174805
2021-12-07,13.911291122436523
2021-12-08,13.864791870117188
2021-12-09,13.818292617797852
2021-12-10,13.771791458129883
2021-12-13,13.601290702819824
2021-12-14,13.446290016174316
2021-12-15,13.58579158782959
2021-12-16,13.872542381286621
2021-12-17,13.72529125213623
2021-12-20,13.461790084838867
2021-12-21,13.97329330444336
2021-12-22,14.26004409790039
2021-12-23,14.639796257019043
2021-12-27,15.213294982910156
2021-12-28,14.973045349121094
2021-12-29,15.081546783447266
2021-12-30,14.880043983459473
2021-12-31,15.058296203613281
2022-01-03,14.906596183776855
2022-01-04,14.9600248336792
2022-01-05,14.639453887939453
2022-01-06,14.568216323852539
2022-01-07,14.38121509552002
2022-01-10,14.292166709899902
2022-01-11,14.479166984558105
2022-01-12,14.648360252380371
2022-01-13,14.737404823303223
2022-01-14,14.710691452026367
2022-01-18,14.54150104522705
2022-01-19,14.514785766601562
2022-01-20,14.301072120666504
2022-01-21,13.900357246398926
2022-01-24,13.59759521484375
2022-01-25,13.232498168945312
2022-01-26,13.52635669708252
2022-01-27,13.33935546875
2022-01-28,13.33935546875
2022-01-31,13.472928047180176
2022-02-01,13.731167793273926
2022-02-02,13.731167793273926
2022-02-03,13.401689529418945
2022-02-04,13.179069519042969
2022-02-07,13.223593711853027
2022-02-08,13.668832778930664
2022-02-09,14.363405227661133
2022-02-10,14.746310234069824
2022-02-11,14.38121509552002
2022-02-14,13.882547378540039
2022-02-15,14.354501724243164
2022-02-16,14.550406455993652
2022-02-17,14.167500495910645
2022-02-18,13.98940372467041
2022-02-22,13.285926818847656
2022-02-23,12.707118034362793
2022-02-24,12.609163284301758
2022-02-25,12.903019905090332
2022-02-28,12.760544776916504
2022-03-01,12.350924491882324
2022-03-02,12.796163558959961
2022-03-03,12.822877883911133
2022-03-04,12.083781242370605
2022-03-07,12.012543678283691
2022-03-08,12.582449913024902
2022-03-09,13.26811695098877
2022-03-10,13.18797492980957
2022-03-11,13.330451011657715
2022-03-14,13.499641418457031
2022-03-15,13.606499671936035
2022-03-16,13.748976707458496
2022-03-17,14.033929824829102
2022-03-18,13.998310089111328
2022-03-21,14.416833877563477
2022-03-22,14.719597816467285
2022-03-23,14.657261848449707
2022-03-24,14.844264030456543
2022-03-25,14.9600248336792
2022-03-28,14.870978355407715
2022-03-29,14.26545238494873
2022-03-30,14.26545238494873
2022-03-31,14.122976303100586
2022-04-01,14.069548606872559
2022-04-04,13.962691307067871
2022-04-05,13.52635669708252
2022-04-06,12.965354919433594
2022-04-07,12.956451416015625
2022-04-08,13.232498168945312
2022-04-11,13.517452239990234
2022-04-12,13.695547103881836
2022-04-13,14.096261978149414
2022-04-14,14.042834281921387
2022-04-18,14.1140718460083
2022-04-19,14.17943000793457
2022-04-20,14.36098575592041
2022-04-21,14.215742111206055
2022-04-22,13.534912109375
2022-04-25,13.090103149414062
2022-04-26,12.52728271484375
2022-04-27,12.854081153869629
2022-04-28,13.081024169921875
2022-04-29,12.881314277648926
2022-05-02,13.099180221557617
2022-05-03,13.3987455368042
2022-05-04,13.543989181518555
2022-05-05,13.135490417480469
2022-05-06,13.053792953491211
2022-05-09,12.409272193908691
2022-05-10,12.40019416809082
2022-05-11,12.509126663208008
2022-05-12,12.445582389831543
2022-05-13,13.053792953491211
2022-05-16,13.180880546569824
2022-05-17,13.66200065612793
2022-05-18,13.298890113830566
2022-05-19,13.416900634765625
2022-05-20,12.481893539428711
2022-05-23,13.180880546569824
2022-05-24,12.963014602661133
2022-05-25,13.117335319519043
2022-05-26,13.253501892089844
2022-05-27,13.525833129882812
2022-05-31,13.553067207336426
2022-06-01,13.40782356262207
2022-06-02,13.816322326660156
2022-06-03,13.698310852050781
2022-06-06,13.861710548400879
2022-06-07,13.95248794555664
2022-06-08,13.435056686401367
2022-06-09,12.972092628479004
2022-06-10,12.363883018493652
2022-06-13,11.683053016662598
2022-06-14,11.764753341674805
2022-06-15,11.93722915649414
2022-06-16,11.33809757232666
2022-06-17,11.329021453857422
2022-06-21,11.637663841247559
2022-06-22,11.301787376403809
2022-06-23,10.330469131469727
2022-06-24,10.911445617675781
2022-06-27,11.156543731689453
2022-06-28,11.038533210754395
2022-06-29,10.757122993469238
2022-06-30,10.521101951599121
2022-07-01,10.584646224975586
2022-07-05,10.09444808959961
2022-07-06,9.903816223144531
2022-07-07,10.475712776184082
2022-07-08,10.421245574951172
2022-07-11,10.030904769897461
2022-07-12,10.049059867858887
2022-07-13,10.058136940002441
2022-07-14,9.776726722717285
2022-07-15,9.985514640808105
2022-07-18,10.23061466217041
2022-07-19,10.838821411132812
2022-07-20,10.720812797546387
2022-07-21,10.866056442260742
2022-07-22,10.620957374572754
2022-07-25,10.856977462768555
2022-07-26,10.539257049560547
2022-07-27,10.820667266845703
2022-07-28,11.029455184936523
2022-07-29,11.72844123840332
2022-08-01,11.301787376403809
2022-08-02,11.093000411987305
2022-08-03,11.23824405670166
2022-08-04,11.483341217041016
2022-08-05,11.401642799377441
2022-08-08,11.474265098571777
2022-08-09,11.319942474365234
2022-08-10,11.70120906829834
2022-08-11,11.864606857299805
2022-08-12,11.919073104858398
2022-08-15,11.846451759338379
2022-08-16,11.873685836791992
2022-08-17,11.565041542053223
2022-08-18,11.664897918701172
2022-08-19,11.383487701416016
2022-08-22,11.111154556274414
2022-08-23,11.39256477355957
2022-08-24,11.428875923156738
2022-08-25,11.819219589233398
2022-08-26,11.201932907104492
2022-08-29,11.43795394897461
2022-08-30,11.192853927612305
2022-08-31,11.102075576782227
2022-09-01,10.866056442260742
2022-09-02,11.011300086975098
2022-09-06,10.902366638183594
2022-09-07,11.074844360351562
2022-09-08,10.92052173614502
2022-09-09,11.356253623962402
2022-09-12,11.619508743286133
2022-09-13,11.138388633728027
2022-09-14,11.074844360351562
2022-09-15,11.065765380859375
2022-09-16,10.738967895507812
2022-09-19,11.147465705871582
2022-09-20,10.838821411132812
2022-09-21,10.702656745910645
2022-09-22,10.466635704040527
2022-09-23,10.130758285522461
2022-09-26,9.994593620300293
2022-09-27,10.021825790405273
2022-09-28,10.375859260559082
2022-09-29,10.194303512573242
2022-09-30,10.139837265014648
2022-10-03,10.557412147521973
2022-10-04,11.229165077209473
2022-10-05,11.111154556274414
2022-10-06,10.956832885742188
2022-10-07,10.702656745910645
2022-10-10,10.766200065612793
2022-10-11,10.575568199157715
2022-10-12,10.457557678222656
2022-10-13,11.093000411987305
2022-10-14,10.92052173614502
2022-10-17,11.174698829650879
2022-10-18,11.419797897338867
2022-10-19,11.192853927612305
2022-10-20,11.111154556274414
2022-10-21,11.510576248168945
2022-10-24,11.33809757232666
2022-10-25,11.565041542053223
2022-10-26,11.628586769104004
2022-10-27,11.692130088806152
2022-10-28,11.737518310546875
2022-10-31,11.746597290039062
2022-11-01,11.692130088806152
2022-11-02,11.46518611907959
2022-11-03,11.555964469909668
2022-11-04,12.073395729064941
2022-11-07,12.209561347961426
2022-11-08,12.881314277648926
2022-11-09,12.9993257522583
2022-11-10,13.3987455368042
2022-11-11,14.00695514678955
2022-11-14,13.643845558166504
2022-11-15,13.76185417175293
2022-11-16,13.66200065612793
2022-11-17,13.725543975830078
2022-11-18,13.961565971374512
2022-11-21,13.898021697998047
2022-11-22,14.215742111206055
2022-11-23,14.651473999023438
2022-11-25,14.587929725646973
2022-11-28,14.351908683776855
2022-11-29,14.270209312438965
2022-11-30,14.560697555541992
2022-12-01,14.851184844970703
2022-12-02,15.141672134399414
2022-12-05,14.851184844970703
2022-12-06,14.678707122802734
2022-12-07,14.715017318725586
2022-12-08,14.715017318725586
2022-12-09,14.515308380126953
2022-12-12,14.506229400634766
2022-12-13,14.742250442504883
2022-12-14,14.724095344543457
2022-12-15,14.451764106750488
2022-12-16,14.36098575592041
2022-12-19,14.379141807556152
2022-12-20,14.533463478088379
2022-12-21,14.715017318725586
2022-12-22,14.478997230529785
2022-12-23,14.660552024841309
2022-12-27,14.778562545776367
2022-12-28,14.497153282165527
2022-12-29,14.715017318725586
2022-12-30,14.578851699829102
2023-01-03,14.624241828918457
2023-01-04,14.678707122802734
2023-01-05,14.687785148620605
2023-01-06,15.177982330322266
2023-01-09,15.150751113891602
2023-01-10,15.277837753295898
2023-01-11,15.359538078308105
2023-01-12,15.640947341918945
2023-01-13,15.867891311645508
2023-01-17,15.486624717712402
2023-01-18,15.504781723022461
2023-01-19,15.205215454101562
2023-01-20,15.45031452178955
2023-01-23,15.541093826293945
2023-01-24,15.613716125488281
2023-01-25,15.768036842346191
2023-01-26,15.831581115722656
2023-01-27,15.95866870880127
2023-01-30,16.00405502319336
2023-01-31,16.085756301879883
2023-02-01,16.249155044555664
2023-02-02,14.814872741699219
2023-02-03,14.624241828918457
2023-02-06,14.524385452270508
2023-02-07,14.615163803100586
2023-02-08,14.551619529724121
2023-02-09,14.524385452270508
2023-02-10,14.724095344543457
2023-02-13,14.896574020385742
2023-02-14,14.805795669555664
2023-02-15,14.95103931427002
2023-02-16,14.805795669555664
2023-02-17,15.187061309814453
2023-02-21,14.760406494140625
2023-02-22,14.896574020385742
2023-02-23,15.268760681152344
2023-02-24,14.969195365905762
2023-02-27,14.941960334777832
2023-02-28,14.95103931427002
2023-03-01,14.969195365905762
2023-03-02,15.168903350830078
2023-03-03,15.45031452178955
2023-03-06,15.187061309814453
2023-03-07,14.923806190490723
2023-03-08,14.987350463867188
2023-03-09,14.669629096984863
2023-03-10,14.00695514678955
2023-03-13,13.56214427947998
2023-03-14,13.725543975830078
2023-03-15,12.935781478881836
2023-03-16,12.926702499389648
2023-03-17,12.463737487792969
2023-03-20,12.817770004272461
2023-03-21,13.3987455368042
2023-03-22,13.208113670349121
2023-03-23,13.226268768310547
2023-03-24,13.244424819946289
2023-03-27,13.507678031921387
2023-03-28,13.462289810180664
2023-03-29,13.66200065612793
2023-03-30,13.852633476257324
2023-03-31,13.861710548400879
2023-04-03,13.798166275024414
2023-04-04,13.32612419128418
2023-04-05,12.463737487792969
2023-04-06,12.58174991607666
2023-04-10,12.808692932128906
2023-04-11,12.872237205505371
2023-04-12,13.081024169921875
2023-04-13,13.289813041687012
2023-04-14,13.289813041687012
2023-04-17,13.32612419128418
2023-04-18,13.40782356262207
2023-04-19,13.289813041687012
2023-04-20,13.253501892089844
2023-04-21,13.017481803894043
2023-04-24,13.181785583496094
2023-04-25,12.827035903930664
2023-04-26,12.864377975463867
2023-04-27,13.041753768920898
2023-04-28,13.163116455078125
2023-05-01,13.163116455078125
2023-05-02,13.135108947753906
2023-05-03,13.041753768920898
2023-05-04,12.724345207214355
2023-05-05,13.256470680236816
2023-05-08,13.47118854522705
2023-05-09,13.275141716003418
2023-05-10,13.275141716003418
2023-05-11,12.920391082763672
2023-05-12,13.135108947753906
2023-05-15,13.088431358337402
2023-05-16,12.715008735656738
2023-05-17,12.985738754272461
2023-05-18,13.079094886779785
2023-05-19,13.069759368896484
2023-05-22,13.060423851013184
2023-05-23,13.051088333129883
2023-05-24,12.518962860107422
2023-05-25,12.416271209716797
2023-05-26,12.518962860107422
2023-05-30,12.294910430908203
2023-05-31,11.977500915527344
2023-06-01,12.266902923583984
2023-06-02,12.724345207214355
2023-06-05,12.266902923583984
2023-06-06,12.453614234924316
2023-06-07,12.789693832397461
2023-06-08,12.939062118530273
2023-06-09,12.780357360839844
2023-06-12,12.985738754272461
2023-06-13,13.29381275177002
2023-06-14,13.387168884277344
2023-06-15,13.592550277709961
2023-06-16,13.564542770385742
2023-06-20,13.349825859069824
2023-06-21,13.639226913452148
2023-06-22,13.424510955810547
2023-06-23,12.817699432373047
2023-06-26,13.116436958312988
2023-06-27,13.247135162353516
2023-06-28,13.14444351196289
2023-06-29,13.191122055053711
2023-06-30,13.443180084228516
2023-07-03,13.58321475982666
2023-07-05,13.387168884277344
2023-07-06,13.163116455078125
2023-07-07,13.405838966369629
2023-07-10,13.47118854522705
2023-07-11,13.751254081726074
2023-07-12,13.86328125
2023-07-13,13.97530746459961
2023-07-14,13.965971946716309
2023-07-17,14.236701965332031
2023-07-18,14.414077758789062
2023-07-19,14.470090866088867
2023-07-20,14.516769409179688
2023-07-21,14.330058097839355
2023-07-24,14.591453552246094
2023-07-25,14.647466659545898
2023-07-26,14.479427337646484
2023-07-27,14.26470947265625
2023-07-28,13.396504402160645
2023-07-31,13.405838966369629
2023-08-01,13.592550277709961
2023-08-02,13.45251750946045
2023-08-03,13.116436958312988
2023-08-04,13.041753768920898
2023-08-07,13.069759368896484
2023-08-08,13.004411697387695
2023-08-09,13.107101440429688
2023-08-10,13.051088333129883
2023-08-11,12.948396682739258
2023-08-14,12.827035903930664
2023-08-15,12.36959457397461
2023-08-16,12.266902923583984
2023-08-17,12.257567405700684
2023-08-18,12.182883262634277
2023-08-21,12.238896369934082
2023-08-22,12.04284954071045
2023-08-23,12.192218780517578
2023-08-24,12.005507469177246
2023-08-25,12.136205673217773
2023-08-28,12.397601127624512
2023-08-29,12.668331146240234
2023-08-30,12.892385482788086
2023-08-31,12.864377975463867
2023-09-01,12.911054611206055
2023-09-05,13.051088333129883
2023-09-06,12.948396682739258
2023-09-07,12.77102279663086
2023-09-08,12.62165355682373
2023-09-11,12.640325546264648
2023-09-12,12.62165355682373
2023-09-13,12.276238441467285
2023-09-14,12.649660110473633
2023-09-15,12.584310531616211
2023-09-18,12.481620788574219
2023-09-19,11.902816772460938
2023-09-20,12.014842987060547
2023-09-21,11.6507568359375
2023-09-22,11.473381996154785
2023-09-25,11.426704406738281
2023-09-26,11.268000602722168
2023-09-27,11.333349227905273
2023-09-28,11.454710960388184
2023-09-29,11.296006202697754
2023-10-02,11.043947219848633
2023-10-03,10.885242462158203
2023-10-04,10.8385648727417
2023-10-05,10.89457893371582
2023-10-06,10.95992660522461
2023-10-09,11.071953773498535
2023-10-10,11.36135482788086
2023-10-11,11.342684745788574
2023-10-12,11.099960327148438
2023-10-13,10.969263076782227
2023-10-16,11.081289291381836
2023-10-17,11.183979988098145
2023-10-18,10.791887283325195
2023-10-19,10.661190032958984
2023-10-20,10.465143203735352
2023-10-23,10.343781471252441
2023-10-24,10.371787071228027
2023-10-25,10.343781471252441
2023-10-26,10.371787071228027
2023-10-27,10.138399124145508
2023-10-30,10.185076713562012
2023-10-31,10.250426292419434
2023-11-01,10.287769317626953
2023-11-02,10.511821746826172
2023-11-03,10.810559272766113
2023-11-06,10.586505889892578
2023-11-07,9.466239929199219
2023-11-08,9.568931579589844
2023-11-09,9.47557544708252
2023-11-10,9.298200607299805
2023-11-13,9.148832321166992
2023-11-14,9.52225399017334
2023-11-15,9.65295124053955
2023-11-16,9.354214668273926
2023-11-17,9.65295124053955
2023-11-20,9.64361572265625
2023-11-21,9.419563293457031
2023-11-22,9.428897857666016
2023-11-24,9.550259590148926
2023-11-27,9.774312973022461
2023-11-28,9.820991516113281
2023-11-29,9.979695320129395
2023-11-30,10.026372909545898
2023-12-01,10.43713665008545
2023-12-04,10.241089820861816
2023-12-05,10.231754302978516
2023-12-06,10.231754302978516
2023-12-07,10.194412231445312
2023-12-08,10.371787071228027
2023-12-11,10.353116989135742
2023-12-12,10.250426292419434
2023-12-13,10.651854515075684
2023-12-14,10.969263076782227
2023-12-15,10.717202186584473
2023-12-18,10.829229354858398
2023-12-19,11.118631362915039
2023-12-20,10.89457893371582
2023-12-21,11.109295845031738
2023-12-22,11.183979988098145
2023-12-26,11.230657577514648
2023-12-27,11.314678192138672
2023-12-28,11.277336120605469
2023-12-29,11.370691299438477
2024-01-02,11.352020263671875
2024-01-03,11.155973434448242
2024-01-04,11.109295845031738
2024-01-05,11.258665084838867
2024-01-08,11.473381996154785
2024-01-09,11.155973434448242
2024-01-10,11.034610748291016
2024-01-11,10.847900390625
2024-01-12,10.726537704467773
2024-01-16,10.698532104492188
2024-01-17,10.661190032958984
2024-01-18,10.80122184753418
2024-01-19,10.875906944274902
2024-01-22,10.950591087341309
2024-01-23,11.071953773498535
2024-01-24,11.043947219848633
2024-01-25,11.146637916564941
2024-01-26,11.137303352355957
2024-01-29,11.286670684814453
2024-01-30,11.268000602722168
2024-01-31,11.202651023864746
2024-02-01,11.482717514038086
2024-02-02,11.464046478271484
2024-02-05,11.342684745788574
2024-02-06,11.594743728637695
2024-02-07,11.548066139221191
2024-02-08,11.370691299438477
2024-02-09,11.286670684814453
2024-02-12,11.594743728637695
2024-02-13,11.034610748291016
2024-02-14,11.716106414794922
2024-02-15,11.52939510345459
2024-02-16,11.342684745788574
2024-02-20,11.146637916564941
2024-02-21,11.155973434448242
2024-02-22,11.137303352355957
2024-02-23,11.40803337097168
2024-02-26,11.211986541748047
2024-02-27,11.165307998657227
2024-02-28,11.118631362915039
2024-02-29,11.155973434448242
2024-03-01,11.258665084838867
2024-03-04,10.913249015808105
2024-03-05,10.997268676757812
2024-03-06,10.922584533691406
2024-03-07,11.025276184082031
2024-03-08,11.062618255615234
2024-03-11,11.296006202697754
2024-03-12,11.193315505981445
2024-03-13,11.464046478271484
2024-03-14,11.613414764404297
2024-03-15,11.520059585571289
2024-03-18,11.53873062133789
2024-03-19,11.622750282287598
2024-03-20,11.828132629394531
2024-03-21,11.996172904968262
2024-03-22,11.884145736694336
2024-03-25,11.68809986114502
2024-03-26,11.716106414794922
2024-03-27,12.09886360168457
2024-03-28,12.09886360168457
2024-04-01,11.874811172485352
2024-04-02,11.986837387084961
2024-04-03,12.126869201660156
2024-04-04,11.968165397644043
2024-04-05,11.968165397644043
2024-04-08,11.884145736694336
2024-04-09,12.257567405700684
2024-04-10,12.22022533416748
2024-04-11,12.09886360168457
2024-04-12,11.790790557861328
2024-04-15,11.856138229370117
2024-04-16,11.716106414794922
2024-04-17,11.53873062133789
2024-04-18,11.576072692871094
2024-04-19,11.492053031921387
2024-04-22,10.73587417602539
2024-04-23,10.810559272766113
2024-04-24,10.642518043518066
2024-04-25,10.623847961425781
2024-04-26,10.651854515075684
2024-04-29,10.950591087341309
2024-04-30,10.642518043518066
2024-05-01,10.577170372009277
2024-05-02,10.903914451599121
2024-05-03,10.717202186584473
2024-05-06,10.810559272766113
2024-05-07,11.109295845031738
2024-05-08,10.875906944274902
2024-05-09,11.025276184082031
2024-05-10,11.20028018951416
2024-05-13,11.141945838928223
2024-05-14,11.443342208862305
2024-05-15,11.511399269104004
2024-05-16,11.20028018951416
2024-05-17,11.132223129272461
2024-05-20,10.830826759338379
2024-05-21,10.684988975524902
2024-05-22,10.714158058166504
2024-05-23,10.383593559265137
2024-05-24,10.373870849609375
2024-05-28,10.334980964660645
2024-05-29,10.218311309814453
2024-05-30,10.305813789367676
2024-05-31,10.266923904418945
2024-06-03,10.101641654968262
2024-06-04,9.965527534484863
2024-06-05,10.014139175415039
2024-06-06,10.0238618850708
2024-06-07,10.0238618850708
2024-06-10,9.829412460327148
2024-06-11,9.683575630187988
2024-06-12,9.994694709777832
2024-06-13,10.111363410949707
2024-06-14,10.111363410949707
2024-06-17,10.150253295898438
2024-06-18,10.062751770019531
2024-06-20,9.897469520568848
2024-06-21,9.790522575378418
2024-06-24,9.916914939880371
2024-06-25,9.634963035583496
2024-06-26,9.87802505493164
2024-06-27,9.90719223022461
2024-06-28,9.848857879638672
2024-07-01,9.489127159118652
2024-07-02,9.479403495788574
2024-07-03,9.644685745239258
2024-07-05,9.38217830657959
2024-07-08,9.40162467956543
2024-07-09,9.207175254821777
2024-07-10,9.31412124633789
2024-07-11,9.741910934448242
2024-07-12,9.80024528503418
2024-07-15,9.955804824829102
2024-07-16,10.286368370056152
2024-07-17,10.364147186279297
2024-07-18,10.179421424865723
2024-07-19,10.13080883026123
2024-07-22,9.994694709777832
2024-07-23,9.790522575378418
2024-07-24,9.605795860290527
2024-07-25,9.955804824829102
2024-07-26,10.111363410949707
2024-07-29,9.83913516998291
2024-07-30,9.887747764587402
2024-07-31,10.354425430297852
2024-08-01,9.80024528503418
2024-08-02,9.625240325927734
2024-08-05,9.479403495788574
2024-08-06,9.33356761932373
2024-08-07,9.304398536682129
2024-08-08,9.576628684997559
2024-08-09,9.411347389221191
2024-08-12,9.187729835510254
2024-08-13,9.353011131286621
2024-08-14,9.40162467956543
2024-08-15,9.741910934448242
2024-08-16,9.566905975341797
2024-08-19,9.683575630187988
2024-08-20,9.518293380737305
2024-08-21,9.848857879638672
2024-08-22,9.771078109741211
2024-08-23,9.916914939880371
2024-08-26,9.955804824829102
2024-08-27,9.858579635620117
2024-08-28,9.771078109741211
2024-08-29,9.829412460327148
2024-08-30,10.05302906036377
2024-09-03,9.809967994689941
2024-09-04,9.829412460327148
2024-09-05,9.848857879638672
2024-09-06,9.790522575378418
2024-09-09,10.228034019470215
2024-09-10,9.946081161499023
2024-09-11,9.887747764587402
2024-09-12,9.780800819396973
2024-09-13,10.062751770019531
2024-09-16,9.994694709777832
2024-09-17,10.208588600158691
2024-09-18,10.286368370056152
2024-09-19,10.646099090576172
2024-09-20,10.52942943572998
2024-09-23,10.500263214111328
2024-09-24,10.937773704528809
2024-09-25,10.655821800231934
2024-09-26,10.918327331542969
2024-09-27,11.01555347442627
2024-09-30,10.791936874389648
2024-10-01,10.791936874389648
2024-10-02,10.772491455078125
2024-10-03,10.578042030334473
2024-10-04,10.694711685180664
2024-10-07,10.782214164733887
2024-10-08,10.675267219543457
2024-10-09,10.850271224975586
2024-10-10,10.811381340026855
2024-10-11,10.937773704528809
2024-10-14,10.830826759338379
2024-10-15,10.655821800231934
2024-10-16,10.840548515319824
2024-10-17,10.791936874389648
2024-10-18,10.850271224975586
2024-10-21,10.665544509887695
2024-10-22,10.675267219543457
2024-10-23,10.743324279785156
2024-10-24,10.86971664428711
2024-10-25,10.889161109924316
2024-10-28,11.09333324432373
2024-10-29,10.9863862991333
2024-10-30,10.94749641418457
2024-10-31,10.918327331542969
2024-11-01,10.94749641418457
2024-11-04,10.86971664428711
2024-11-05,10.937773704528809
2024-11-06,11.258615493774414
2024-11-07,11.307228088378906
2024-11-08,10.364147186279297
2024-11-11,10.422483444213867
2024-11-12,9.975249290466309
2024-11-13,9.771078109741211
2024-11-14,10.364147186279297
2024-11-15,10.597487449645996
2024-11-18,10.684988975524902
2024-11-19,10.762768745422363
2024-11-20,11.083609580993652
2024-11-21,11.589178085327148
2024-11-22,11.812795639038086
2024-11-25,12.298917770385742
2024-11-26,12.036412239074707
2024-11-27,12.191971778869629
2024-11-29,12.211417198181152
2024-12-02,12.026689529418945
2024-12-03,12.026689529418945
2024-12-04,11.900298118591309
2024-12-05,11.608623504638672
2024-12-06,11.647513389587402
2024-12-09,11.72529411315918
2024-12-10,11.72529411315918
2024-12-11,11.68640422821045
2024-12-12,11.423896789550781
2024-12-13,11.49195384979248
2024-12-16,11.268338203430176
2024-12-17,11.278059959411621
2024-12-18,10.733601570129395
2024-12-19,10.694711685180664
2024-12-20,10.830826759338379
2024-12-23,10.889161109924316
2024-12-24,10.879438400268555
2024-12-26,10.957218170166016
2024-12-27,10.976663589477539
2024-12-30,10.898883819580078
2024-12-31,11.01555347442627
2025-01-02,10.782214164733887
2025-01-03,10.889161109924316
2025-01-06,11.044719696044922
2025-01-07,11.064166069030762
2025-01-08,10.937773704528809
2025-01-10,11.005830764770508
2025-01-13,11.346117973327637
2025-01-14,11.326671600341797
2025-01-15,11.316949844360352
2025-01-16,11.715570449829102
2025-01-17,11.929465293884277
2025-01-21,12.357254028320312
2025-01-22,12.337808609008789
2025-01-23,12.473922729492188
2025-01-24,12.60031509399414
2025-01-27,12.794764518737793
2025-01-28,12.794764518737793
2025-01-29,12.726707458496094
2025-01-30,12.862821578979492
2025-01-31,12.52253532409668
2025-02-03,12.211417198181152
2025-02-04,12.37669849395752
2025-02-05,12.221138000488281
2025-02-06,11.841962814331055
2025-02-07,12.055856704711914
2025-02-10,11.958632469177246
2025-02-11,11.939188003540039
2025-02-12,12.18224811553955
2025-02-13,12.114192008972168
2025-02-14,12.454479217529297
2025-02-18,12.930878639221191
2025-02-19,13.08643913269043
2025-02-20,12.940601348876953
2025-02-21,12.619759559631348
2025-02-24,12.687817573547363
2025-02-25,12.435032844543457
2025-02-26,12.37669849395752
2025-02-27,12.386420249938965
2025-02-28,12.52253532409668
2025-03-03,11.812795639038086
2025-03-04,11.443342208862305
2025-03-05,11.66695785522461
2025-03-06,12.357254028320312
2025-03-07,13.018381118774414
2025-03-10,13.16421890258789
2025-03-11,12.7461519241333
2025-03-12,12.415589332580566
2025-03-13,12.20169448852539
2025-03-14,12.571148872375488
2025-03-17,12.901711463928223
2025-03-18,12.658650398254395
2025-03-19,12.571148872375488
2025-03-20,12.590592384338379
2025-03-21,12.18224811553955
2025-03-24,12.425310134887695
2025-03-25,12.0850248336792
2025-03-26,12.298917770385742
2025-03-27,12.396142959594727
2025-03-28,11.851685523986816
2025-03-31,11.939188003540039
2025-04-01,12.114192008972168
2025-04-02,11.997522354125977
2025-04-03,10.957218170166016
2025-04-04,10.422483444213867
2025-04-07,10.50998592376709
2025-04-08,10.033584594726562
2025-04-09,11.287781715393066
2025-04-10,10.879438400268555
2025-04-11,11.219725608825684
2025-04-14,11.297504425048828
2025-04-15,11.23917007446289
2025-04-16,10.791936874389648
2025-04-17,10.811381340026855
2025-04-21,10.646099090576172
2025-04-22,10.966940879821777
2025-04-23,10.9863862991333
2025-04-24,11.472509384155273
2025-04-25,11.316949844360352
2025-04-28,11.404451370239258
2025-04-29,11.287781715393066
2025-04-30,11.248891830444336
2025-05-01,12.065579414367676
2025-05-02,12.055856704711914
2025-05-05,12.075302124023438
2025-05-06,12.036412239074707
2025-05-07,11.861408233642578
2025-05-08,12.260027885437012
2025-05-09,12.415589332580566
2025-05-12,12.930878639221191
2025-05-13,12.998936653137207
2025-05-14,12.960046768188477
2025-05-15,13.02810287475586
2025-05-16,13.290610313415527
2025-05-19,13.290610313415527
2025-05-20,13.232275009155273
2025-05-21,12.727151870727539
2025-05-22,12.836099624633789
2025-05-23,12.638011932373047
2025-05-27,12.826194763183594
2025-05-28,12.727151870727539
2025-05-29,12.529062271118164
2025-05-30,12.390401840209961
2025-06-02,12.281453132629395
2025-06-03,12.439924240112305
2025-06-04,12.321070671081543
2025-06-05,12.43001937866211
2025-06-06,12.608298301696777
2025-06-09,12.727151870727539
2025-06-10,12.756864547729492
2025-06-11,12.816289901733398
2025-06-12,12.657819747924805
2025-06-13,12.449827194213867
2025-06-16,12.855907440185547
2025-06-17,12.628107070922852
2025-06-18,12.697437286376953
2025-06-20,12.667724609375
2025-06-23,12.608298301696777
2025-06-24,12.756864547729492
2025-06-25,12.479541778564453
2025-06-26,12.77667236328125
2025-06-27,12.90542984008789
2025-06-30,12.836099624633789
2025-07-01,13.232275009155273
2025-07-02,13.628451347351074
2025-07-03,13.559120178222656
2025-07-07,13.34122371673584
2025-07-08,13.569025039672852
2025-07-09,13.559120178222656
2025-07-10,13.668068885803223
2025-07-11,13.331319808959961
2025-07-14,13.212467193603516
2025-07-15,12.994569778442383
2025-07-16,12.786577224731445
2025-07-17,12.846004486083984
2025-07-18,12.836099624633789
2025-07-21,12.53896713256836
2025-07-22,12.93514347076416
2025-07-23,13.252084732055664
2025-07-24,13.083709716796875
2025-07-25,13.182753562927246
2025-07-28,12.865812301635742
2025-07-29,12.68753433227539
2025-07-30,12.509254455566406
2025-07-31,12.836099624633789
2025-08-01,12.350784301757812
2025-08-04,12.410209655761719
2025-08-05,12.499349594116211
2025-08-06,12.301261901855469
2025-08-07,12.321070671081543
2025-08-08,12.311166763305664
2025-08-11,12.350784301757812
2025-08-12,12.400306701660156
2025-08-13,12.707342147827148
2025-08-14,12.033843040466309
2025-08-15,12.073460578918457
2025-08-18,12.083365440368652
2025-08-19,12.113078117370605
2025-08-20,12.063556671142578
2025-08-21,11.85556411743164
2025-08-22,12.251739501953125
2025-08-25,12.113078117370605
2025-08-26,11.954607963562012
2025-08-27,11.954607963562012
2025-08-28,11.815946578979492
2025-08-29,11.340535163879395
2025-09-02,11.092925071716309
2025-09-03,11.1127347946167
2025-09-04,11.251395225524902
2025-09-05,11.35044002532959
2025-09-08,11.390057563781738
2025-09-09,11.22168254852295
2025-09-10,11.132542610168457
2025-09-11,11.1127347946167
2025-09-12,10.865124702453613
2025-09-15,10.775984764099121
2025-09-16,10.825507164001465
2025-09-17,10.746272087097168
2025-09-18,10.983977317810059
2025-09-19,10.865124702453613
2025-09-22,10.894837379455566
2025-09-23,10.855219841003418
2025-09-24,10.766079902648926
2025-09-25,10.696749687194824
2025-09-26,10.775984764099121
2025-09-29,10.805697441101074
2025-09-30,10.746272087097168
2025-10-01,10.459044456481934
2025-10-02,10.736367225646973
2025-10-03,10.805697441101074
2025-10-06,10.855219841003418
2025-10-07,10.855219841003418
2025-10-08,10.577897071838379
2025-10-09,10.389713287353516
2025-10-10,10.00344181060791
2025-10-13,9.963824272155762
2025-10-14,10.161911964416504
2025-10-15,10.14210319519043
2025-10-16,10.350095748901367
2025-10-17,10.340190887451172
2025-10-20,10.40952205657959
2025-10-21,10.54818344116211
2025-10-22,10.508565902709961
2025-10-23,10.686844825744629
2025-10-24,10.67694091796875
2025-10-27,10.726462364196777
2025-10-28,10.498661994934082
2025-10-29,10.51846981048584
2025-10-30,10.28076457977295
2025-10-31,10.389713287353516
2025-11-03,10.310478210449219
2025-11-04,10.201529502868652
2025-11-05,10.369904518127441
2025-11-06,10.161911964416504
2025-11-07,9.567647933959961
2025-11-10,9.537935256958008
2025-11-11,9.785545349121094
2025-11-12,10.231243133544922
2025-11-13,10.00344181060791
2025-11-14,9.953920364379883
2025-11-17,9.666692733764648
2025-11-18,9.419082641601562
2025-11-19,9.49831771850586
2025-11-20,9.310133934020996
2025-11-21,9.597360610961914
2025-11-24,9.458700180053711
2025-11-25,9.6270751953125
2025-11-26,9.310133934020996
2025-11-28,9.339847564697266
2025-12-01,9.230897903442383
2025-12-02,9.191280364990234
2025-12-03,9.409177780151367
2025-12-04,9.379465103149414
2025-12-05,9.349751472473145
2025-12-08,9.151662826538086
2025-12-09,9.270516395568848
2025-12-10,9.726118087768555
2025-12-11,9.825162887573242
2025-12-12,9.805353164672852
2025-12-15,9.478507995605469
2025-12-16,9.537935256958008
2025-12-17,9.488412857055664
2025-12-18,9.557743072509766
2025-12-19,9.518125534057617
2025-12-22,9.32994270324707
2025-12-23,9.270516395568848
2025-12-24,9.300230026245117
2025-12-26,9.349751472473145
2025-12-29,9.300230026245117
2025-12-30,9.250707626342773
2025-12-31,9.131855010986328
2026-01-02,9.260612487792969
2026-01-05,9.557743072509766
2026-01-06,9.944015502929688
2026-01-07,9.805353164672852
2026-01-08,10.211434364318848
2026-01-09,10.092580795288086
2026-01-12,10.161911964416504
2026-01-13,10.350095748901367
2026-01-14,10.726462364196777
2026-01-15,10.716558456420898
2026-01-16,10.81560230255127
2026-01-20,10.528374671936035
2026-01-21,10.904742240905762
2026-01-22,10.94435977935791
2026-01-23,10.775984764099121
2026-01-26,10.825507164001465
2026-01-27,10.696749687194824
2026-01-28,10.657132148742676
2026-01-29,10.746272087097168
2026-01-30,10.657132148742676
2026-02-02,10.855219841003418
2026-02-03,11.1127347946167
2026-02-04,11.845659255981445
2026-02-05,11.815946578979492
2026-02-06,12.241835594177246
2026-02-09,12.251739501953125
2026-02-10,12.271549224853516
2026-02-11,12.677629470825195
2026-02-12,12.568680763244629
2026-02-13,12.628107070922852
2026-02-17,12.96485710144043
2026-02-18,12.548871994018555
2026-02-19,12.855907440185547
2026-02-20,12.93514347076416
2026-02-23,12.608298301696777
2026-02-24,12.628107070922852
2026-02-25,12.231931686401367
2026-02-26,12.033843040466309
2026-02-27,12.182409286499023
2026-03-02,12.212121963500977
2026-03-03,11.944704055786133
2026-03-04,11.786232948303223
2026-03-05,11.29101276397705
2026-03-06,11.043402671813965
2026-03-09,11.033499717712402
2026-03-10,10.92455005645752
2026-03-11,10.875028610229492
2026-03-12,10.64722728729248
2026-03-13,10.54818344116211
2026-03-16,10.419426918029785
2026-03-17,10.51846981048584
2026-03-18,10.023250579833984
2026-03-19,9.983633041381836
2026-03-20,9.844970703125
2026-03-23,10.350095748901367
2026-03-24,10.637323379516602
2026-03-25,11.05330753326416
2026-03-26,10.855219841003418
2026-03-27,10.617514610290527
2026-03-30,10.300573348999023
2026-03-31,10.894837379455566
2026-04-01,10.914647102355957
2026-04-02,10.54818344116211
2026-04-06,10.627418518066406
2026-04-07,10.597705841064453
2026-04-08,11.320727348327637
2026-04-09,11.518815040588379
2026-04-10,11.45938777923584
2026-04-13,11.469292640686035
2026-04-14,11.380152702331543
2026-04-15,10.53827953338623
2026-04-16,10.310478210449219
2026-04-17,10.488757133483887
2026-04-20,10.736367225646973
2026-04-21,10.686844825744629
2026-04-22,10.369904518127441
2026-04-23,10.399617195129395
2026-04-24,10.152008056640625
2026-04-27,10.152008056640625
2026-04-28,9.944015502929688
2026-04-29,9.983633041381836
2026-04-30,10.607609748840332
2026-05-01,10.37980842590332
2026-05-04,10.122294425964355
2026-05-05,10.221338272094727
2026-05-06,10.716558456420898
2026-05-07,10.736367225646973
2026-05-08,10.855219841003418
2026-05-11,10.865124702453613
2026-05-12,10.637323379516602
2026-05-13,10.657132148742676
2026-05-14,10.567992210388184
2026-05-15,10.330286979675293
2026-05-18,10.399617195129395
2026-05-19,10.132198333740234
2026-05-20,10.359999656677246
2026-05-21,10.149999618530273
2026-05-22,10.109999656677246
2026-05-26,10.25
2026-05-27,10.520000457763672
2026-05-28,10.460000038146973
2026-05-29,10.210000038146973
2026-06-01,9.850000381469727
2026-06-02,10.949999809265137
2026-06-03,11.039999961853027
2026-06-04,10.850000381469727
2026-06-05,10.75
2026-06-08,10.680000305175781
2026-06-09,10.739999771118164
2026-06-10,10.180000305175781
2026-06-11,10.359999656677246
2026-06-12,10.600000381469727
2026-06-15,10.670000076293945
2026-06-16,10.510000228881836
2026-06-17,10.279999732971191
2026-06-18,10.460000038146973
2026-06-22,10.380000114440918
2026-06-23,9.989999771118164
2026-06-24,10.3100004196167
2026-06-25,10.930000305175781
2026-06-26,11.029999732971191
2026-06-29,11.390000343322754
2026-06-30,11.229999542236328
2026-07-01,10.920000076293945
2026-07-02,10.720000267028809
2026-07-06,10.869999885559082
2026-07-07,10.430000305175781
2026-07-08,10.270000457763672
2026-07-09,10.279999732971191
2026-07-10,10.449999809265137
2026-07-13,10.420000076293945
2026-07-14,10.420000076293945
2026-07-15,10.569999694824219
2026-07-16,10.600000381469727
2026-07-17,10.640000343322754
2026-07-20,10.329999923706055
2026-07-21,10.350000381469727
2026-07-22,10.699999809265137
2026-07-23,10.619999885559082
