year,ft,doc_id,last,first,date,ptype,tk,amount,asset
2014,T,10004256,Cantor,Eric Ivan,01/16/2014,P,MOO,"$1,001 - $15,000",Market Vectors Agribusiness ETF (MOO)
2014,T,10004256,Cantor,Eric Ivan,01/16/2014,P,PSEC,"$1,001 - $15,000",Prospect Capital Corporation (PSEC)
2014,T,10004256,Cantor,Eric Ivan,01/16/2014,P,SRLN,"$15,001 - $50,000",SPDR Blackstone GSO Senior Loan ETF (SRLN)
2014,O,10005281,Doggett,Lloyd,12/27/2014,S,DLS,"$15,001 - $50,000",WisdomTree Intl Small Cap Dividend (DLS)
2014,O,10005281,Doggett,Lloyd,05/24/2014,S,DLS,"$15,001 - $50,000",WisdomTree Intl Small Cap Dividend (DLS)
2014,O,10005400,DelBene,Suzan K.,12/29/2014,P,HEDJ,"$250,001 - $500,000",WisdomTree Europe Hedged Equity Fund (HEDJ)
2014,O,10005422,Barletta,Lou,11/14/2014,S,BBH,"$15,001 - $50,000",american Enterprise 7802 ⇒ Market Vectors Biotech ETF (BBH)
2014,O,10005422,Barletta,Lou,08/18/2014,P,IXP,"$1,001 - $15,000",american Enterprise 9039 ⇒ iShares Global Telecom ETF (IXP)
2014,O,10005422,Barletta,Lou,06/23/2014,S,BBH,"$1,001 - $15,000","S $15,001 - $50,000 american Enterprise 9039 ⇒ Market Vectors Biotech ETF (BBH)"
2014,O,10005422,Barletta,Lou,09/25/2014,S,BBH,"$15,001 - $50,000",american Enterprise 9039 ⇒ Market Vectors Biotech ETF (BBH)
2014,O,10005422,Barletta,Lou,08/19/2014,P,IXP,"$1,001 - $15,000",american Enterprise IRa 3851 ⇒ iShares Global Telecom ETF (IXP)
2014,O,10005422,Barletta,Lou,01/31/2014,S,IDV,"$1,001 - $15,000",LPL account 0930 ⇒ iShares International Select Dividend ETF (IDV)
2014,O,10005494,Hanna,Richard L.,05/30/2014,E,DNOW,"$1,001 - $15,000",Investment Account ⇒ NOW Inc. (DNOW)
2014,O,10005494,Hanna,Richard L.,06/27/2014,E,RYAM,"$15,001 - $50,000",Investment Account ⇒ Rayonier Advanced Materials Inc. (RYAM)
2014,O,10005496,Rokita,Todd,09/23/2014,S,BWX,"$1,001 - $15,000","P $1,001 - $15,000 IRA ⇒ SPDR Barclays Intl Treasury Bd (BWX)"
2014,O,10005577,Frankel,Lois,01/27/2014,S,OIL,"$1,001 - $15,000",Morgan Stanley IRA - X140 ⇒ Barclays Bank Plc iPath Exchange Traded Notes Linked to Goldman Sachs Crude Oil Total Return (OIL)
2014,O,10005577,Frankel,Lois,03/17/2014,P,KMR,"$1,001 - $15,000","Morgan Stanley IRA - X140 ⇒ Kinder Morgan Management, LLC (KMR)"
2014,O,10005577,Frankel,Lois,02/27/2014,P,CMCSK,"$1,001 - $15,000",Morgan Stanley IRA - X141 ⇒ Comcast Corporation - Class A Special (CMCSK)
2014,O,10005712,Williams,Roger,05/21/2014,S,COH,"$1,001 - $15,000","$50,001 - $100,000 Edward Jones Brokerage account ⇒ Coach, Inc. (COH)"
2014,O,10005712,Williams,Roger,02/25/2014,S,TWTR,"$1,001 - $15,000","(partial) $15,001 - $50,000 Edward Jones Brokerage account ⇒ Twitter, Inc. (TWTR)"
2014,O,10005712,Williams,Roger,02/20/2014,S,TWTR,"$15,001 - $50,000","Edward Jones Brokerage account ⇒ Twitter, Inc. (TWTR)"
2014,O,10005741,Welch,Peter,10/16/2014,P,IYT,"$100,001 - $250,000","S $1,001 - $15,000 Welch account ⇒ iShares Transportation averageETF (IYT)"
2014,O,10005741,Welch,Peter,10/27/2014,S,IYT,"$100,001 - $250,000",Welch account ⇒ iShares Transportation averageETF (IYT)
2014,O,10005816,Roskam,Peter J.,06/27/2014,S,IYZ,"$1,001 - $15,000",iShares S&P Mid-Cap 400 Value ETF (IJJ) ER - TR ⇒ iShares U.S. Telecommunications ETF (IYZ)
2014,O,10005816,Roskam,Peter J.,06/27/2014,S,XBI,"$1,001 - $15,000",ER - TR ⇒ SPDR Series Trust SPDR S&P Biotech ETF (XBI)
2014,O,10005842,Pallone,Frank,03/18/2014,P,PFF,"$1,001 - $15,000",Spouse GST Trust #2 ⇒ iShares US Preferred Stock (PFF)
2014,O,10005842,Pallone,Frank,11/21/2014,P,XRT,"$1,001 - $15,000",Spouse GST Trust #2 ⇒ SPDR S&P 500 Trust (XRT)
2014,O,10005842,Pallone,Frank,12/10/2014,S,KBE,"$1,001 - $15,000",Spouse GST Trust #2 ⇒ SPDR S&P Bank (KBE)
2014,O,10006038,Foxx,Virginia,01/10/2014,P,NRP,"$15,001 - $50,000",Natural Resource Partners LP Limited Partnership (NRP)
2014,O,10006661,Burgess,Michael C.,03/10/2014,S,IYZ,"$1,001 - $15,000",10/23/2014 S $121 iShares U.S. Telecommunications ETF (IYZ)
2014,O,10006675,Schiff,Adam B.,06/19/2014,S,PAA,"$1,001 - $15,000","Plains All American Pipeline, L.P. (PAA)"
2014,O,10006866,Holding,George,01/28/2014,S,BMY,"$15,001 - $50,000","S (partial) $15,001 - $50,000 Bristol-Myers Squibb Company (BMY)"
2014,O,10006866,Holding,George,01/28/2014,S,CVX,"$15,001 - $50,000",Chevron Corporation (CVX)
2014,O,10006866,Holding,George,01/28/2014,S,IBM,"$15,001 - $50,000","S (partial) $15,001 - $50,000 International Business Machines Corporation (IBM)"
2014,O,10006866,Holding,George,01/28/2014,S,JNJ,"$15,001 - $50,000",Johnson & Johnson (JNJ)
2014,O,10007077,Heck,Denny,10/31/2014,E,HYH,"$1,001 - $15,000","SactionS MORGAN STANLEY - JT TEN ⇒ Halyard Health, Inc. (HYH)"
2014,O,10007125,Harris,Andy,06/24/2014,S,JOSB,"$15,001 - $50,000","12/1/2014 P $15,001 - $50,000 Jos. A. Bank Clothiers, Inc. (JOSB)"
2014,O,10007145,Meadows,Mark R,03/21/2014,S,GE,"$15,001 - $50,000",Edward Jones Employee Pension account ⇒ General Electric Company (GE)
2014,O,10007145,Meadows,Mark R,03/21/2014,S,TRMB,"$15,001 - $50,000",Edward Jones Employee Pension account ⇒ Trimble Navigation Limited (TRMB)
2014,O,10007145,Meadows,Mark R,03/21/2014,S,RTN,"$15,001 - $50,000",Edward Jones Mary Kay 401K Plan ⇒ Raytheon Company (RTN)
2014,O,10007148,Yarmuth,John A.,08/20/2014,S,AXP,"$1,001 - $15,000",American Express Company (AXP)
2014,O,10007148,Yarmuth,John A.,10/15/2014,P,AXS,"$1,001 - $15,000",Axis Capital Holdings Limited (AXS)
2014,O,10007148,Yarmuth,John A.,08/11/2014,P,COF,"$1,001 - $15,000","Income Tx. > $1,000? Capital One Financial Corporation (COF)"
2014,O,10007148,Yarmuth,John A.,08/11/2014,S,CB,"$1,001 - $15,000",Chubb Corporation (CB)
2014,O,10007148,Yarmuth,John A.,08/20/2014,S,DE,"$1,001 - $15,000",Deere & Company (DE)
2014,O,10007148,Yarmuth,John A.,08/11/2014,P,EWBC,"$1,001 - $15,000","10/1/2014 S $1,001 - $15,000 East West Bancorp, Inc. (EWBC)"
2014,O,10007148,Yarmuth,John A.,08/11/2014,P,GILD,"$1,001 - $15,000","Gilead Sciences, Inc. (GILD)"
2014,O,10007148,Yarmuth,John A.,08/11/2014,S,IBM,"$1,001 - $15,000",International Business Machines Corporation (IBM)
2014,O,10007148,Yarmuth,John A.,08/11/2014,P,MYL,"$1,001 - $15,000",Mylan N.V. (MYL)
2014,O,10007148,Yarmuth,John A.,08/11/2014,P,PKG,"$1,001 - $15,000","08/5/2014 P $1,001 - $15,000 Packaging Corporation of America (PKG)"
2014,O,10007148,Yarmuth,John A.,08/11/2014,P,SNDK,"$1,001 - $15,000",SanDisk Corporation (SNDK)
2014,O,10007148,Yarmuth,John A.,08/11/2014,P,SLB,"$1,001 - $15,000",Schlumberger N.V. (SLB)
2014,O,10007148,Yarmuth,John A.,08/11/2014,P,USB,"$1,001 - $15,000","S (partial) $1,001 - $15,000 U.S. Bancorp (USB)"
2014,O,10007148,Yarmuth,John A.,08/20/2014,P,UNP,"$1,001 - $15,000","08/7/2014 S $1,001 - $15,000 Union Pacific Corporation (UNP)"
2014,O,10007148,Yarmuth,John A.,08/11/2014,P,URI,"$1,001 - $15,000","United Rentals, Inc. (URI)"
2014,O,10007148,Yarmuth,John A.,08/11/2014,S,WAG,"$1,001 - $15,000","S (partial) $1,001 - $15,000 Walgreen Co. (WAG)"
2014,O,10007409,Yoder,Kevin,08/15/2014,P,ACMP,"$1,001 - $15,000","SactionS Access Midstream Partners, L.P. Common Units Representing Limited Partner Interests (ACMP)"
2014,O,10007409,Yoder,Kevin,08/15/2014,P,ETE,"$1,001 - $15,000","$1,001 - $15,000 Energy Transfer Equity, L.P. Energy Transfer Equity, L.P. Common Units representing Limited Partnership interests (ETE)"
2014,O,10007409,Yoder,Kevin,08/15/2014,P,OKS,"$1,001 - $15,000","ONEOK Partners, L.P. (OKS)"
2014,O,10007409,Yoder,Kevin,08/15/2014,P,NGLS,"$1,001 - $15,000",Targa Resources Partners LP Common Units Representing Limited Partnership Interests (NGLS)
2014,O,10007409,Yoder,Kevin,08/15/2014,P,TLLP,"$1,001 - $15,000",Tesoro Logistics LP Common Units representing Limited Partner Interests (TLLP)
2014,O,10007433,Gutierrez,Luis V.,05/21/2014,P,SCHH,"$15,001 - $50,000",Charles Schwab #1-72 ⇒ Sch US Reit (SCHH)
2014,O,10007433,Gutierrez,Luis V.,05/22/2014,S,SCHH,"$15,001 - $50,000",Charles Schwab #1-72 ⇒ Sch US Reit (SCHH)
2014,O,10007433,Gutierrez,Luis V.,06/11/2014,P,SCHH,"$15,001 - $50,000",Charles Schwab #4-11 ⇒ SCH US REIT ETF (SCHH)
2014,O,10007433,Gutierrez,Luis V.,06/18/2014,S,SCHH,"$15,001 - $50,000",Charles Schwab #4-11 ⇒ SCH US REIT ETF (SCHH)
2014,O,10007433,Gutierrez,Luis V.,03/11/2014,P,SCHH,"$15,001 - $50,000",Charles Schwab #5-14 ⇒ SCH US REIT (SCHH)
2014,O,10007433,Gutierrez,Luis V.,03/18/2014,P,SCHH,"$15,001 - $50,000",Charles Schwab #5-14 ⇒ SCH US REIT (SCHH)
2014,O,10007433,Gutierrez,Luis V.,04/17/2014,P,SCHH,"$15,001 - $50,000","P $15,001 - $50,000 Charles Schwab #5-14 ⇒ SCH US REIT (SCHH)"
2014,O,10007433,Gutierrez,Luis V.,04/28/2015,P,SCHH,"$15,001 - $50,000",Charles Schwab #5-14 ⇒ SCH US REIT (SCHH)
2014,O,10007433,Gutierrez,Luis V.,04/29/2014,P,SCHH,"$15,001 - $50,000",Charles Schwab #5-14 ⇒ SCH US REIT (SCHH)
2014,O,10007433,Gutierrez,Luis V.,05/12/2014,P,SCHH,"$15,001 - $50,000","P $15,001 - $50,000 Charles Schwab #5-14 ⇒ SCH US REIT (SCHH)"
2014,O,10007433,Gutierrez,Luis V.,05/23/2014,P,SCHH,"$15,001 - $50,000",Charles Schwab #5-14 ⇒ SCH US REIT (SCHH)
2014,O,10007433,Gutierrez,Luis V.,05/27/2014,S,SCHH,"$15,001 - $50,000",Charles Schwab #5-14 ⇒ SCH US REIT (SCHH)
2014,O,10007433,Gutierrez,Luis V.,05/28/2014,P,SCHH,"$15,001 - $50,000",Charles Schwab #5-14 ⇒ SCH US REIT (SCHH)
2014,O,10007433,Gutierrez,Luis V.,06/10/2014,P,SCHH,"$50,001 - $100,000","$50,001 - $100,000 Charles Schwab #5-14 ⇒ SCH US REIT (SCHH)"
2014,O,10007433,Gutierrez,Luis V.,07/14/2014,S,SCHH,"$50,001 - $100,000","$100,001 - $250,000 Charles Schwab #5-14 ⇒ SCH US REIT (SCHH)"
2014,O,10007433,Gutierrez,Luis V.,07/22/2014,S,SCHH,"$15,001 - $50,000",Charles Schwab #5-14 ⇒ SCH US REIT (SCHH)
2014,O,10007433,Gutierrez,Luis V.,08/14/2014,P,SCHH,"$15,001 - $50,000",Charles Schwab #5-14 ⇒ SCH US REIT (SCHH)
2014,O,10007433,Gutierrez,Luis V.,08/19/2014,S,SCHH,"$15,001 - $50,000",Charles Schwab #5-14 ⇒ SCH US REIT (SCHH)
2014,O,10007433,Gutierrez,Luis V.,09/18/2014,P,SCHH,"$50,001 - $100,000",Charles Schwab #5-14 ⇒ SCH US REIT (SCHH)
2014,O,10007433,Gutierrez,Luis V.,09/23/2014,P,SCHH,"$15,001 - $50,000",Charles Schwab #5-14 ⇒ SCH US REIT (SCHH)
2014,O,10007433,Gutierrez,Luis V.,10/16/2014,S,SCHH,"$250,001 - $500,000",Charles Schwab #5-14 ⇒ SCH US REIT (SCHH)
2014,O,10007433,Gutierrez,Luis V.,12/18/2014,S,SCHH,"$15,001 - $50,000","P $1,001 - $15,000 Charles Schwab #5-14 ⇒ SCH US REIT (SCHH)"
2014,O,10007628,Hinojosa,Rubén,05/15/2014,P,BWX,"$1,001 - $15,000",Kaitlin ⇒ SPDR Barclays Intl Treasury Bd (BWX)
2014,O,10007628,Hinojosa,Rubén,10/21/2014,P,IHE,"$1,001 - $15,000",Marty SEP ⇒ iShares U.S. Pharmaceutical ETF (IHE)
2014,O,10007628,Hinojosa,Rubén,10/21/2014,P,TTFS,"$1,001 - $15,000",Marty SEP ⇒ TrimTabs Float Shrink ETF (TTFS)
2014,O,10008118,Grijalva,Raúl M.,07/30/2014,S,SDRL,"$1,001 - $15,000",Seadrill Limited Ordinary Shares (SDRL)
2014,A,10008206,Barletta,Lou,01/31/2014,S,VZ,"$1,001 - $15,000",LPL Account 0930 ⇒ Verizon Communications Inc. (VZ)
2014,A,10008314,Heck,Denny,02/21/2014,P,VZ,"$1,001 - $15,000","S $15,001 - $50,000 MORGAN STANLEY SUPER SIMPLE 401(k) ⇒ Verizon Communications Inc. (VZ)"
2014,O,10008333,LoBiondo,Frank A.,09/26/2014,P,QCOM,"$1,001 - $15,000",Wells Fargo (IRA) ⇒ QUALCOMM Incorporated (QCOM)
2014,O,10008410,Scott,Austin,01/17/2014,S,BBY,"$1,001 - $15,000","Best Buy Co., Inc. (BBY) James A Scott IRA ⇒ Best Buy Co., Inc. (BBY)"
2014,O,10008410,Scott,Austin,01/27/2014,S,BBY,"$1,001 - $15,000","James A Scott IRA ⇒ Best Buy Co., Inc. (BBY)"
2014,O,10008410,Scott,Austin,01/16/2014,P,CRUS,"$1,001 - $15,000","S $1,001 - $15,000 James A Scott IRA ⇒ Cirrus Logic, Inc. (CRUS)"
2014,O,10008410,Scott,Austin,01/29/2014,P,CRUS,"$1,001 - $15,000","James A Scott IRA ⇒ Cirrus Logic, Inc. (CRUS)"
2014,O,10008410,Scott,Austin,02/12/2014,S,CRUS,"$1,001 - $15,000","James A Scott IRA ⇒ Cirrus Logic, Inc. (CRUS)"
2014,O,10008410,Scott,Austin,02/14/2014,S,CRUS,"$1,001 - $15,000","James A Scott IRA ⇒ Cirrus Logic, Inc. (CRUS)"
2014,O,10008410,Scott,Austin,04/10/2014,S,SIRI,"$15,001 - $50,000","P $15,001 - $50,000 James A Scott IRA ⇒ Sirius XM Holdings Inc. (SIRI)"
2014,O,10008410,Scott,Austin,01/17/2014,P,BBY,"$15,001 - $50,000","Vivien G Scott IRA ⇒ Best Buy Co., Inc. (BBY)"
2014,O,10008410,Scott,Austin,06/17/2014,S,BBY,"$1,001 - $15,000","Vivien G Scott IRA ⇒ Best Buy Co., Inc. (BBY)"
2014,O,10008410,Scott,Austin,09/10/2014,S,BBY,"$15,001 - $50,000","Vivien G Scott IRA ⇒ Best Buy Co., Inc. (BBY)"
2014,O,10008410,Scott,Austin,06/17/2014,S,CAT,"$1,001 - $15,000","Vivien G Scott IRA ⇒ Caterpillar, Inc. (CAT)"
2014,O,10008410,Scott,Austin,10/10/2014,S,CAT,"$15,001 - $50,000","Vivien G Scott IRA ⇒ Caterpillar, Inc. (CAT)"
2014,O,10008410,Scott,Austin,01/17/2014,P,CRUS,"$1,001 - $15,000","Vivien G Scott IRA ⇒ Cirrus Logic, Inc. (CRUS)"
2014,O,10008410,Scott,Austin,09/10/2014,S,CRUS,"$1,001 - $15,000","S $1,001 - $15,000 Vivien G Scott IRA ⇒ Cirrus Logic, Inc. (CRUS)"
2014,O,10008410,Scott,Austin,10/30/2014,P,CRUS,"$15,001 - $50,000","Vivien G Scott IRA ⇒ Cirrus Logic, Inc. (CRUS)"
2014,O,10008410,Scott,Austin,12/16/2014,S,CRUS,"$1,001 - $15,000","Vivien G Scott IRA ⇒ Cirrus Logic, Inc. (CRUS)"
2014,O,10008410,Scott,Austin,03/25/2014,P,KO,"$15,001 - $50,000",Vivien G Scott IRA ⇒ Coca-Cola Company (KO)
2014,O,10008410,Scott,Austin,06/17/2014,S,KO,"$15,001 - $50,000",Vivien G Scott IRA ⇒ Coca-Cola Company (KO)
2014,O,10008410,Scott,Austin,06/17/2014,S,GRMN,"$1,001 - $15,000",Vivien G Scott IRA ⇒ Garmin Ltd. (GRMN)
2014,O,10008410,Scott,Austin,10/10/2014,S,GRMN,"$1,001 - $15,000",Vivien G Scott IRA ⇒ Garmin Ltd. (GRMN)
2015,T,10004731,Dingell,John D.,03/27/2014,S,BCE,"$1,001 - $15,000","P $1,001 - $15,000 Morgan Stanley Smith Barney LLC Brokerage Account ⇒ BCE, Inc. (BCE)"
2015,T,10004735,Camp,Dave,06/27/2014,P,ACT,"$1,001 - $15,000",Actavis plc Ordinary Shares (ACT)
2015,T,10004735,Camp,Dave,06/30/2014,P,ACT,"$1,001 - $15,000",B.J. Keil Trust ⇒ Actavis plc Ordinary Shares (ACT)
2015,T,10004735,Camp,Dave,04/10/2014,P,BC,"$15,001 - $50,000",B.J. Keil Trust ⇒ Brunswick Corporation (BC)
2015,T,10004735,Camp,Dave,11/28/2014,E,CRC,"$1,001 - $15,000",B.J. Keil Trust ⇒ California Resources Corporation (CRC)
2015,T,10004735,Camp,Dave,11/20/2014,S,PRGO,"$1,001 - $15,000",B.J. Keil Trust ⇒ Perrigo Company plc Ordinary Shares (PRGO)
2015,T,10004735,Camp,Dave,09/17/2014,P,UA,"$1,001 - $15,000","B.J. Keil Trust ⇒ Under Armour, Inc. Class A (UA)"
2015,T,10004735,Camp,Dave,04/28/2014,S,CERN,"$1,001 - $15,000",Cerner Corporation (CERN)
2015,T,10004735,Camp,Dave,04/28/2014,S,CVS,"$1,001 - $15,000",CVS Health Corporation (CVS)
2015,T,10004735,Camp,Dave,06/25/2014,P,BA,"$1,001 - $15,000",Keil Decd IRA ⇒ Boeing Company (BA)
2015,T,10004735,Camp,Dave,06/25/2014,P,COST,"$1,001 - $15,000",Keil Decd IRA ⇒ Costco Wholesale Corporation (COST)
2015,T,10004735,Camp,Dave,06/25/2014,P,DEO,"$1,001 - $15,000",Keil Decd IRA ⇒ Diageo plc (DEO)
2015,T,10004735,Camp,Dave,06/25/2014,P,ECL,"$1,001 - $15,000",Keil Decd IRA ⇒ Ecolab Inc. (ECL)
2015,T,10004735,Camp,Dave,06/25/2014,P,HES,"$1,001 - $15,000",Keil Decd IRA ⇒ Hess Corporation (HES)
2015,T,10004735,Camp,Dave,06/25/2014,P,IBM,"$1,001 - $15,000","P $15,001 - $50,000 Keil Decd IRA ⇒ International Business Machines Corporation (IBM)"
2015,T,10004735,Camp,Dave,09/26/2014,S,VFH,"$15,001 - $50,000",Keil Generation Trust ⇒ Vanguard Financials ETF - DNQ (VFH)
2015,T,10004735,Camp,Dave,04/25/2014,S,NFLX,"$1,001 - $15,000","02/3/2014 S $15,001 - $50,000 Netflix, Inc. (NFLX)"
2015,T,10004735,Camp,Dave,09/26/2014,S,GIS,"$1,001 - $15,000","R.M. Keil Trust ⇒ General Mills, Inc. (GIS)"
2015,T,10004735,Camp,Dave,09/30/2014,P,UA,"$1,001 - $15,000","Under Armour, Inc. Class A (UA)"
2015,T,10004735,Camp,Dave,12/31/2014,P,UA,"$1,001 - $15,000","Under Armour, Inc. Class A (UA)"
2015,T,10004745,Holt,Rush,09/16/2014,S,ZMH,"$1,001 - $15,000","Zimmer Holdings, Inc. (ZMH)"
2015,T,10004758,McCarthy,Carolyn,09/30/2014,P,T,"$1,001 - $15,000","10/7/2014 P $1,001 - $15,000 AT&T Inc. (T)"
2015,T,10004758,McCarthy,Carolyn,09/30/2014,P,BP,"$1,001 - $15,000",BP p.l.c. (BP)
2015,T,10004758,McCarthy,Carolyn,10/24/2014,P,KKR,"$1,001 - $15,000","S $1,001 - $15,000 KKR & Co. L.P. Common Units Representing Limited Partnership Interest (KKR)"
2015,T,10004819,Coble,Howard,07/10/2014,E,ACT,"$1,001 - $15,000",Actavis plc Ordinary Shares (ACT)
2015,T,10004819,Coble,Howard,07/10/2014,P,GRPN,"$1,001 - $15,000","Groupon, Inc. - Class A (GRPN)"
2015,O,10009738,Doggett,Lloyd,08/19/2015,S,DLS,"$100,001 - $250,000",WisdomTree International SmallCp Div ETF (DLS)
2015,O,10010008,Dingell,Debbie,08/31/2015,P,EXG,"$1,001 - $15,000",Morgan Stanley Smith Barney Brokerage Account ⇒ Eaton Vance Tax-Managed Global Diversified Equity Income Fund Eaton Vance Tax-Managed Global Diversified Equity Income Fund Common Shares of Beneficia (EXG)
2015,O,10010011,Hill,James French,08/31/2015,E,BDC,"$15,001 - $50,000","tx. > $1,000? J French Hill - SEP IRA ⇒ Bank Deposit Program (BDC)"
2015,O,10010011,Hill,James French,10/21/2015,E,SFNC,"$1,001 - $15,000",J French Hill - Simmons ESOP ⇒ Simmons First National Corporation (SFNC)
2015,O,10010050,Turner,Michael R.,08/12/2015,P,FDN,"$1,001 - $15,000",S $991.00 IRA ⇒ First Trust DJ Internet Index Fund (FDN)
2015,O,10010050,Turner,Michael R.,08/12/2015,P,SKYY,"$1,001 - $15,000",IRA ⇒ First Trust ISE Cloud Computing Index Fund (SKYY)
2015,O,10010050,Turner,Michael R.,08/12/2015,P,EPP,"$1,001 - $15,000",IRA ⇒ iShares MSCI Pacific Ex-Japan Index Fund (EPP)
2015,O,10010050,Turner,Michael R.,08/12/2015,P,IBB,"$1,001 - $15,000",IRA ⇒ iShares Nasdaq Biotechnology Index Fund (IBB)
2015,O,10010050,Turner,Michael R.,08/12/2015,P,VDC,"$1,001 - $15,000",IRA ⇒ Vanguard Consumer Staples ETF - DNQ (VDC)
2015,O,10010050,Turner,Michael R.,08/12/2015,P,VDE,"$1,001 - $15,000",IRA ⇒ Vanguard Energy ETF (VDE)
2015,O,10010050,Turner,Michael R.,08/12/2015,P,VGT,"$1,001 - $15,000",IRA ⇒ Vanguard Information Tech ETF - DNQ (VGT)
2015,O,10010050,Turner,Michael R.,08/12/2015,P,VAW,"$1,001 - $15,000",IRA ⇒ Vanguard Materials ETF - DNQ (VAW)
2015,O,10010050,Turner,Michael R.,08/12/2015,P,HEDJ,"$1,001 - $15,000",IRA ⇒ WisdomTree Europe Hedged Equity Fund (HEDJ)
2015,O,10010050,Turner,Michael R.,05/18/2015,P,IYR,"$15,001 - $50,000",Spouse Brokerage 2 ⇒ iShares U.S. Real Estate ETF (IYR)
2015,O,10010050,Turner,Michael R.,10/30/2015,P,IYR,"$15,001 - $50,000","(partial) $15,001 - $50,000 Spouse Brokerage 2 ⇒ iShares U.S. Real Estate ETF (IYR)"
2015,O,10010050,Turner,Michael R.,05/18/2015,P,VNQ,"$100,001 - $250,000",Spouse Brokerage 2 ⇒ Vanguard REIT ETF - DNQ (VNQ)
2015,O,10010050,Turner,Michael R.,10/30/2015,P,VNQ,"$250,001 - $500,000","$100,001 - $250,000 Spouse Brokerage 2 ⇒ Vanguard REIT ETF - DNQ (VNQ)"
2015,O,10010050,Turner,Michael R.,06/17/2015,P,VDE,"$1,001 - $15,000","P $1,001 - $15,000 Spouse IRA 2 ⇒ Vanguard Energy ETF (VDE)"
2015,O,10010050,Turner,Michael R.,08/25/2015,P,HEDJ,"$1,001 - $15,000","P $1,001 - $15,000 Spouse IRA 2 ⇒ WisdomTree Europe Hedged Equity Fund (HEDJ)"
2015,O,10010275,Conaway,K. Michael,12/22/2015,P,ELGX,"$1,001 - $15,000","SP M40 (Merrill Lynch) ⇒ Endologix, Inc. (ELGX)"
2015,O,10010290,Rokita,Todd,05/12/2015,P,FPX,"$1,001 - $15,000",Investment SP ⇒ First Trust IPOX-100 Index Fund (FPX)
2015,O,10010290,Rokita,Todd,10/13/2015,P,EZU,"$1,001 - $15,000","P $1,001 - $15,000 IRA SP ⇒ iShares MSCI Eurozone ETF (EZU)"
2015,O,10010298,McKinley,David B.,12/15/2015,P,EMLP,"$1,001 - $15,000",IRa's ⇒ IRa- Filer ⇒ First Trust North american Energy Infrastructure Fund (EMLP)
2015,O,10010298,McKinley,David B.,12/15/2015,S,MLPI,"$1,001 - $15,000",IRa's ⇒ IRa- Filer ⇒ UBS aG ETN (MLPI)
2015,O,10010412,MacArthur,Thomas,01/27/2015,S,SFTBY,"$15,001 - $50,000",Thomas C MacArthur and Deborah A MacArthur ⇒ Softbank Corp Unsponsored ADR (SFTBY)
2015,O,10010419,Cole,Tom,08/13/2015,S,IBM,"$15,001 - $50,000","Monthly P $1,001 - $15,000 International Business Machines Corporation (IBM)"
2015,O,10010419,Cole,Tom,08/11/2015,S,WMT,"$15,001 - $50,000","Monthly P $1,001 - $15,000 Wal-Mart Stores, Inc. (WMT)"
2015,O,10010552,Welch,Peter,08/24/2015,P,CSCO,"$1,001 - $15,000","Welch account ⇒ Cisco Systems, Inc. (CSCO)"
2015,O,10010552,Welch,Peter,10/29/2015,S,IYT,"$100,001 - $250,000",Welch account ⇒ iShares Transportation averageETF (IYT)
2015,O,10010552,Welch,Peter,11/18/2015,S,IYT,"$100,001 - $250,000",Welch account ⇒ iShares Transportation averageETF (IYT)
2015,O,10010552,Welch,Peter,10/27/2015,P,IYT,"$100,001 - $250,000",Welch account ⇒ iShares Transportation averageETF (IYT)
2015,O,10010552,Welch,Peter,11/13/2015,P,IYT,"$100,001 - $250,000",Welch account ⇒ iShares Transportation averageETF (IYT)
2015,O,10010552,Welch,Peter,12/29/2015,P,IYT,"$100,001 - $250,000",Welch account ⇒ iShares Transportation averageETF (IYT)
2015,O,10010552,Welch,Peter,12/29/2015,S,SVU,"$1,001 - $15,000",Welch account ⇒ SuperValu Inc. (SVU)
2015,O,10010552,Welch,Peter,08/24/2015,P,TWC,"$1,001 - $15,000","S $1,001 - $15,000 Welch account ⇒ Time Warner Cable Inc (TWC)"
2015,O,10010611,Hinojosa,Rubén,04/28/2015,S,BWX,"$1,001 - $15,000",Karen ⇒ SPDR Barclays Intl Treasury Bd (BWX)
2015,O,10010611,Hinojosa,Rubén,05/20/2015,S,VZ,"$15,001 - $50,000",Karen ⇒ Verizon Communications Inc. (VZ)
2015,O,10010765,Connolly,Gerald E.,09/11/2015,S,MSI,"$1,001 - $15,000","Motorola Solutions, Inc. (MSI)"
2015,O,10010844,Olson,Pete,09/17/2015,P,EPP,"$1,001 - $15,000","tx. > $1,000? Brokerage Account 1 ⇒ IShares MSCI Pacific Ex-Japan (EPP)"
2015,O,10010853,Pallone,Frank,07/29/2015,P,VNQ,"$1,001 - $15,000",WELLS FARGO ADVISORS: GST TRUST 2 ⇒ VANGUARD REIT ET (VNQ)
2015,O,10010983,Benishek,Dan,06/30/2015,S,HAS,"$15,001 - $50,000","P $15,001 - $50,000 Ameriprise ⇒ Hasbro, Inc. (HAS)"
2015,O,10010983,Benishek,Dan,06/30/2015,P,HST,"$1,001 - $15,000","Ameriprise ⇒ Host Hotels & Resorts, Inc. (HST)"
2015,O,10010983,Benishek,Dan,03/26/2015,S,IYR,"$1,001 - $15,000","S $1,001 - $15,000 Ameriprise ⇒ iShares U.S. Real Estate ETF (IYR)"
2015,O,10010983,Benishek,Dan,06/30/2015,S,OHI,"$1,001 - $15,000","P $15,001 - $50,000 Ameriprise ⇒ Omega Healthcare Investors, Inc. (OHI)"
2015,O,10010983,Benishek,Dan,03/20/2015,S,RIO,"$15,001 - $50,000","P $15,001 - $50,000 Ameriprise ⇒ Rio Tinto Plc (RIO)"
2015,O,10010983,Benishek,Dan,06/30/2015,P,UBSI,"$15,001 - $50,000","P $15,001 - $50,000 Ameriprise ⇒ United Bankshares, Inc. (UBSI)"
2015,O,10010983,Benishek,Dan,06/30/2015,P,WFC,"$15,001 - $50,000",Ameriprise ⇒ Wells Fargo & Company (WFC)
2015,O,10011135,Wittman,Robert J.,09/15/2015,P,PKG,"$1,001 - $15,000",Packaging Corporation of America (PKG)
2015,O,10011289,Farr,Sam,10/13/2015,S,GPC,"$1,001 - $15,000","01/7/2015 S $15,001 - $50,000 Genuine Parts Company (GPC)"
2015,O,10011289,Farr,Sam,10/13/2015,P,PDCO,"$1,001 - $15,000","01/7/2015 P $1,001 - $15,000 Patterson Companies, Inc. (PDCO)"
2015,O,10011289,Farr,Sam,10/13/2015,P,WBA,"$1,001 - $15,000","01/7/2015 P $1,001 - $15,000 Walgreens Boots Alliance, Inc. (WBA)"
2015,O,10011289,Farr,Sam,10/13/2015,S,WMT,"$1,001 - $15,000","Wal-Mart Stores, Inc. (WMT)"
2015,O,10012042,Schiff,Adam B.,08/14/2015,S,PFF,"$1,001 - $15,000",iShares US Preferred Stock ETF (PFF)
2015,O,10012042,Schiff,Adam B.,10/29/2015,S,O,"$15,001 - $50,000",Realty Income Corporation (O)
2015,O,10012167,Yoder,Kevin,03/27/2015,P,EQM,"$1,001 - $15,000","02/2/2015 $1,001 - $15,000 EQT Midstream Partners, LP Common Units representing Limited Partner Interests (EQM)"
2015,O,10012167,Yoder,Kevin,12/11/2015,S,PAA,"$1,001 - $15,000","06/5/2015 P $1,001 - $15,000 Plains All American Pipeline, L.P. (PAA)"
2015,O,10012167,Yoder,Kevin,11/30/2015,P,SEP,"$1,001 - $15,000","Spectra Energy Partners, LP Common Units representing Limited Partner Interests (SEP)"
2015,O,10012167,Yoder,Kevin,03/12/2015,P,SUN,"$1,001 - $15,000",Sunoco LP Common Units representing limited partner interests (SUN)
2015,O,10012167,Yoder,Kevin,08/14/2015,P,TEP,"$1,001 - $15,000","Tallgrass Energy Partners, LP Common Units representing limited partner interests (TEP)"
2015,O,10012399,Gutierrez,Luis V.,01/23/2015,P,HEDJ,"$50,001 - $100,000",Charles Schwab #1-72 ⇒ Wisdomtree Europe (HEDJ)
2015,O,10012399,Gutierrez,Luis V.,03/25/2015,P,HEDJ,"$15,001 - $50,000","P $15,001 - $50,000 Charles Schwab #1-72 ⇒ Wisdomtree Europe (HEDJ)"
2015,O,10012399,Gutierrez,Luis V.,04/15/2015,P,HEDJ,"$15,001 - $50,000",Charles Schwab #1-72 ⇒ Wisdomtree Europe (HEDJ)
2015,O,10012399,Gutierrez,Luis V.,04/20/2015,S,HEDJ,"$100,001 - $250,000",Charles Schwab #1-72 ⇒ Wisdomtree Europe (HEDJ)
2015,O,10012399,Gutierrez,Luis V.,01/20/2015,P,SCHH,"$15,001 - $50,000",Charles Schwab #5-14 ⇒ SCH US REIT (SCHH)
2015,O,10012399,Gutierrez,Luis V.,01/22/2015,P,SCHH,"$1,001 - $15,000",Charles Schwab #5-14 ⇒ SCH US REIT (SCHH)
2015,O,10012399,Gutierrez,Luis V.,02/13/2015,S,SCHH,"$15,001 - $50,000",Charles Schwab #5-14 ⇒ SCH US REIT (SCHH)
2015,O,10012399,Gutierrez,Luis V.,02/20/2015,S,SCHH,"$15,001 - $50,000",Charles Schwab #5-14 ⇒ SCH US REIT (SCHH)
2015,O,10012399,Gutierrez,Luis V.,04/15/2015,S,SCHH,"$15,001 - $50,000",Charles Schwab #5-14 ⇒ SCH US REIT (SCHH)
2015,O,10012399,Gutierrez,Luis V.,06/15/2015,S,SCHH,"$1,001 - $15,000","P $15,001 - $50,000 Charles Schwab #5-14 ⇒ SCH US REIT (SCHH)"
2015,O,10012399,Gutierrez,Luis V.,04/21/2015,P,VNQI,"$1,001 - $15,000",Charles Schwab #5-14 ⇒ Vanguard Glbal Ex US (VNQI)
2015,O,10012399,Gutierrez,Luis V.,10/16/2015,S,VNQI,"$1,001 - $15,000",Charles Schwab #5-14 ⇒ Vanguard Glbal Ex US (VNQI)
2015,O,10012399,Gutierrez,Luis V.,04/24/2015,P,HEDJ,"$15,001 - $50,000",Charles Schwab #5-14 ⇒ Wisdomtree Europe Hedge (HEDJ)
2015,O,10012399,Gutierrez,Luis V.,05/19/2015,S,HEDJ,"$15,001 - $50,000",Charles Schwab #5-14 ⇒ Wisdomtree Europe Hedge (HEDJ)
2015,A,10012983,Bera,Ami,11/11/2015,P,DIS,"$50,001 - $100,000",Walt Disney Company (DIS)
2015,A,10013408,MacArthur,Thomas,02/20/2015,E,CVD,"$1,001 - $15,000",Thomas C MacArthur and Deborah A MacArthur ⇒ Covance Inc. (CVD)
2015,A,10013408,MacArthur,Thomas,01/15/2015,E,CB,"$1,001 - $15,000",Thomas C MacArthur and Deborah A MacArthur ⇒ D/B/A Chubb Limited New (CB)
2015,A,10013408,MacArthur,Thomas,12/22/2015,E,ISIS,"$50,001 - $100,000","Thomas C MacArthur and Deborah A MacArthur ⇒ Isis Pharmaceuticals, Inc. (ISIS)"
2015,O,10013683,Scott,Austin,08/21/2015,S,ABB,"$15,001 - $50,000",Vivien G Scott IRA ⇒ ABB Ltd (ABB)
2015,O,10013683,Scott,Austin,03/10/2015,P,ABB,"$15,001 - $50,000","S $15,001 - $50,000 Vivien G Scott IRA ⇒ ABB Ltd (ABB)"
2015,O,10013683,Scott,Austin,03/12/2015,P,BAC,"$15,001 - $50,000","S $15,001 - $50,000 Vivien G Scott IRA ⇒ Bank of America Corporation (BAC)"
2015,O,10013683,Scott,Austin,08/21/2015,S,CAT,"$15,001 - $50,000","Vivien G Scott IRA ⇒ Caterpillar, Inc. (CAT)"
2015,O,10013683,Scott,Austin,04/23/2015,P,CAT,"$15,001 - $50,000","S $1,001 - $15,000 Vivien G Scott IRA ⇒ Caterpillar, Inc. (CAT)"
2015,O,10013683,Scott,Austin,02/27/2015,S,CRUS,"$1,001 - $15,000","Vivien G Scott IRA ⇒ Cirrus Logic, Inc. (CRUS)"
2015,O,10013683,Scott,Austin,02/19/2015,S,CRUS,"$1,001 - $15,000","Vivien G Scott IRA ⇒ Cirrus Logic, Inc. (CRUS)"
2015,O,10013683,Scott,Austin,10/15/2015,P,GRMN,"$15,001 - $50,000",Vivien G Scott IRA ⇒ Garmin Ltd. (GRMN)
2015,O,10013683,Scott,Austin,02/27/2015,S,SIRI,"$15,001 - $50,000",Vivien G Scott IRA ⇒ Sirius XM Holdings Inc. (SIRI)
2016,O,10014891,Curbelo,Carlos,01/21/2017,P,BAC,"$50,001 - $100,000","S $1,001 - $15,000 Fidelity Investments Brokerage Account ⇒ Bank of America Corporation (BAC)"
2016,O,10015045,Capuano,Michael E.,12/16/2016,P,IDA,"$15,001 - $50,000",TD Ameritrade 401K ⇒ Insured Deposit Acct (IDA)
2016,O,10015116,Dingell,Debbie,03/21/2016,P,IBB,"$15,001 - $50,000",Morgan Stanley Smith Barney LLC IRA ⇒ iShares Nasdaq Biotechnology Index Fund (IBB)
2016,O,10015136,Sessions,Pete,02/18/2016,S,KEYS,"$1,001 - $15,000",Keysight Technologies Inc. (KEYS)
2016,O,10015136,Sessions,Pete,01/29/2016,P,PRXL,"$15,001 - $50,000",PAREXEL International Corporation (PRXL)
2016,O,10015136,Sessions,Pete,03/11/2016,S,TFM,"$15,001 - $50,000","The Fresh Market, Inc. (TFM)"
2016,O,10015136,Sessions,Pete,02/11/2016,S,UPS,"$15,001 - $50,000","United Parcel Service, Inc. (UPS)"
2016,O,10015203,Gutierrez,Luis V.,03/11/2016,P,SCHH,"$15,001 - $50,000","S $15,001 - $50,000 Charles Schwab #1-72 ⇒ Charles Schwab US REIT (SCHH)"
2016,O,10015203,Gutierrez,Luis V.,03/22/2016,P,SCHH,"$1,001 - $15,000",Charles Schwab #1-72 ⇒ Charles Schwab US REIT (SCHH)
2016,O,10015203,Gutierrez,Luis V.,04/13/2016,P,SCHH,"$1,001 - $15,000","P $1,001 - $15,000 Charles Schwab #1-72 ⇒ Charles Schwab US REIT (SCHH)"
2016,O,10015203,Gutierrez,Luis V.,05/25/2016,S,SCHH,"$15,001 - $50,000","(partial) $15,001 - $50,000 Charles Schwab #1-72 ⇒ Charles Schwab US REIT (SCHH)"
2016,O,10015207,Turner,Michael R.,07/25/2016,P,EPP,"$1,001 - $15,000",IRA 9527 ⇒ iShares MSCI Pacific Ex-Japan Index Fund (EPP)
2016,O,10015207,Turner,Michael R.,02/16/2016,S,VDE,"$1,001 - $15,000","tx. > $1,000? IRA 9527 ⇒ Vanguard Energy ETF (VDE)"
2016,O,10015207,Turner,Michael R.,09/23/2016,S,VGT,"$1,001 - $15,000",IRA 9527 ⇒ Vanguard Information Tech ETF - DNQ (VGT)
2016,O,10015207,Turner,Michael R.,01/25/2016,P,VGT,"$1,001 - $15,000",IRA 9527 ⇒ Vanguard Information Tech ETF - DNQ (VGT)
2016,O,10015207,Turner,Michael R.,09/23/2016,S,HEDJ,"$1,001 - $15,000",IRA 9527 ⇒ WisdomTree Europe Hedged Equity Fund (HEDJ)
2016,O,10015207,Turner,Michael R.,04/18/2016,S,IYR,"$1,001 - $15,000",Spouse Brokerage 2-9246 ⇒ iShares U.S. Real Estate ETF (IYR)
2016,O,10015207,Turner,Michael R.,03/11/2016,S,IYR,"$1,001 - $15,000",Spouse Brokerage 2-9246 ⇒ iShares U.S. Real Estate ETF (IYR)
2016,O,10015207,Turner,Michael R.,04/18/2016,S,VNQ,"$15,001 - $50,000","$50,001 - $100,000 Spouse Brokerage 2-9246 ⇒ Vanguard REIT ETF - DNQ (VNQ)"
2016,O,10015207,Turner,Michael R.,03/11/2016,S,VNQ,"$1,001 - $15,000",Spouse Brokerage 2-9246 ⇒ Vanguard REIT ETF - DNQ (VNQ)
2016,O,10015207,Turner,Michael R.,03/11/2016,P,VDC,"$1,001 - $15,000",Spouse IRA 2-9308 ⇒ Vanguard Consumer Staples ETF - DNQ (VDC)
2016,O,10015207,Turner,Michael R.,07/25/2016,S,HEDJ,"$1,001 - $15,000",Spouse IRA 2-9308 ⇒ WisdomTree Europe Hedged Equity Fund (HEDJ)
2016,O,10015296,Davis,Susan A.,11/30/2016,S,IBB,"$1,001 - $15,000",iShares Nasdaq Biotechnology Index Fund (IBB)
2016,O,10015296,Davis,Susan A.,11/30/2016,S,PKB,"$1,001 - $15,000",PowerShares Dynamic Build & Construction (PKB)
2016,O,10015296,Davis,Susan A.,11/30/2016,S,VGT,"$15,001 - $50,000",Vanguard Information Tech ETF - DNQ (VGT)
2016,O,10015342,Lowenthal,Alan S.,08/16/2016,E,LMT,"$15,001 - $50,000",Neuberger Berman - Traditional IRA ⇒ Lockheed Martin (LMT)
2016,O,10015405,Lofgren,Zoe,11/22/2016,E,TSLA,"$1,001 - $15,000","Collins/Lofgren Family Trust ⇒ Tesla, Inc. (TSLA)"
2016,O,10015412,Conaway,K. Michael,09/12/2016,S,BR,"$1,001 - $15,000","SP M81 (Merrill Lynch) ⇒ Broadridge Financial Solutions, Inc. (BR)"
2016,O,10015412,Conaway,K. Michael,01/11/2016,P,DGX,"$1,001 - $15,000",SP M81 (Merrill Lynch) ⇒ Quest Diagnostics Incorporated (DGX)
2016,O,10015412,Conaway,K. Michael,09/12/2016,S,ST,"$1,001 - $15,000",SP M81 (Merrill Lynch) ⇒ Sensata Technologies Holding N.V. Ordinary Shares (ST)
2016,O,10015412,Conaway,K. Michael,09/12/2016,S,WPPGY,"$1,001 - $15,000",SP M81 (Merrill Lynch) ⇒ WPP plc - american Depositary Shares each representing five Ordinary Shares (WPPGY)
2016,O,10015449,Pallone,Frank,09/23/2016,S,VNQ,"$1,001 - $15,000","P $1,001 - $15,000 WELLS FARGO ADVISORS: GST TRUST 2 ⇒ Vanguard REIT Fund (VNQ)"
2016,O,10015590,Welch,Peter,05/19/2016,P,ABT,"$1,001 - $15,000",SactionS Welch Account ⇒ Abbott Laboratories (ABT)
2016,O,10015590,Welch,Peter,03/16/2016,P,CIVI,"$50,001 - $100,000","Welch Account ⇒ Civitas Solutions, Inc. (CIVI)"
2016,O,10015590,Welch,Peter,09/19/2016,P,CVS,"$1,001 - $15,000",Welch Account ⇒ CVS Health Corporation (CVS)
2016,O,10015590,Welch,Peter,09/26/2016,S,CVS,"$1,001 - $15,000",Welch Account ⇒ CVS Health Corporation (CVS)
2016,O,10015590,Welch,Peter,08/26/2016,S,HMC,"$1,001 - $15,000","Welch Account ⇒ Honda Motor Company, Ltd. (HMC)"
2016,O,10015590,Welch,Peter,04/19/2016,S,IYT,"$1,001 - $15,000","S $1,001 - $15,000 Welch Account ⇒ iShares Transportation AverageETF (IYT)"
2016,O,10015590,Welch,Peter,05/20/2016,S,IYT,"$1,001 - $15,000",Welch Account ⇒ iShares Transportation AverageETF (IYT)
2016,O,10015590,Welch,Peter,07/14/2016,S,IYT,"$1,001 - $15,000","S $1,001 - $15,000 Welch Account ⇒ iShares Transportation AverageETF (IYT)"
2016,O,10015590,Welch,Peter,04/19/2016,S,IYE,"$1,001 - $15,000",Welch Account ⇒ iShares U.S. Energy ETF (IYE)
2016,O,10015590,Welch,Peter,08/26/2016,P,IYE,"$1,001 - $15,000","P $1,001 - $15,000 Welch Account ⇒ iShares U.S. Energy ETF (IYE)"
2016,O,10015590,Welch,Peter,08/15/2016,S,IYE,"$1,001 - $15,000",Welch Account ⇒ iShares U.S. Energy ETF (IYE)
2016,O,10015590,Welch,Peter,06/30/2016,P,IYE,"$1,001 - $15,000",Welch Account ⇒ iShares U.S. Energy ETF (IYE)
2016,O,10015590,Welch,Peter,11/10/2016,P,UN,"$1,001 - $15,000",Welch Account ⇒ Unilever NV (UN)
2016,O,10015662,Evans,Dwight,12/30/2016,P,MIC,"$15,001 - $50,000",OPPENHEIMER IRa ⇒ Macquarie Infrastructure Company (MIC)
2016,O,10015677,Williams,Roger,04/13/2016,S,PG,"$1,001 - $15,000",Edward Jones Brokerage account 5612 ⇒ Procter & Gamble Company (PG)
2016,O,10015787,Kind,Ron,08/22/2016,S,II,"$1,001 - $15,000",North Carolina 529 (II)
2016,O,10015867,Meadows,Mark R,10/26/2016,S,YHOO,"$15,001 - $50,000",Edward Jones Employee Pension account ⇒ Yahoo! Inc. (YHOO)
2016,O,10016103,Himes,James A.,12/30/2016,S,MSFT,"$1,001 - $15,000",Fidelity Brokerage ⇒ Microsoft Corporation (MSFT)
2016,O,10016125,Rokita,Todd,01/12/2016,P,EZU,"$1,001 - $15,000",IRA SP ⇒ iShares MSCI Eurozone ETF (EZU)
2016,O,10016125,Rokita,Todd,06/28/2016,S,EZU,"$1,001 - $15,000",IRA SP ⇒ iShares MSCI Eurozone ETF (EZU)
2016,O,10016125,Rokita,Todd,01/12/2016,S,HEDJ,"$1,001 - $15,000",IRA SP ⇒ WisdomTree Europe Hedged Equity Fund (HEDJ)
2016,O,10016198,Holding,George,12/15/2016,S,BBT,"$15,001 - $50,000",SactionS BB&T Corporation (BBT)
2016,O,10016198,Holding,George,08/31/2016,S,CMCSA,"$15,001 - $50,000",Comcast Corporation - Class A (CMCSA)
2016,O,10016198,Holding,George,10/26/2016,S,DD,"$15,001 - $50,000",E.I. du Pont de Nemours and Company (DD)
2016,O,10016198,Holding,George,10/25/2016,S,MSFT,"$1,001 - $15,000","S $50,001 - $100,000 Microsoft Corporation (MSFT)"
2016,O,10016313,Comer,James,11/29/2016,P,FB,"$1,001 - $15,000","P $1,001 - $15,000 Hilliard Lyons ⇒ Facebook, Inc. - Class A (FB)"
2016,O,10016641,Rooney,Thomas J.,06/15/2016,P,PRU,"$1,001 - $15,000","Prudential Financial, Inc. (PRU) Patrick J Rooney Sr Irrevocable Life Insurance Trust 1995 ⇒ Prudential Financial, Inc. (PRU)"
2016,O,10016641,Rooney,Thomas J.,09/15/2016,P,PRU,"$1,001 - $15,000","Patrick J Rooney Sr Irrevocable Life Insurance Trust 1995 ⇒ Prudential Financial, Inc. (PRU)"
2016,O,10016641,Rooney,Thomas J.,12/15/2016,P,PRU,"$1,001 - $15,000","Patrick J Rooney Sr Irrevocable Life Insurance Trust 1995 ⇒ Prudential Financial, Inc. (PRU)"
2016,O,10016641,Rooney,Thomas J.,02/19/2016,P,AMJ,"$100,001 - $250,000","$500,000 Patrick Rooney Sr 2015 Delaware Trust ⇒ JPMorgan Chase Capital XVI JP Morgan Alerian MLP ETN (AMJ)"
2016,O,10016950,Graves,Tom Thomas,02/19/2016,S,GPRO,"$1,001 - $15,000","Fidelity Investments ⇒ GoPro, Inc. - Class a (GPRO)"
2016,O,10018573,Scott,Austin,02/26/2016,P,SUNE,"$1,001 - $15,000","SunEdison, Inc. (SUNE)"
2016,O,10018573,Scott,Austin,03/22/2016,S,SUNE,"$1,001 - $15,000","SunEdison, Inc. (SUNE)"
2016,O,10018573,Scott,Austin,03/23/2016,S,SUNE,"$1,001 - $15,000","SunEdison, Inc. (SUNE)"
2016,O,10018573,Scott,Austin,02/26/2016,S,GRMN,"$15,001 - $50,000",Vivien G Scott IRA ⇒ Garmin Ltd. (GRMN)
2016,O,10018573,Scott,Austin,02/17/2016,S,GRMN,"$15,001 - $50,000",Vivien G Scott IRA ⇒ Garmin Ltd. (GRMN)
2017,T,10014445,Hanna,Richard L.,04/26/2016,P,IBB,"$1,001 - $15,000",RHIRa ⇒ iShares Nasdaq Biotechnology Index Fund (IBB)
2017,T,10014495,Benishek,Dan,10/12/2016,P,MET,"$15,001 - $50,000","P $15,001 - $50,000 Ameriprise ⇒ MetLife, Inc. (MET)"
2017,T,10014495,Benishek,Dan,10/12/2016,S,WFC,"$1,001 - $15,000","P $1,001 - $15,000 Ameriprise ⇒ Wells Fargo & Company (WFC)"
2017,T,10014495,Benishek,Dan,10/21/2016,P,MET,"$1,001 - $15,000","04/4/2016 P $1,001 - $15,000 MetLife, Inc. (MET)"
2017,T,10014495,Benishek,Dan,05/20/2016,P,NSRGY,"$1,001 - $15,000","P $1,001 - $15,000 Nestle SA Sponsored ADR representing Registered Shares Series B (NSRGY)"
