doc_id,http_status,bytes
20016985,200,57395
20017164,200,58162
20017470,200,56608
20016417,200,58149
20016981,200,58415
20017133,200,57402
20017201,200,57400
20017359,200,59630
20017471,200,63114
20017843,200,56949
20013832,200,80259
20016099,200,101308
20016101,200,83947
20016371,200,67282
20016572,200,84226
20016587,200,60844
20016686,200,98944
20016885,200,62841
20017058,200,90496
20017313,200,70130
20017435,200,63854
20017648,200,70535
20017748,200,90775
8217571,cache,32403
8217762,cache,38995
20013901,200,57815
20016125,200,55886
20016347,200,73163
20016588,200,62509
20016707,200,61594
20016784,200,57159
20016979,200,58959
20017141,200,59608
20017242,200,56667
20017336,200,61717
20017489,200,57371
20017631,200,58037
20017821,200,57315
20014938,200,60904
20016288,200,59433
20016653,200,57768
20016939,200,59299
20017659,200,57580
20016088,200,57647
20016445,200,62447
20016069,200,65354
20016326,200,56424
20016651,200,58742
20017118,200,59224
20016116,200,55101
20016150,200,57450
20016614,200,58185
20016752,200,58342
20017188,200,57732
20017327,200,57125
20013869,200,57152
20016355,200,60455
20016456,200,56133
20016569,200,58607
20016973,200,57615
20017104,200,56918
20017492,200,58798
20017786,200,57270
20017944,200,57165
20013867,200,111182
20015011,200,101203
20016182,200,108856
20016402,200,187003
20016567,200,122948
20016758,200,92543
20016915,200,93869
20017157,200,101117
20017355,200,92647
20017505,200,106955
20017632,200,103506
20017860,200,103273
20015009,200,56305
20016438,200,61222
20016678,200,65701
20017166,200,57938
20017449,200,57539
20017628,200,58070
20017790,200,82643
20017829,200,57382
20017924,200,93673
8217474,cache,31220
20016457,200,67360
20016655,200,61088
20016656,200,61559
20016657,200,60548
20016812,200,61143
8216957,cache,30327
8217113,cache,61380
20017245,200,57280
20017880,200,57047
20014994,200,67821
20015025,200,60946
20016198,200,69864
20016346,200,89399
20016520,200,76570
20016729,200,74874
20016929,200,66795
20017070,200,63067
20017309,200,65792
20017475,200,69963
20017610,200,88035
20017831,200,60066
20014965,200,56790
20016799,200,58642
20016811,200,57475
20017629,200,58787
20017036,200,80301
20017260,200,90724
20017600,200,77865
20017685,200,70899
20017403,200,57041
20016299,200,85853
20016416,200,63479
20016532,200,61965
20016613,200,57259
20016693,200,60516
20016872,200,59821
20017225,200,57419
20017519,200,58983
20016106,200,57919
20016363,200,58625
20016579,200,55895
20017575,200,57501
20017741,200,57822
20013841,200,57922
20014990,200,56660
20016165,200,57962
20016353,200,60956
20016546,200,56889
20016710,200,61896
20016890,200,59773
20017080,200,60182
20017285,200,58533
20017625,200,62557
20017771,200,58060
20013817,200,56180
20016401,200,57834
20017265,200,58774
20017566,200,58748
20017750,200,56783
20013886,200,58442
20016163,200,56635
20016383,200,58634
20016706,200,56390
20016889,200,57986
20017091,200,57163
20017318,200,57636
20017540,200,58009
20017652,200,56634
20017815,200,57341
20014934,200,58725
20014974,200,58213
20016121,200,55893
20016504,200,56664
20016690,200,60329
20016943,200,58743
20017240,200,60064
20017498,200,57900
20017740,200,61631
20016466,200,65456
20016992,200,57287
20017404,200,61962
20017791,200,65009
8216969,cache,53968
8217280,cache,174665
8217559,cache,86731
8217737,cache,84243
8217763,cache,51238
8217821,cache,52235
20013885,200,57665
20013849,200,55210
20014989,200,57521
20016147,200,56917
20016334,200,58405
20016533,200,59254
20016695,200,57575
20016869,200,58128
20017127,200,57659
20017289,200,58572
20017465,200,59666
20017642,200,57968
20017785,200,57742
20014949,200,62129
20016100,200,61911
20016258,200,66963
20016444,200,63765
20016661,200,63380
20016827,200,69426
20017016,200,63579
20017216,200,64001
20017402,200,60580
20017556,200,64036
20017716,200,62236
20017911,200,64130
20013811,200,55312
20013884,200,58587
20015036,200,72001
20016805,200,60414
20017738,200,66476
20017779,200,56702
20017894,200,59939
20015005,200,63779
20015023,200,62270
20015054,200,84452
20015064,200,64314
20016073,200,59521
20016104,200,61318
20016265,200,58830
20016366,200,120909
20016403,200,72933
20016459,200,64209
20016565,200,60929
20016583,200,59090
20016675,200,59366
20016834,200,62969
20016854,200,60779
20016905,200,60219
20016986,200,59394
20017029,200,57431
20017068,200,59728
20017218,200,68810
20017284,200,62430
20017373,200,62740
20017555,200,61386
20017587,200,58237
20017668,200,68169
20017780,200,113713
20017789,200,61621
20017905,200,67770
20017928,200,57050
20013862,200,54197
20013906,200,59448
20014982,200,56344
20016722,200,56091
20017077,200,56773
20017247,200,57407
20017330,200,56467
20017441,200,57256
20017734,200,57514
20017910,200,56659
20017428,200,57867
20013859,200,70920
20015007,200,76520
20016181,200,84064
20016373,200,92089
20016556,200,71791
20016732,200,76143
20016893,200,78294
20017128,200,67467
20017335,200,71728
20017476,200,87378
20017634,200,82780
20017827,200,89769
20016856,200,56936
20016874,200,81313
20016957,200,79677
20017031,200,77050
20017203,200,69439
20017223,200,78721
20017388,200,63164
20017413,200,61014
20017507,200,79577
20017703,200,66897
20017736,200,70105
20017816,200,61955
20016360,200,57491
8219906,cache,48509
8217738,cache,36386
20013916,200,59348
20015066,200,59459
20016254,200,64507
20016419,200,64599
20016607,200,87666
20016796,200,60331
20016983,200,91284
20017192,200,111541
20017380,200,60048
20017527,200,85585
20017687,200,85293
20017853,200,86021
20005968,200,97528
20017855,200,61623
8217083,cache,63766
8217594,cache,57311
8217671,cache,59701
8217739,cache,60761
8217232,cache,52450
8217322,cache,53860
8217352,cache,53513
8217447,cache,87304
8217634,cache,98398
8217678,cache,29705
8217764,cache,29531
20017620,200,92299
20017915,200,58193
20014973,200,74344
8217005,cache,36032
8217163,cache,33782
8217198,cache,34741
8217253,cache,33622
8217402,cache,47635
8216878,cache,46287
8217403,cache,46640
8217660,cache,55588
8216879,cache,189974
8216965,cache,508381
8217060,cache,715208
8217164,cache,1065965
8217213,cache,538376
8217329,cache,587706
8217394,cache,426702
8217557,cache,398756
8217653,cache,214033
8217686,cache,544004
8217740,cache,187941
8217777,cache,346801
8217812,cache,223976
20016564,200,61435
20016742,200,56256
20016743,200,56272
20017001,200,58998
20017861,200,56772
8217045,cache,53690
8217640,cache,87621
8217726,cache,59576
8217760,cache,85491
8217785,cache,62948
20014978,200,62051
20016151,200,65189
20016320,200,60753
20016547,200,59073
20016548,200,56396
20016705,200,57847
20016934,200,62331
20017186,200,57716
20017238,200,57295
20017266,200,57190
20017387,200,56763
20017595,200,67007
20017615,200,57396
20017626,200,58853
20013919,200,76332
20016256,200,56000
20012719,200,114351
20015037,200,89951
20016193,200,96821
20016555,200,136588
20016887,200,103723
20017160,200,88121
20017317,200,92403
20017502,200,88414
20017660,200,111200
20016162,200,58303
20016393,200,87813
20016906,200,60464
20017173,200,57806
8217165,cache,93215
8217353,cache,44841
8217850,cache,79231
20013837,200,54485
20013913,200,56930
20013914,200,58032
20013915,200,58674
20014935,200,56884
20014936,200,56933
20014937,200,58768
20014984,200,56670
20014985,200,56915
20014986,200,56591
20015060,200,57192
20015061,200,56300
20015067,200,57589
20015068,200,58203
20015069,200,57345
20016066,200,56411
20016067,200,56450
20016094,200,57246
20016095,200,57241
20016096,200,56898
20016213,200,58873
20016214,200,61863
20016215,200,56492
20016216,200,56217
20016217,200,56204
20016218,200,57022
20016219,200,56217
20016220,200,56575
20016221,200,56586
20016222,200,56845
20016223,200,56488
20016224,200,56226
20016225,200,56859
20016229,200,65864
20016246,200,56232
20016247,200,56583
20016259,200,57058
20016260,200,57536
20016261,200,59620
20016280,200,57230
20016281,200,59062
20016282,200,58144
20016296,200,59229
20016297,200,59256
20016327,200,57734
20016328,200,58129
20016329,200,56643
20016408,200,57078
20016428,200,57952
20016429,200,57059
20016430,200,56877
20016431,200,58531
20016432,200,58547
20016462,200,58904
20016463,200,58539
20016464,200,57569
20016500,200,56710
20016501,200,57673
20016522,200,59969
20016523,200,59386
20016524,200,59967
20016551,200,58394
20016552,200,58789
20016553,200,58412
20016672,200,58382
20016673,200,56675
20016674,200,58627
20016716,200,56979
20016717,200,58884
20016718,200,59227
20016764,200,60496
20016765,200,60528
20016766,200,57037
20016767,200,58355
20016819,200,58078
20016839,200,58187
20016840,200,63306
20016841,200,58673
20016852,200,59420
20016853,200,59403
20016875,200,59213
20016876,200,59240
20016912,200,62284
20016913,200,58419
20016914,200,61963
20016958,200,60732
20016959,200,60701
20016994,200,60997
20016995,200,60067
20016996,200,58356
20016997,200,57581
20017024,200,58951
20017025,200,58747
20017073,200,61824
20017074,200,57127
20017075,200,59737
20017076,200,64410
20017125,200,57464
20017126,200,57475
20017207,200,57134
20017208,200,57349
20017209,200,57365
20017306,200,60274
20017307,200,59005
20017308,200,57746
20017310,200,58323
20017376,200,57405
20017377,200,58726
20017378,200,60054
20017389,200,57281
20017390,200,59856
20017391,200,59865
20017424,200,58142
20017425,200,57203
20017426,200,58149
20017532,200,58505
20017533,200,58960
20017534,200,57500
20017535,200,57476
20017590,200,57054
20017591,200,61537
20017592,200,61542
20017635,200,57507
20017636,200,57498
20017637,200,58825
20017699,200,57316
20017700,200,60178
20017701,200,60667
20017729,200,56938
20017730,200,57360
20017731,200,59628
20017793,200,57346
20017794,200,57312
20017795,200,59645
20017874,200,56898
20017875,200,58806
8219062,cache,51635
20016074,200,55731
20016737,200,56972
8217343,cache,54857
8217769,cache,222975
8217786,cache,531772
20013879,200,59923
20016692,200,84135
20016871,200,79985
20017513,200,83693
20016969,200,56609
20014991,200,55968
20016167,200,56928
20016535,200,55557
20016715,200,56009
20017194,200,58231
20017324,200,57746
20017526,200,57982
20017772,200,56878
8216973,cache,338166
8217166,cache,303148
8217208,cache,299808
8217209,cache,967610
8217233,cache,351208
8217323,cache,169269
8217405,cache,192278
8217570,cache,151474
8217659,cache,248079
8217680,cache,170364
8217747,cache,294104
8217799,cache,195716
8217819,cache,475305
20013840,200,56641
20016342,200,93072
20016540,200,103337
20016699,200,56463
20016866,200,81771
20017274,200,92307
20017612,200,57062
20017020,200,57471
20017182,200,63051
20017172,200,62779
20017174,200,57272
20017362,200,70787
20016922,200,56650
20017819,200,64656
20016183,200,57295
20016917,200,57307
20016423,200,56662
20017541,200,59952
20017017,200,57586
20015042,200,58227
20016155,200,56460
20016340,200,58776
20016726,200,61853
20016961,200,62317
20017123,200,57162
20017460,200,56717
20017834,200,58097
20016365,200,56015
20016738,200,61220
20017187,200,60196
20017443,200,56702
20017676,200,61418
20017902,200,59322
20015024,200,59100
20016400,200,57773
20016586,200,58597
20016735,200,57247
20016923,200,59380
20017148,200,62790
20017351,200,59082
20017509,200,56314
20017661,200,57354
20017873,200,56130
20013881,200,62278
20015014,200,76691
20016196,200,100591
20016369,200,62889
20016559,200,114219
20016759,200,79626
20016896,200,64006
20017129,200,57256
20017340,200,63486
20017490,200,78859
20017677,200,61163
20017820,200,61164
20014996,200,55197
20017109,200,57104
20015008,200,55604
20016354,200,56076
20016619,200,57758
20016736,200,55711
20017095,200,56810
20017653,200,56758
20013909,200,55569
20016152,200,57900
20016251,200,56622
20016465,200,55698
8216972,cache,705912
8217084,cache,483098
8217121,cache,1390413
8217226,cache,807486
8217291,cache,493202
8217378,cache,352328
8217489,cache,663694
8217646,cache,348947
8217677,cache,299525
8217728,cache,434734
8217770,cache,675720
8217813,cache,585904
8216974,cache,27181
8217103,cache,26863
8217212,cache,29261
8217324,cache,49417
8217326,cache,28149
8217365,cache,53655
8217631,cache,27644
8217632,cache,28714
8217682,cache,29575
8217743,cache,29527
8217772,cache,27754
8217802,cache,28208
8216915,cache,66014
8217006,cache,66807
8217114,cache,72146
8217188,cache,70691
8217281,cache,69267
8217345,cache,66884
8217419,cache,61422
8217604,cache,107947
8217674,cache,65358
8217692,cache,34076
8217744,cache,62855
8217791,cache,34241
8217839,cache,29928
20012154,200,56971
20017090,200,82457
20016128,200,57409
20016593,200,57015
20017436,200,58307
20014952,200,59405
20016514,200,64855
20017040,200,60110
20017563,200,58603
20017356,200,59544
8216880,cache,30668
8217364,cache,30955
20017832,200,58479
20017877,200,56638
20017878,200,56949
20017879,200,59356
8216960,cache,64597
8217051,cache,68617
8217141,cache,157022
8217225,cache,66422
8217339,cache,70443
8217406,cache,164516
8217654,cache,42102
8217689,cache,60867
8217745,cache,66032
8217789,cache,92372
8217824,cache,74549
20014972,200,56953
20016189,200,61225
9115545,cache,29661
20017399,200,57606
20017929,200,66772
20016837,200,60275
20016481,200,328064
20016566,200,59986
20016829,200,57560
20016984,200,57613
20012366,200,60524
20013877,200,67525
20015059,200,65182
20016170,200,56235
20016323,200,105805
20016694,200,60031
20016803,200,57272
20017295,200,57658
20014943,200,60673
20017042,200,57025
20016276,200,57203
20016477,200,56281
20017718,200,56836
20013833,200,81432
20015002,200,81853
20016143,200,81330
20016348,200,83668
20016703,200,81888
20017111,200,64819
20016927,200,66161
8216975,cache,92352
8217123,cache,167727
8217182,cache,62871
8217211,cache,97249
8217325,cache,62027
8217346,cache,60588
8217384,cache,66751
8217423,cache,66265
8217635,cache,37581
8217681,cache,35797
20016358,200,56731
20016359,200,56989
20017674,200,57086
8216961,cache,46831
8217065,cache,57773
8217771,cache,32384
20017917,200,57429
20013855,200,53410
20016171,200,59528
20016357,200,58428
20016392,200,60168
20016539,200,58338
20016723,200,58045
20016870,200,57068
20017597,200,59510
20015044,200,55429
20016184,200,56978
20016397,200,59014
20016570,200,56846
20016731,200,58480
20016902,200,57751
20017711,200,61536
20017842,200,57202
20016440,200,62384
20016823,200,63613
20017261,200,67213
20017691,200,64688
20017693,200,57350
8217425,cache,75814
8217626,cache,239126
