bioguide,ticker,date,sense
B001284,GE,2020-04-06,Purchase
B001292,MSFT,2020-10-22,Sale
C001123,BKNG,2020-03-12,Purchase
C001123,CBOE,2020-04-29,Purchase
C001123,CNP,2020-03-18,Sale
C001123,DISCA,2020-03-18,Purchase
F000462,PBF,2020-06-09,Purchase
G000583,VZ,2020-07-23,Purchase
K000389,1AMT_MI,2020-03-12,Purchase
K000389,1AMT_MI,2020-05-19,Purchase
K000389,1AMT_MI,2020-08-17,Purchase
K000389,1AMT_MI,2020-09-17,Purchase
K000389,A,2020-02-11,Purchase
K000389,AAL,2020-02-11,Purchase
K000389,AAL,2020-05-20,Purchase
K000389,AAPL,2020-05-07,Sale
K000389,AAPL,2020-05-20,Sale
K000389,AAPL,2020-07-28,Sale
K000389,ABBV,2020-11-03,Purchase
K000389,ABT,2020-02-11,Purchase
K000389,ABT,2020-05-20,Purchase
K000389,ACGL,2020-02-11,Purchase
K000389,ACGL,2020-05-19,Purchase
K000389,ACM,2020-02-20,Purchase
K000389,ACN,2020-05-20,Purchase
K000389,ADBE,2020-05-20,Purchase
K000389,ADBE,2020-09-17,Sale
K000389,ADI,2020-04-07,Sale
K000389,ADI,2020-10-03,Purchase
K000389,ADM,2020-03-05,Sale
K000389,ADM,2020-04-07,Sale
K000389,ADM,2020-07-21,Purchase
K000389,ADP,2020-05-20,Purchase
K000389,ADP,2020-11-13,Purchase
K000389,ADT,2020-11-03,Sale
K000389,AEP,2020-02-11,Purchase
K000389,AEP,2020-05-20,Purchase
K000389,AER,2020-05-20,Purchase
K000389,AFG,2020-01-08,Sale
K000389,AFG,2020-02-11,Purchase
K000389,AFG,2020-05-20,Sale
K000389,AFG,2020-09-29,Purchase
K000389,AGN,2020-04-07,Purchase
K000389,AGO,2020-03-29,Sale
K000389,AGR,2020-07-21,Purchase
K000389,AIG,2020-05-20,Purchase
K000389,ALB,2020-02-19,Sale
K000389,ALB,2020-11-03,Sale
K000389,ALGN,2020-05-20,Purchase
K000389,ALK,2020-05-20,Purchase
K000389,ALL,2020-02-11,Sale
K000389,ALL,2020-05-20,Purchase
K000389,ALL,2020-07-28,Sale
K000389,ALXN,2020-02-11,Purchase
K000389,AMAT,2020-02-11,Purchase
K000389,AMAT,2020-07-21,Purchase
K000389,AMCR,2020-05-20,Purchase
K000389,AMD,2020-07-25,Purchase
K000389,AMGN,2020-09-29,Purchase
K000389,AMGN,2020-11-03,Sale
K000389,AMP,2020-02-11,Sale
K000389,AMP,2020-03-05,Sale
K000389,AMT,2020-02-11,Sale
K000389,AMZN,2020-02-11,Purchase
K000389,AMZN,2020-03-05,Sale
K000389,ANET,2020-01-03,Sale
K000389,ANET,2020-09-29,Purchase
K000389,ANSS,2020-02-11,Purchase
K000389,ANTM,2020-07-23,Sale
K000389,AON,2020-02-11,Purchase
K000389,AONE,2020-02-11,Purchase
K000389,AOS,2020-02-11,Sale
K000389,ARW,2020-02-11,Purchase
K000389,ARW,2020-03-05,Sale
K000389,ATH,2020-01-08,Purchase
K000389,ATH_PC,2020-02-11,Sale
K000389,ATH_PC,2020-04-07,Purchase
K000389,ATH_PC,2020-05-20,Purchase
K000389,ATRN,2020-02-02,Purchase
K000389,ATRN,2020-10-19,Purchase
K000389,ATRN,2020-11-06,Purchase
K000389,AVT,2020-02-11,Purchase
K000389,AXNT,2020-03-05,Sale
K000389,AXP,2020-05-20,Sale
K000389,BA,2020-04-07,Sale
K000389,BA,2020-07-23,Purchase
K000389,BA,2020-10-03,Purchase
K000389,BAC,2020-01-05,Purchase
K000389,BAC,2020-03-05,Sale
K000389,BAC,2020-05-20,Purchase
K000389,BAC,2020-05-20,Sale
K000389,BAC,2020-05-21,Purchase
K000389,BAC,2020-07-16,Purchase
K000389,BAC,2020-07-23,Purchase
K000389,BAM,2020-05-20,Purchase
K000389,BAX,2020-02-11,Purchase
K000389,BCPC,2020-04-07,Sale
K000389,BDX,2020-01-08,Sale
K000389,BDX,2020-02-11,Purchase
K000389,BDX,2020-07-10,Purchase
K000389,BDX,2020-11-18,Purchase
K000389,BEN,2020-01-01,Purchase
K000389,BEN,2020-03-05,Sale
K000389,BEN,2020-05-20,Purchase
K000389,BERY,2020-04-07,Sale
K000389,BGSF,2020-10-20,Purchase
K000389,BIIB,2020-05-20,Sale
K000389,BIIB,2020-07-29,Purchase
K000389,BIIB,2020-08-01,Purchase
K000389,BIIB,2020-11-13,Purchase
K000389,BIPC,2020-05-13,Purchase
K000389,BK,2020-04-10,Sale
K000389,BKI,2020-05-19,Purchase
K000389,BKNG,2020-02-09,Sale
K000389,BKNG,2020-03-05,Sale
K000389,BKNG,2020-05-20,Purchase
K000389,BKNG,2020-10-03,Purchase
K000389,BKR,2020-02-11,Purchase
K000389,BLK,2020-04-07,Purchase
K000389,BLK,2020-05-28,Sale
K000389,BLL,2020-02-11,Purchase
K000389,BLL,2020-04-24,Sale
K000389,BRK_A,2020-04-07,Sale
K000389,BRK_B,2020-02-11,Purchase
K000389,BRK_B,2020-03-09,Purchase
K000389,BRK_B,2020-04-14,Sale
K000389,BRK_B,2020-05-20,Sale
K000389,BRK_B,2020-07-23,Purchase
K000389,BRK_B,2020-07-28,Purchase
K000389,BRK_B,2020-07-29,Sale
K000389,BRX,2020-05-20,Purchase
K000389,C,2020-01-08,Sale
K000389,C,2020-02-11,Purchase
K000389,C,2020-02-11,Sale
K000389,C,2020-05-20,Purchase
K000389,C,2020-09-23,Sale
K000389,CAE,2020-05-20,Purchase
K000389,CARM,2020-02-11,Purchase
K000389,CAT,2020-04-24,Sale
K000389,CAT,2020-05-20,Purchase
K000389,CATO,2020-02-11,Purchase
K000389,CB,2020-04-07,Purchase
K000389,CB,2020-05-20,Purchase
K000389,CB,2020-11-03,Purchase
K000389,CBS,2020-02-11,Purchase
K000389,CBS,2020-02-11,Sale
K000389,CBS,2020-02-20,Purchase
K000389,CBS,2020-02-21,Purchase
K000389,CBS,2020-02-24,Purchase
K000389,CBS,2020-02-25,Purchase
K000389,CBS,2020-02-26,Purchase
K000389,CBS,2020-04-17,Sale
K000389,CBS,2020-05-20,Purchase
K000389,CC,2020-04-07,Sale
K000389,CCE,2020-01-08,Purchase
K000389,CCE,2020-05-20,Sale
K000389,CCL,2020-05-20,Purchase
K000389,CDNS,2020-02-11,Purchase
K000389,CE,2020-02-11,Purchase
K000389,CE,2020-04-07,Sale
K000389,CEQP,2020-02-11,Sale
K000389,CERN,2020-04-07,Sale
K000389,CF,2020-03-05,Sale
K000389,CFG,2020-02-11,Sale
K000389,CFG,2020-03-05,Sale
K000389,CFG,2020-04-07,Sale
K000389,CGNX,2020-04-07,Sale
K000389,CHD,2020-02-11,Purchase
K000389,CHKP,2020-07-21,Purchase
K000389,CHNG,2020-03-05,Sale
K000389,CHNG,2020-04-07,Sale
K000389,CHRW,2020-03-05,Sale
K000389,CHTR,2020-11-13,Purchase
K000389,CI,2020-11-03,Purchase
K000389,CIEN,2020-02-11,Purchase
K000389,CIEN,2020-03-05,Sale
K000389,CL,2020-02-11,Purchase
K000389,CL,2020-11-05,Purchase
K000389,CLNY,2020-04-07,Purchase
K000389,CLX,2020-01-05,Purchase
K000389,CMCSA,2020-05-20,Purchase
K000389,CMCSA,2020-07-29,Sale
K000389,CMG,2020-03-05,Sale
K000389,CMG,2020-10-26,Purchase
K000389,CMI,2020-04-07,Sale
K000389,CMI,2020-05-20,Purchase
K000389,CNA,2020-04-07,Sale
K000389,CNA,2020-05-20,Purchase
K000389,CNP,2020-02-11,Purchase
K000389,CNP,2020-07-21,Purchase
K000389,COF,2020-02-11,Sale
K000389,COF,2020-05-10,Purchase
K000389,COMM,2020-02-11,Purchase
K000389,COMM,2020-03-05,Sale
K000389,COP,2020-05-20,Purchase
K000389,COST,2020-02-11,Purchase
K000389,COST,2020-10-03,Purchase
K000389,CPRI,2020-03-05,Sale
K000389,CPRT,2020-04-07,Sale
K000389,CRL,2020-04-07,Sale
K000389,CRM,2020-07-21,Purchase
K000389,CRM,2020-09-01,Purchase
K000389,CRM,2020-10-03,Purchase
K000389,CSCO,2020-02-11,Sale
K000389,CSCO,2020-11-03,Sale
K000389,CSX,2020-02-11,Sale
K000389,CSX,2020-04-14,Sale
K000389,CTRL1,2020-05-20,Sale
K000389,CVX,2020-05-20,Purchase
K000389,CVX,2020-07-28,Sale
K000389,CVX,2020-08-29,Purchase
K000389,CVX,2020-11-03,Sale
K000389,CXO,2020-07-23,Purchase
K000389,DAL,2020-02-11,Purchase
K000389,DAL,2020-02-11,Sale
K000389,DAL,2020-02-25,Purchase
K000389,DAL,2020-11-13,Sale
K000389,DD,2020-02-11,Purchase
K000389,DD,2020-05-07,Purchase
K000389,DD,2020-07-20,Purchase
K000389,DD,2020-07-28,Purchase
K000389,DD,2020-07-29,Purchase
K000389,DE,2020-02-11,Purchase
K000389,DE,2020-05-20,Purchase
K000389,DFS,2020-02-11,Sale
K000389,DFS,2020-03-05,Sale
K000389,DFS,2020-04-07,Sale
K000389,DG,2020-01-08,Purchase
K000389,DG,2020-02-11,Sale
K000389,DGX,2020-03-05,Sale
K000389,DHR,2020-02-11,Sale
K000389,DHR,2020-05-20,Purchase
K000389,DIS,2020-02-12,Purchase
K000389,DIS,2020-04-24,Purchase
K000389,DIS,2020-05-20,Purchase
K000389,DIS,2020-11-13,Sale
K000389,DISCA,2020-03-05,Sale
K000389,DISH,2020-01-29,Sale
K000389,DISH,2020-07-29,Sale
K000389,DOMA,2020-02-11,Purchase
K000389,DT,2020-04-07,Purchase
K000389,DTE,2020-02-11,Sale
K000389,DUK,2020-01-06,Sale
K000389,DUK,2020-05-20,Purchase
K000389,DUK,2020-07-23,Sale
K000389,DUK,2020-10-03,Purchase
K000389,DVN,2020-07-28,Purchase
K000389,DXC,2020-04-05,Sale
K000389,DXC,2020-07-28,Purchase
K000389,EBAY,2020-11-03,Purchase
K000389,ECL,2020-02-11,Purchase
K000389,ED,2020-02-11,Sale
K000389,ED,2020-04-07,Sale
K000389,ED,2020-05-20,Purchase
K000389,ED,2020-07-28,Sale
K000389,EDAC,2020-01-08,Purchase
K000389,EDAC,2020-02-11,Purchase
K000389,EFX,2020-02-11,Purchase
K000389,EHC,2020-09-23,Purchase
K000389,EIX,2020-02-13,Sale
K000389,EIX,2020-07-21,Purchase
K000389,ELAN,2020-07-21,Purchase
K000389,ELN,2020-04-14,Purchase
K000389,EMR,2020-02-11,Purchase
K000389,EMR,2020-05-20,Purchase
K000389,EOAN,2020-05-20,Sale
K000389,EOG,2020-02-11,Purchase
K000389,EOG,2020-05-07,Purchase
K000389,EOG,2020-05-20,Purchase
K000389,EOG,2020-11-08,Purchase
K000389,EPR,2020-05-20,Purchase
K000389,EQIX,2020-01-08,Sale
K000389,EQIX,2020-02-11,Purchase
K000389,EQM,2020-02-19,Sale
K000389,EQR,2020-02-11,Sale
K000389,EQR,2020-03-05,Sale
K000389,ESS,2020-01-08,Purchase
K000389,ET,2020-02-11,Sale
K000389,ETN,2020-05-20,Purchase
K000389,ETR,2020-02-11,Purchase
K000389,ETR,2020-04-18,Sale
K000389,ETRADE,2020-01-08,Purchase
K000389,EVRG,2020-04-07,Sale
K000389,EVRG,2020-05-29,Purchase
K000389,EW,2020-03-05,Sale
K000389,EW,2020-05-20,Purchase
K000389,EW,2020-07-28,Purchase
K000389,EXC,2020-02-11,Purchase
K000389,EXC,2020-05-20,Purchase
K000389,EXC,2020-07-23,Purchase
K000389,EXEL,2020-01-08,Sale
K000389,EXPD,2020-02-11,Sale
K000389,EXPD,2020-04-07,Sale
K000389,EXPE,2020-05-20,Sale
K000389,EXR,2020-02-11,Purchase
K000389,F,2020-02-11,Purchase
K000389,F,2020-04-07,Sale
K000389,F,2020-05-20,Purchase
K000389,FANG,2020-02-11,Purchase
K000389,FANG,2020-05-20,Sale
K000389,FAST,2020-04-07,Sale
K000389,FB,2019-12-27,Purchase
K000389,FB,2020-03-12,Purchase
K000389,FB,2020-03-27,Purchase
K000389,FB,2020-05-19,Purchase
K000389,FB,2020-05-20,Purchase
K000389,FB,2020-05-30,Purchase
K000389,FB,2020-06-30,Purchase
K000389,FB,2020-07-28,Sale
K000389,FB,2020-09-09,Sale
K000389,FB,2020-10-03,Purchase
K000389,FBHS,2020-02-11,Sale
K000389,FCX,2020-05-20,Sale
K000389,FDX,2019-12-18,Purchase
K000389,FDX,2020-01-08,Sale
K000389,FDX,2020-04-07,Purchase
K000389,FDX,2020-08-14,Sale
K000389,FE,2020-03-24,Sale
K000389,FEYE,2020-02-25,Purchase
K000389,FEYE,2020-11-21,Purchase
K000389,FEYE,2020-11-23,Purchase
K000389,FFIV,2020-01-05,Sale
K000389,FI,2020-02-11,Purchase
K000389,FI,2020-04-07,Sale
K000389,FI,2020-05-20,Sale
K000389,FI,2020-10-05,Purchase
K000389,FIS,2020-02-11,Purchase
K000389,FLT,2020-11-13,Purchase
K000389,FRC_PL,2020-05-13,Purchase
K000389,FRC_PL,2020-05-27,Sale
K000389,FRT,2020-01-01,Sale
K000389,FRT,2020-02-11,Purchase
K000389,FRT,2020-03-05,Sale
K000389,FTV,2020-02-11,Purchase
K000389,FTV,2020-04-07,Sale
K000389,FXENP,2020-10-19,Purchase
K000389,GCI,2020-04-07,Sale
K000389,GD,2020-02-11,Sale
K000389,GD,2020-04-07,Sale
K000389,GD,2020-05-20,Purchase
K000389,GD,2020-07-25,Purchase
K000389,GDDY,2020-02-11,Purchase
K000389,GIS,2020-02-11,Sale
K000389,GLW,2020-03-05,Sale
K000389,GLW,2020-08-03,Sale
K000389,GLW,2020-09-13,Sale
K000389,GM,2020-03-05,Sale
K000389,GM,2020-05-20,Purchase
K000389,GM,2020-07-28,Purchase
K000389,GNCMA,2020-05-13,Purchase
K000389,GOOG,2020-07-29,Sale
K000389,GOOGL,2020-02-11,Sale
K000389,GWW,2020-02-11,Purchase
K000389,HACH,2020-09-14,Sale
K000389,HAL,2020-05-20,Purchase
K000389,HBAN,2020-02-11,Sale
K000389,HBI,2020-02-11,Purchase
K000389,HCA,2020-05-20,Purchase
K000389,HD,2020-04-07,Purchase
K000389,HDS,2020-02-11,Purchase
K000389,HDS,2020-03-05,Sale
K000389,HES,2020-05-20,Sale
K000389,HFWA,2020-02-11,Purchase
K000389,HFWA,2020-04-07,Sale
K000389,HHH,2020-05-13,Purchase
K000389,HIG,2020-02-11,Sale
K000389,HLT,2020-07-23,Sale
K000389,HLT,2020-07-25,Sale
K000389,HLT,2020-07-28,Purchase
K000389,HPE,2020-03-05,Purchase
K000389,HPE,2020-10-03,Sale
K000389,HPQ,2020-02-11,Purchase
K000389,HST,2020-04-05,Sale
K000389,HSY,2020-02-11,Purchase
K000389,HSY,2020-04-14,Sale
K000389,HUM,2020-05-20,Purchase
K000389,IBM,2020-03-05,Purchase
K000389,ICE,2020-04-07,Sale
K000389,ICNT,2020-05-20,Sale
K000389,IDXX,2020-02-11,Purchase
K000389,IDXX,2020-03-05,Sale
K000389,IFF,2020-02-11,Purchase
K000389,IFF,2020-03-05,Sale
K000389,IHS,2019-12-27,Purchase
K000389,ILMN,2020-03-05,Sale
K000389,ILMN,2020-05-13,Purchase
K000389,ILMN,2020-08-13,Purchase
K000389,INCY,2020-02-11,Purchase
K000389,INFO,2020-02-11,Purchase
K000389,INFO,2020-03-12,Purchase
K000389,INFO,2020-04-07,Sale
K000389,INFO,2020-05-13,Purchase
K000389,INFO,2020-05-19,Purchase
K000389,INTC,2020-05-20,Purchase
K000389,INTC,2020-11-13,Purchase
K000389,INTR,2020-04-07,Sale
K000389,IP,2020-02-11,Purchase
K000389,IQV,2020-01-08,Purchase
K000389,IQV,2020-03-05,Sale
K000389,IQV,2020-05-20,Purchase
K000389,IQV,2020-07-28,Purchase
K000389,ISRG,2020-02-11,Purchase
K000389,ISRG,2020-05-20,Purchase
K000389,ISRG,2020-07-28,Purchase
K000389,ISRG,2020-11-13,Sale
K000389,ITW,2020-05-20,Purchase
K000389,IVDA,2020-02-11,Purchase
K000389,IVDA,2020-04-07,Sale
K000389,JEC,2020-04-07,Sale
K000389,JNPR,2020-11-03,Purchase
K000389,JPM,2020-03-15,Purchase
K000389,JPM,2020-05-07,Purchase
K000389,JPM,2020-05-20,Purchase
K000389,JPM,2020-05-26,Purchase
K000389,KAL,2020-07-29,Sale
K000389,KAL,2020-11-03,Purchase
K000389,KEY,2020-02-11,Sale
K000389,KEY,2020-03-05,Sale
K000389,KEYS,2020-05-20,Sale
K000389,KLAC,2020-05-20,Purchase
K000389,KMB,2020-01-03,Purchase
K000389,KMB,2020-11-08,Purchase
K000389,KMI,2020-02-11,Purchase
K000389,KMI,2020-04-26,Sale
K000389,KO,2020-05-20,Purchase
K000389,KO,2020-05-20,Sale
K000389,KO,2020-07-22,Purchase
K000389,KSU,2020-02-11,Sale
K000389,L,2020-07-28,Purchase
K000389,LB,2020-05-20,Sale
K000389,LBRDA,2020-04-07,Purchase
K000389,LBRDA,2020-05-13,Purchase
K000389,LBRDA,2020-07-27,Sale
K000389,LBRDA,2020-07-29,Sale
K000389,LBRDK,2020-05-13,Purchase
K000389,LBTYK,2020-05-20,Sale
K000389,LEN_B,2020-02-11,Purchase
K000389,LEN_B,2020-03-05,Purchase
K000389,LEN_B,2020-04-07,Sale
K000389,LGFA,2020-10-14,Purchase
K000389,LGF_B,2020-07-29,Purchase
K000389,LHX,2020-02-11,Purchase
K000389,LHX,2020-03-05,Sale
K000389,LHX,2020-11-03,Purchase
K000389,LIN,2020-02-24,Sale
K000389,LIN,2020-05-10,Purchase
K000389,LIN,2020-05-20,Purchase
K000389,LLY_WD,2020-02-11,Purchase
K000389,LLY_WD,2020-04-14,Purchase
K000389,LLY_WD,2020-11-03,Sale
K000389,LMCA,2020-04-07,Sale
K000389,LMCA,2020-05-13,Purchase
K000389,LMT,2020-02-11,Sale
K000389,LMT,2020-04-13,Sale
K000389,LMT,2020-05-20,Purchase
K000389,LNC,2020-05-20,Purchase
K000389,LNG,2020-02-11,Purchase
K000389,LNG,2020-03-05,Sale
K000389,LNG,2020-07-25,Sale
K000389,LRCX,2020-01-08,Sale
K000389,LRCX,2020-05-07,Purchase
K000389,LUV,2020-03-05,Sale
K000389,LVS,2020-03-05,Sale
K000389,LVS,2020-05-20,Purchase
K000389,LYV,2020-03-05,Sale
K000389,LYV,2020-05-07,Sale
K000389,LYV,2020-07-01,Sale
K000389,LYV,2020-07-13,Sale
K000389,MA,2020-05-20,Purchase
K000389,MA,2020-11-08,Sale
K000389,MAR,2020-07-23,Sale
K000389,MCD,2020-01-08,Sale
K000389,MCD,2020-04-24,Sale
K000389,MCD,2020-05-20,Purchase
K000389,MCD,2020-11-08,Purchase
K000389,MCHP,2020-02-11,Purchase
K000389,MCK,2020-02-11,Purchase
K000389,MDT,2020-05-20,Purchase
K000389,MDT,2020-10-13,Purchase
K000389,MDT,2020-11-03,Purchase
K000389,MHK,2020-03-05,Sale
K000389,MJCO,2020-05-20,Purchase
K000389,MKSI,2020-01-08,Purchase
K000389,MKSI,2020-05-20,Sale
K000389,MLM,2020-02-11,Sale
K000389,MLM,2020-05-20,Sale
K000389,MMC,2020-01-01,Purchase
K000389,MMC,2020-02-11,Purchase
K000389,MNST,2020-03-05,Sale
K000389,MOS,2019-12-04,Sale
K000389,MOS,2020-02-11,Purchase
K000389,MPET,2020-01-22,Sale
K000389,MPET,2020-02-11,Sale
K000389,MPET,2020-07-20,Sale
K000389,MPLX,2019-12-19,Purchase
K000389,MRK,2020-03-05,Sale
K000389,MRK,2020-04-06,Sale
K000389,MRK,2020-04-07,Sale
K000389,MRK,2020-07-20,Purchase
K000389,MRO,2020-07-28,Purchase
K000389,MS,2020-05-20,Purchase
K000389,MSFT,2020-03-05,Sale
K000389,MSG_W,2020-04-07,Sale
K000389,MSM,2020-02-11,Purchase
K000389,MTB,2020-02-11,Sale
K000389,MTB,2020-03-05,Purchase
K000389,MTG,2020-04-14,Purchase
K000389,MU,2020-04-07,Purchase
K000389,MU,2020-05-07,Purchase
K000389,MU,2020-05-27,Purchase
K000389,MU,2020-05-28,Purchase
K000389,MU,2020-07-28,Purchase
K000389,MXIM,2020-07-28,Purchase
K000389,NBL,2020-02-11,Purchase
K000389,NBL,2020-10-03,Sale
K000389,NDSN,2020-01-08,Sale
K000389,NEE,2020-05-20,Purchase
K000389,NFLX,2020-02-11,Purchase
K000389,NFLX,2020-07-23,Sale
K000389,NFLX,2020-09-27,Purchase
K000389,NGEN,2020-03-24,Sale
K000389,NI,2020-01-03,Purchase
K000389,NI,2020-02-11,Purchase
K000389,NI,2020-04-07,Sale
K000389,NKE,2020-03-05,Sale
K000389,NKE,2020-03-20,Purchase
K000389,NKE,2020-04-14,Sale
K000389,NKE,2020-10-03,Purchase
K000389,NLSN,2020-02-11,Purchase
K000389,NNN,2020-05-20,Purchase
K000389,NOC,2020-04-18,Sale
K000389,NOW,2020-01-09,Purchase
K000389,NPTN,2020-03-24,Sale
K000389,NRG,2020-03-05,Sale
K000389,NRG,2020-11-03,Purchase
K000389,NSC,2020-04-14,Sale
K000389,NVDA,2020-02-11,Purchase
K000389,NVDA,2020-03-27,Sale
K000389,NVR,2020-01-06,Purchase
K000389,NWSA,2020-05-20,Sale
K000389,NXPI,2020-01-06,Sale
K000389,O,2020-02-11,Sale
K000389,OCAI,2020-05-11,Sale
K000389,OCAI,2020-05-21,Sale
K000389,ODFL,2020-02-11,Sale
K000389,OKE,2020-02-11,Sale
K000389,OKE,2020-10-03,Purchase
K000389,OMC,2020-02-11,Sale
K000389,OMG,2020-09-22,Purchase
K000389,ON,2020-05-20,Purchase
K000389,ORCL,2020-02-11,Purchase
K000389,ORCL,2020-02-11,Sale
K000389,ORCL,2020-03-05,Sale
K000389,ORCL,2020-05-20,Purchase
K000389,ORCL,2020-07-28,Purchase
K000389,ORLY,2020-02-11,Sale
K000389,ORLY,2020-05-19,Purchase
K000389,OXY,2020-02-12,Purchase
K000389,PAYC,2020-04-14,Sale
K000389,PCAR,2020-02-11,Purchase
K000389,PCAR,2020-03-24,Sale
K000389,PCAR,2020-04-14,Sale
K000389,PEAK,2020-02-11,Purchase
K000389,PEAK,2020-04-14,Sale
K000389,PEAK,2020-05-20,Sale
K000389,PEG,2020-05-20,Purchase
K000389,PEG,2020-07-26,Purchase
K000389,PEP,2020-05-20,Purchase
K000389,PFE,2020-02-12,Purchase
K000389,PFE,2020-02-23,Purchase
K000389,PFE,2020-03-20,Purchase
K000389,PFE,2020-05-01,Purchase
K000389,PFE,2020-07-23,Sale
K000389,PFE,2020-09-23,Purchase
K000389,PFE,2020-10-03,Purchase
K000389,PFG,2020-05-20,Purchase
K000389,PG,2020-05-20,Purchase
K000389,PG,2020-07-23,Purchase
K000389,PHM,2020-05-20,Purchase
K000389,PKG,2020-02-11,Purchase
K000389,PKG,2020-03-05,Sale
K000389,PLD,2020-02-13,Purchase
K000389,PM,2020-05-20,Purchase
K000389,PNC,2020-03-24,Sale
K000389,PPC,2020-11-03,Purchase
K000389,PPG,2020-02-12,Purchase
K000389,PPG,2020-04-14,Sale
K000389,PPL,2020-02-11,Purchase
K000389,PPL,2020-03-05,Sale
K000389,PPL,2020-05-20,Purchase
K000389,PRU,2020-02-11,Purchase
K000389,PSTR,2020-01-10,Purchase
K000389,PSX,2020-02-11,Purchase
K000389,PSX,2020-02-11,Sale
K000389,PSX,2020-02-24,Purchase
K000389,PSX,2020-09-29,Purchase
K000389,PSXP,2020-02-11,Purchase
K000389,PTC,2020-03-24,Sale
K000389,PXD,2020-02-11,Purchase
K000389,PYPL,2020-02-11,Purchase
K000389,PYPL,2020-02-11,Sale
K000389,PYPL1,2020-03-12,Purchase
K000389,QCOM,2020-02-11,Sale
K000389,QCOM,2020-03-05,Sale
K000389,QCOM,2020-04-14,Purchase
K000389,QCOM,2020-07-26,Purchase
K000389,QRVO,2020-01-04,Purchase
K000389,QRVO,2020-02-11,Sale
K000389,RE,2020-10-03,Sale
K000389,REG,2020-05-20,Purchase
K000389,RF,2020-03-24,Sale
K000389,RF,2020-05-10,Purchase
K000389,RFXCQ,2020-02-11,Purchase
K000389,RGA,2020-07-22,Purchase
K000389,ROL,2020-02-11,Purchase
K000389,ROP,2020-03-05,Sale
K000389,ROST,2020-10-03,Purchase
K000389,RP,2020-05-13,Purchase
K000389,RSG,2020-05-20,Purchase
K000389,RTX,2020-10-03,Purchase
K000389,SACM,2020-05-13,Purchase
K000389,SAGE,2020-11-03,Purchase
K000389,SBAC,2020-02-11,Sale
K000389,SBAC,2020-05-19,Purchase
K000389,SBAC,2020-05-20,Sale
K000389,SCHW,2020-05-20,Purchase
K000389,SCHW,2020-07-28,Sale
K000389,SEE,2020-02-11,Purchase
K000389,SEE,2020-05-20,Sale
K000389,SHLX,2020-02-19,Sale
K000389,SHW,2020-02-11,Sale
K000389,SIVB,2020-04-07,Sale
K000389,SJM,2020-02-11,Purchase
K000389,SNAP,2020-02-09,Purchase
K000389,SO,2020-05-20,Purchase
K000389,SPG,2020-05-20,Purchase
K000389,SPG,2020-07-23,Purchase
K000389,SPGI,2020-02-11,Purchase
K000389,SPGI,2020-02-11,Sale
K000389,SPGI,2020-03-12,Purchase
K000389,SRE,2020-05-20,Purchase
K000389,SRE,2020-07-26,Purchase
K000389,SRE,2020-07-29,Purchase
K000389,STZ_B,2020-03-05,Sale
K000389,STZ_B,2020-03-24,Sale
K000389,STZ_B,2020-05-20,Purchase
K000389,SUN,2019-12-12,Sale
K000389,SWK,2020-05-20,Purchase
K000389,SYK,2020-05-20,Sale
K000389,SYK,2020-07-21,Purchase
K000389,SYK,2020-11-03,Purchase
K000389,SYMC,2020-01-08,Sale
K000389,SYMC,2020-02-11,Purchase
K000389,SYMC,2020-04-14,Sale
K000389,T,2020-02-02,Sale
K000389,T,2020-02-28,Sale
K000389,T,2020-04-07,Sale
K000389,T,2020-05-20,Purchase
K000389,T,2020-08-17,Purchase
K000389,T,2020-11-08,Purchase
K000389,T,2020-11-13,Purchase
K000389,TCP,2020-02-20,Purchase
K000389,TDA,2020-01-08,Purchase
K000389,TDA,2020-04-14,Sale
K000389,TDA,2020-05-20,Sale
K000389,TDG,2020-02-11,Sale
K000389,TDG,2020-03-05,Sale
K000389,TEL,2020-05-20,Purchase
K000389,TJX,2020-04-07,Sale
K000389,TJX,2020-05-20,Purchase
K000389,TMCI1,2020-04-14,Purchase
K000389,TMO,2020-07-12,Purchase
K000389,TMUSP,2019-12-31,Sale
K000389,TPX,2020-04-07,Purchase
K000389,TRGP,2020-02-11,Sale
K000389,TROW,2020-02-11,Sale
K000389,TRP,2020-02-19,Purchase
K000389,TRV,2020-02-11,Purchase
K000389,TRV,2020-02-11,Sale
K000389,TSLA,2020-04-07,Sale
K000389,TSN,2020-02-11,Purchase
K000389,TSN,2020-05-01,Purchase
K000389,TSN,2020-12-05,Sale
K000389,TT,2020-05-20,Sale
K000389,TT,2020-07-26,Purchase
K000389,TTWO,2020-04-14,Sale
K000389,TWTR,2020-01-03,Sale
K000389,TWTR,2020-02-11,Purchase
K000389,TWTR,2020-02-12,Purchase
K000389,TWTR,2020-04-07,Sale
K000389,TWTR,2020-11-01,Sale
K000389,TWTR,2020-11-03,Purchase
K000389,TXN,2020-05-20,Purchase
K000389,TXN,2020-10-03,Purchase
K000389,TXT,2020-02-11,Purchase
K000389,UAL,2020-05-20,Purchase
K000389,UGI,2020-02-11,Purchase
K000389,UHAL,2020-05-19,Purchase
K000389,ULTA,2020-02-11,Purchase
K000389,UNH,2020-04-24,Purchase
K000389,UNP,2020-05-20,Purchase
K000389,UPS,2020-02-11,Sale
K000389,URBN,2019-12-02,Purchase
K000389,URBN,2019-12-10,Purchase
K000389,URBN,2019-12-16,Purchase
K000389,URBN,2020-01-10,Purchase
K000389,URBN,2020-01-17,Purchase
K000389,URBN,2020-01-23,Purchase
K000389,URBN,2020-07-20,Purchase
K000389,URBN,2020-07-23,Purchase
K000389,URI,2020-02-11,Purchase
K000389,URI,2020-03-05,Sale
K000389,USB,2020-04-08,Sale
K000389,USB,2020-10-03,Purchase
K000389,V,2020-05-20,Purchase
K000389,V,2020-09-01,Purchase
K000389,VAR,2020-03-05,Sale
K000389,VEEV,2020-04-07,Sale
K000389,VFC,2020-05-20,Purchase
K000389,VNO,2020-03-05,Sale
K000389,VRSK,2020-03-24,Sale
K000389,VRSN,2020-02-11,Sale
K000389,VRSN,2020-03-05,Sale
K000389,VRSN,2020-05-19,Purchase
K000389,VRSN,2020-11-03,Sale
K000389,VST,2020-05-20,Sale
K000389,VST,2020-11-03,Sale
K000389,VTR,2020-01-01,Purchase
K000389,VTR,2020-01-08,Purchase
K000389,VTR,2020-03-05,Sale
K000389,VTR,2020-05-20,Purchase
K000389,VZ,2020-10-03,Purchase
K000389,WAB,2020-05-20,Purchase
K000389,WAB,2020-05-22,Purchase
K000389,WAB,2020-07-23,Purchase
K000389,WAB,2020-07-28,Purchase
K000389,WAT,2020-02-11,Purchase
K000389,WAT,2020-03-05,Sale
K000389,WBA,2020-07-22,Purchase
K000389,WCC,2020-02-11,Purchase
K000389,WCN,2020-02-11,Purchase
K000389,WDC,2020-03-05,Sale
K000389,WDC,2020-04-07,Sale
K000389,WDC,2020-05-20,Sale
K000389,WEC,2020-02-11,Sale
K000389,WELL,2020-02-11,Purchase
K000389,WELL,2020-02-11,Sale
K000389,WES,2020-02-11,Sale
K000389,WES,2020-02-21,Sale
K000389,WFC,2020-04-14,Sale
K000389,WFC,2020-05-20,Purchase
K000389,WFC,2020-11-08,Purchase
K000389,WIX,2020-05-19,Purchase
K000389,WM,2020-02-11,Sale
K000389,WPC,2020-05-20,Purchase
K000389,WPX,2020-05-18,Purchase
K000389,WPX,2020-07-27,Purchase
K000389,WRK,2020-04-14,Sale
K000389,WTW,2020-03-05,Sale
K000389,WWE,2020-01-08,Sale
K000389,WWE,2020-05-20,Sale
K000389,XEC,2020-04-14,Sale
K000389,XLNX,2020-01-08,Sale
K000389,XLNX,2020-07-28,Purchase
K000389,XOM,2020-02-11,Sale
K000389,XOM,2020-05-20,Purchase
K000389,XOM,2020-07-28,Purchase
K000389,XOM,2020-10-03,Purchase
K000389,XOM,2020-10-13,Purchase
K000389,XRAY,2020-02-11,Purchase
K000389,XRAY,2020-02-11,Sale
K000389,XRAY,2020-09-23,Purchase
K000389,XRX,2020-07-21,Purchase
K000389,YNDX,2020-01-08,Sale
K000389,YNDX,2020-04-07,Purchase
K000389,YUM,2020-01-08,Purchase
K000389,YUM,2020-02-11,Purchase
K000389,YUM,2020-04-07,Sale
K000389,YUMC,2020-04-07,Purchase
K000389,ZBH,2020-03-05,Sale
K000389,ZBRA,2020-02-11,Sale
K000389,ZG,2020-04-07,Purchase
K000389,ZG,2020-04-07,Sale
K000389,ZTS,2020-05-20,Purchase
K000389,ZTS,2020-11-13,Purchase
L000590,BERY,2020-06-05,Sale
L000590,TMUS,2020-06-26,Purchase
M001157,AAP,2019-12-06,Purchase
M001157,ABCB,2019-12-12,Sale
M001157,ABT,2019-12-12,Sale
M001157,ACQR,2020-01-06,Sale
M001157,ACQR,2020-08-28,Sale
M001157,ADBE,2019-12-12,Sale
M001157,ADP,2019-12-12,Sale
M001157,AEF,2019-12-11,Sale
M001157,AIG,2019-12-17,Purchase
M001157,AIZ,2019-12-12,Sale
M001157,AIZ,2019-12-16,Sale
M001157,AIZ,2019-12-17,Sale
M001157,AIZ,2019-12-18,Sale
M001157,ALBK,2019-12-12,Sale
M001157,ALBK,2020-01-24,Sale
M001157,ALBK,2020-01-27,Sale
M001157,ALBK,2020-01-28,Sale
M001157,ALBK,2020-01-29,Sale
M001157,ALBK,2020-03-17,Sale
M001157,ALBK,2020-03-30,Sale
M001157,AMZN,2019-12-12,Sale
M001157,AON,2020-08-10,Purchase
M001157,AONC,2020-10-30,Sale
M001157,ARCC,2019-12-12,Sale
M001157,ATH_PE,2020-10-02,Sale
M001157,AUMA,2020-04-30,Purchase
M001157,AUMA,2020-08-17,Sale
M001157,AWRE,2020-08-28,Sale
M001157,BABA,2019-12-12,Sale
M001157,BBCN,2020-09-30,Purchase
M001157,BBDC,2019-12-12,Sale
M001157,BDX,2019-12-12,Sale
M001157,BHGE,2020-01-16,Sale
M001157,BHGE,2020-02-21,Purchase
M001157,BHGE,2020-03-30,Purchase
M001157,BHGE,2020-10-16,Sale
M001157,BKNG,2019-12-12,Sale
M001157,BKNG,2019-12-17,Purchase
M001157,BNZI,2019-12-11,Sale
M001157,BRKR,2020-04-02,Purchase
M001157,BRK_A,2020-01-09,Purchase
M001157,BRX,2020-03-03,Purchase
M001157,BRX,2020-03-11,Purchase
M001157,BSX,2019-12-09,Purchase
M001157,BURL,2019-12-12,Sale
M001157,CATM,2019-12-12,Sale
M001157,CATM,2019-12-16,Purchase
M001157,CATM,2019-12-17,Purchase
M001157,CATM,2019-12-18,Purchase
M001157,CATM,2020-03-12,Purchase
M001157,CB,2019-12-12,Sale
M001157,CBPX,2019-12-12,Sale
M001157,CBS,2020-01-08,Purchase
M001157,CBS,2020-02-28,Sale
M001157,CBS,2020-03-30,Purchase
M001157,CBS,2020-04-15,Purchase
M001157,CBS,2020-05-12,Purchase
M001157,CBS,2020-06-03,Purchase
M001157,CCL,2019-12-05,Purchase
M001157,CCL,2019-12-11,Purchase
M001157,CCL,2019-12-16,Purchase
M001157,CCL,2019-12-18,Purchase
M001157,CIIG,2020-05-20,Purchase
M001157,CISC,2020-03-19,Purchase
M001157,CISS,2020-06-02,Sale
M001157,CIVI,2019-12-02,Sale
M001157,CIVI,2019-12-03,Sale
M001157,CIVI,2019-12-04,Sale
M001157,CIVI,2019-12-10,Sale
M001157,CIVI,2019-12-11,Sale
M001157,CIVI,2019-12-12,Sale
M001157,CIVI,2019-12-13,Sale
M001157,CIVI,2019-12-16,Sale
M001157,CMCSA,2019-12-27,Purchase
M001157,CNG,2019-12-12,Sale
M001157,CNG,2020-03-30,Sale
M001157,CNHI,2020-04-03,Purchase
M001157,CNHI,2020-04-06,Purchase
M001157,CNHI,2020-04-07,Purchase
M001157,CNHI,2020-04-08,Purchase
M001157,CNHI,2020-04-09,Purchase
M001157,CNHI,2020-04-13,Purchase
M001157,CNHI,2020-04-14,Purchase
M001157,CNHI,2020-08-08,Purchase
M001157,CNTY,2019-12-12,Sale
M001157,CNTY,2019-12-16,Purchase
M001157,CNTY,2020-02-20,Purchase
M001157,CNTY,2020-02-28,Purchase
M001157,CNTY,2020-08-11,Purchase
M001157,CNXN,2019-12-20,Purchase
M001157,COLV,2020-04-09,Sale
M001157,CORE,2019-12-02,Purchase
M001157,CORE,2019-12-03,Purchase
M001157,CORE,2019-12-04,Purchase
M001157,CORE,2019-12-12,Sale
M001157,CORE,2019-12-16,Purchase
M001157,CORE,2019-12-17,Purchase
M001157,CORE,2019-12-18,Purchase
M001157,CORE,2019-12-19,Purchase
M001157,CORE,2019-12-20,Purchase
M001157,CORE,2019-12-23,Purchase
M001157,CPF,2019-12-12,Sale
M001157,CPF,2020-03-24,Sale
M001157,CPF,2020-03-29,Sale
M001157,CRAI,2019-12-12,Sale
M001157,CRC,2020-05-12,Purchase
M001157,CRC,2020-09-11,Purchase
M001157,CTS,2019-12-12,Sale
M001157,CUL,2020-03-12,Purchase
M001157,CUL,2020-03-16,Purchase
M001157,CUL,2020-04-03,Purchase
M001157,CULP,2019-12-12,Sale
M001157,CYS,2020-06-12,Purchase
M001157,DENN,2019-12-12,Sale
M001157,DG1,2020-01-13,Sale
M001157,DGX,2019-12-12,Sale
M001157,DISH,2019-12-12,Sale
M001157,DKS,2019-12-12,Sale
M001157,DLTR,2019-12-12,Sale
M001157,DLX,2019-12-12,Sale
M001157,DSW,2019-12-12,Sale
M001157,DSW,2020-03-19,Sale
M001157,DSW,2020-03-20,Sale
M001157,DSW,2020-03-23,Sale
M001157,DSW,2020-03-24,Sale
M001157,DSW,2020-03-25,Sale
M001157,DVA,2019-12-05,Sale
M001157,DVA,2019-12-08,Sale
M001157,DVA,2019-12-11,Sale
M001157,DVA,2019-12-16,Sale
M001157,EIS,2020-03-30,Purchase
M001157,EIS,2020-03-31,Purchase
M001157,ELAN,2019-12-12,Sale
M001157,ELN,2020-01-09,Purchase
M001157,ELN,2020-03-09,Purchase
M001157,ELPC,2019-12-04,Purchase
M001157,EPAM,2019-12-12,Sale
M001157,EPRT,2019-12-12,Sale
M001157,ERKA,2020-09-01,Sale
M001157,ETFC,2019-12-20,Purchase
M001157,EXP,2019-12-12,Sale
M001157,FB,2019-12-12,Sale
M001157,FI,2020-01-15,Purchase
M001157,FI,2020-03-17,Sale
M001157,FI,2020-04-22,Sale
M001157,FIX,2020-03-15,Purchase
M001157,FIX,2020-03-16,Purchase
M001157,FLA,2020-07-01,Sale
M001157,FSS,2019-12-12,Sale
M001157,FSS,2020-03-23,Purchase
M001157,FSS,2020-03-25,Purchase
M001157,GEER,2020-08-27,Purchase
M001157,GEPT,2020-03-02,Purchase
M001157,GNCMA,2019-12-12,Sale
M001157,GNCMA,2020-02-25,Sale
M001157,GNCMA,2020-02-26,Sale
M001157,GNCMA,2020-03-23,Purchase
M001157,GNCMA,2020-03-30,Sale
M001157,GOOGL,2019-12-12,Sale
M001157,GPN,2019-12-12,Sale
M001157,GRE,2020-08-23,Sale
M001157,GRE,2020-09-23,Sale
M001157,GTY,2020-01-10,Purchase
M001157,HBMD,2019-12-12,Sale
M001157,HCOM,2020-02-03,Sale
M001157,HDNG,2019-12-11,Sale
M001157,HDS,2019-12-12,Sale
M001157,HELE,2020-03-25,Purchase
M001157,HEN3,2020-10-01,Purchase
M001157,HGTY,2020-03-23,Purchase
M001157,HHH,2020-04-02,Purchase
M001157,HUD,2019-12-12,Sale
M001157,HUD,2020-03-13,Sale
M001157,HUD,2020-03-19,Sale
M001157,IBDY,2019-12-12,Sale
M001157,IBDY,2020-03-24,Exchange
M001157,ICOR2,2020-02-18,Sale
M001157,ICOR2,2020-08-17,Sale
M001157,IMSC,2020-03-18,Sale
M001157,IMSC,2020-04-28,Purchase
M001157,INDG,2020-03-30,Purchase
M001157,INTU,2019-12-12,Sale
M001157,INTU,2019-12-17,Purchase
M001157,ISHC,2019-12-10,Sale
M001157,ISHC,2020-03-25,Purchase
M001157,IVZ,2019-12-12,Sale
M001157,IVZ,2020-03-24,Exchange
M001157,IVZ,2020-03-24,Purchase
M001157,IVZ,2020-03-24,Sale
M001157,KAI,2019-12-12,Sale
M001157,KAR,2019-12-12,Sale
M001157,KEN,2019-12-12,Sale
M001157,KEN,2020-02-27,Purchase
M001157,KEN,2020-10-01,Sale
M001157,KTB,2019-12-12,Sale
M001157,KTO,2020-03-18,Purchase
M001157,KTO,2020-06-01,Sale
M001157,KTO,2020-10-20,Purchase
M001157,LAWS,2020-01-17,Sale
M001157,LDL,2019-12-12,Sale
M001157,LLY_WD,2020-02-20,Sale
M001157,LLY_WD,2020-03-03,Sale
M001157,LLY_WD,2020-03-30,Purchase
M001157,LLY_WD,2020-09-02,Sale
M001157,LMFAU,2020-03-24,Purchase
M001157,LMFAU,2020-03-26,Purchase
M001157,LMRK,2019-12-12,Sale
M001157,LMRK,2020-03-06,Sale
M001157,LMRK,2020-03-09,Sale
M001157,LMRK,2020-03-12,Sale
M001157,LMRK,2020-03-13,Sale
M001157,LMRK,2020-03-16,Sale
M001157,LMRK,2020-03-17,Sale
M001157,LOLI,2020-04-03,Purchase
M001157,LOLI,2020-08-19,Purchase
M001157,LRLSQ,2019-12-02,Sale
M001157,LRLSQ,2019-12-05,Sale
M001157,LRLSQ,2019-12-06,Sale
M001157,LRLSQ,2019-12-08,Sale
M001157,LRLSQ,2019-12-09,Sale
M001157,LRLSQ,2019-12-10,Sale
M001157,LRLSQ,2019-12-11,Sale
M001157,LRLSQ,2019-12-12,Sale
M001157,LRLSQ,2019-12-13,Sale
M001157,LRLSQ,2019-12-16,Sale
M001157,LRLSQ,2019-12-18,Sale
M001157,LRLSQ,2019-12-19,Sale
M001157,LTRPB,2019-12-12,Sale
M001157,LTRPB,2020-01-15,Purchase
M001157,MFA,2019-12-12,Sale
M001157,MFA,2020-03-23,Purchase
M001157,MFAN,2019-12-12,Sale
M001157,MFAN,2020-07-15,Sale
M001157,MGLN,2019-12-12,Sale
M001157,MGRC,2019-12-12,Sale
M001157,MGRC,2019-12-16,Sale
M001157,MGRC,2019-12-17,Sale
M001157,MGRC,2019-12-18,Sale
M001157,MGRC,2019-12-19,Sale
M001157,MHK,2019-12-12,Sale
M001157,MHK,2019-12-16,Sale
M001157,MMS,2019-12-12,Sale
M001157,MNST,2019-12-12,Sale
M001157,MNST,2020-03-28,Sale
M001157,MOBX,2020-06-29,Purchase
M001157,MPET,2020-07-01,Sale
M001157,MPET,2020-10-01,Sale
M001157,MRC,2019-12-12,Sale
M001157,MSCI,2019-12-02,Sale
M001157,MSCI,2019-12-04,Sale
M001157,MSCI,2019-12-05,Sale
M001157,MSFT,2019-12-12,Sale
M001157,MSM,2019-12-06,Sale
M001157,MSM,2019-12-09,Sale
M001157,MSM,2019-12-11,Sale
M001157,MSM,2019-12-12,Sale
M001157,MSM,2019-12-16,Sale
M001157,MSM,2019-12-17,Sale
M001157,MSM,2019-12-18,Sale
M001157,MTW,2020-02-03,Sale
M001157,MUR,2019-12-06,Purchase
M001157,MUR,2019-12-16,Purchase
M001157,MUR,2019-12-31,Purchase
M001157,MUR,2020-03-19,Purchase
M001157,MUSA,2019-12-12,Sale
M001157,MUSA,2019-12-16,Sale
M001157,MUSA,2019-12-17,Sale
M001157,MWA,2019-12-12,Sale
M001157,NBHC,2019-12-12,Sale
M001157,NBHC,2019-12-23,Sale
M001157,NBHC,2019-12-24,Sale
M001157,NBHC,2019-12-26,Sale
M001157,NBHC,2019-12-27,Sale
M001157,NBHC,2019-12-30,Sale
M001157,NBHC,2019-12-31,Sale
M001157,NBHC,2020-01-08,Sale
M001157,NBIX,2019-12-12,Sale
M001157,NBN,2020-08-27,Purchase
M001157,NBN,2020-10-30,Purchase
M001157,NCMV,2020-04-08,Sale
M001157,NESC,2019-12-12,Sale
M001157,NESC,2020-03-12,Sale
M001157,NESC,2020-03-17,Sale
M001157,NESC,2020-03-18,Sale
M001157,NESC,2020-03-20,Sale
M001157,NESC,2020-03-23,Sale
M001157,NESC,2020-03-24,Sale
M001157,NESC,2020-03-25,Sale
M001157,NESC,2020-03-27,Sale
M001157,NESC,2020-03-30,Sale
M001157,NGHC,2019-12-12,Sale
M001157,NGHC,2019-12-16,Purchase
M001157,NGHC,2019-12-17,Purchase
M001157,NGHC,2019-12-18,Purchase
M001157,NGHC,2019-12-19,Purchase
M001157,NGS,2019-12-12,Sale
M001157,NP,2019-12-12,Sale
M001157,NP,2020-01-24,Purchase
M001157,NP,2020-01-27,Purchase
M001157,NP,2020-01-28,Purchase
M001157,NP,2020-01-29,Purchase
M001157,NP,2020-01-30,Purchase
M001157,NP,2020-01-31,Purchase
M001157,NP,2020-02-03,Purchase
M001157,NP,2020-02-04,Purchase
M001157,NP,2020-02-05,Purchase
M001157,NP,2020-02-06,Purchase
M001157,NP,2020-02-07,Purchase
M001157,NP,2020-02-10,Purchase
M001157,NP,2020-02-11,Purchase
M001157,NP,2020-02-12,Purchase
M001157,NP,2020-02-13,Purchase
M001157,NP,2020-02-14,Purchase
M001157,NP,2020-02-18,Purchase
M001157,NP,2020-02-19,Purchase
M001157,NP,2020-03-31,Sale
M001157,NTEST,2020-01-10,Sale
M001157,NTEST,2020-10-08,Sale
M001157,NTR,2019-12-12,Sale
M001157,NTR,2020-03-28,Sale
M001157,NUE,2020-07-06,Purchase
M001157,NVEC,2020-07-06,Sale
M001157,NWL,2020-02-28,Purchase
M001157,NXST,2019-12-12,Sale
M001157,NYC,2020-01-21,Purchase
M001157,OCFC,2019-12-12,Sale
M001157,ONTY,2020-03-02,Sale
M001157,PANW,2019-12-12,Sale
M001157,PGC,2019-12-12,Sale
M001157,PKX,2020-03-13,Sale
M001157,PPBI,2019-12-12,Sale
M001157,PPBI,2020-03-16,Purchase
M001157,PPG,2020-03-24,Purchase
M001157,PRI,2019-12-12,Sale
M001157,PRI,2020-03-23,Purchase
M001157,PRI,2020-03-29,Purchase
M001157,PRIM,2019-12-12,Sale
M001157,PRIM,2020-03-31,Sale
M001157,PYPL,2019-12-12,Sale
M001157,QWST,2020-08-28,Sale
M001157,RCL,2019-12-12,Sale
M001157,REX,2019-12-12,Sale
M001157,RGS,2019-12-12,Sale
M001157,RH,2020-04-01,Sale
M001157,RH,2020-10-01,Sale
M001157,RNST,2019-12-12,Sale
M001157,RS,2019-12-08,Sale
M001157,RS,2019-12-10,Sale
M001157,SATS,2019-12-12,Sale
M001157,SDOT,2019-12-23,Sale
M001157,SDOT,2020-03-20,Purchase
M001157,SDOT,2020-03-25,Purchase
M001157,SDOT,2020-08-12,Sale
M001157,SGU,2019-12-12,Sale
M001157,SIRI,2019-12-12,Sale
M001157,SLB,2019-12-12,Sale
M001157,SLND,2020-02-07,Purchase
M001157,SLND,2020-08-17,Sale
M001157,SMMCU,2019-12-12,Sale
M001157,SMMCU,2020-03-31,Sale
M001157,SNN,2020-01-14,Sale
M001157,SNN,2020-05-20,Sale
M001157,SOI,2019-12-16,Purchase
M001157,SOI,2019-12-17,Purchase
M001157,SOI,2019-12-18,Purchase
M001157,SOI,2019-12-19,Purchase
M001157,SOI,2019-12-20,Purchase
M001157,SOI,2020-03-31,Sale
M001157,SONC,2020-04-22,Purchase
M001157,SONC,2020-05-20,Purchase
M001157,SONC,2020-06-03,Purchase
M001157,SONC,2020-06-09,Purchase
M001157,SPCBQ,2019-12-12,Sale
M001157,SPCBQ,2020-03-23,Sale
M001157,SPCBQ,2020-03-24,Sale
M001157,SPCBQ,2020-03-25,Sale
M001157,SPOR,2020-05-01,Sale
M001157,SSD,2019-12-12,Sale
M001157,STAR,2020-03-17,Sale
M001157,STAY,2019-12-12,Sale
M001157,STAY,2020-03-04,Purchase
M001157,STAY,2020-03-05,Purchase
M001157,STAY,2020-03-06,Purchase
M001157,STAY,2020-03-09,Purchase
M001157,STAY,2020-03-27,Sale
M001157,STAY,2020-03-30,Sale
M001157,STAY,2020-03-31,Sale
M001157,SYY,2020-05-01,Purchase
M001157,TBK,2019-12-12,Sale
M001157,TMO,2019-12-12,Sale
M001157,TOO,2020-03-18,Sale
M001157,TRIP,2019-12-12,Sale
M001157,TSC,2019-12-12,Sale
M001157,TSC,2020-03-16,Purchase
M001157,TSC,2020-03-31,Sale
M001157,TX1,2020-01-14,Sale
M001157,TX1,2020-01-17,Sale
M001157,TX1,2020-03-20,Purchase
M001157,TXN,2019-12-02,Sale
M001157,TXN,2020-05-01,Sale
M001157,TXN,2020-06-01,Sale
M001157,TXN,2020-08-19,Sale
M001157,TXN,2020-08-21,Sale
M001157,UMBF,2019-12-12,Sale
M001157,UMC,2019-12-12,Sale
M001157,UMC,2020-03-23,Purchase
M001157,UMC,2020-03-29,Purchase
M001157,UMC,2020-03-30,Sale
M001157,UMR,2020-08-28,Sale
M001157,UN,2020-01-14,Sale
M001157,UN,2020-04-20,Purchase
M001157,UN,2020-05-20,Purchase
M001157,V,2019-12-12,Sale
M001157,VAST,2020-10-02,Purchase
M001157,VBTX,2019-12-23,Purchase
M001157,VBTX,2019-12-24,Purchase
M001157,VBTX,2019-12-26,Purchase
M001157,VBTX,2019-12-27,Purchase
M001157,VBTX,2019-12-30,Purchase
M001157,VBTX,2019-12-31,Purchase
M001157,VBTX,2020-03-31,Sale
M001157,VERX,2019-12-24,Purchase
M001157,VRNG,2019-12-12,Sale
M001157,VRNG,2020-01-02,Sale
M001157,VRNG,2020-01-28,Purchase
M001157,VRNG,2020-02-12,Sale
M001157,VRNG,2020-03-18,Sale
M001157,VRNG,2020-03-25,Purchase
M001157,VRNG,2020-04-09,Sale
M001157,VRNG,2020-04-29,Purchase
M001157,VRNG,2020-07-22,Sale
M001157,VRNG,2020-09-28,Sale
M001157,VRTS,2019-12-12,Sale
M001157,VTEX,2020-04-24,Purchase
M001157,VTEX,2020-04-28,Sale
M001157,VVI,2020-03-03,Sale
M001157,VVI,2020-03-04,Sale
M001157,VVI,2020-03-05,Sale
M001157,VVI,2020-03-06,Sale
M001157,WAFD,2019-12-12,Sale
M001157,WASH,2020-09-28,Purchase
M001157,WB1,2020-01-10,Purchase
M001157,WB1,2020-02-26,Purchase
M001157,WBC,2020-04-02,Purchase
M001157,WBC,2020-04-03,Sale
M001157,WDR,2019-12-12,Sale
M001157,WDR,2019-12-16,Purchase
M001157,WFC,2019-12-12,Sale
M001157,WSBC,2019-12-12,Sale
M001157,XHR,2019-12-12,Sale
M001157,ZTS,2019-12-12,Sale
S001189,CLNE,2020-12-23,Sale
S001206,BERY,2019-04-30,Purchase
S001206,IFNNY,2019-06-24,Sale
S001206,USPH,2019-06-24,Sale
S001207,MSFT,2020-02-20,Sale
S001207,SEIC,2019-12-12,Sale
