membre,type,ticker,d_out
Brad Ashford,achat_manquant,CC,2017-01-31
Brad Ashford,achat_manquant,CGI,2017-01-31
Brad Ashford,achat_manquant,KHC,2017-01-31
Brad Ashford,achat_manquant,NKE,2017-01-31
Brad Ashford,achat_manquant,ZBH,2017-01-31
Brad Ashford,vente_manquante,AA,2017-01-31
Brad Ashford,vente_manquante,DEMBF,2017-01-31
Brad Ashford,vente_manquante,DRYS,2017-01-31
Brad Ashford,vente_manquante,F,2017-01-31
Brad Ashford,vente_manquante,HERO,2017-01-31
Brad Ashford,vente_manquante,HSH,2017-01-31
Brad Ashford,vente_manquante,KRFT,2017-01-31
Brad Ashford,vente_manquante,ZMH,2017-01-31
Rodney Leland Blum,achat_manquant,AGN,2019-01-16
Rodney Leland Blum,achat_manquant,ALB,2019-01-16
Rodney Leland Blum,achat_manquant,AXL,2019-01-16
Rodney Leland Blum,achat_manquant,BMO,2019-01-16
Rodney Leland Blum,achat_manquant,DAL,2019-01-16
Rodney Leland Blum,achat_manquant,FANG,2019-01-16
Rodney Leland Blum,achat_manquant,GPN,2019-01-16
Rodney Leland Blum,achat_manquant,HOLX,2019-01-16
Rodney Leland Blum,achat_manquant,JPM,2019-01-16
Rodney Leland Blum,achat_manquant,LEN,2019-01-16
Rodney Leland Blum,achat_manquant,MCK,2019-01-16
Rodney Leland Blum,achat_manquant,SPY,2019-01-16
Rodney Leland Blum,achat_manquant,SYF,2019-01-16
Rodney Leland Blum,achat_manquant,T,2019-01-16
Rodney Leland Blum,achat_manquant,TOT,2019-01-16
Rodney Leland Blum,achat_manquant,VEA,2019-01-16
Rodney Leland Blum,achat_manquant,VIAB,2019-01-16
Rodney Leland Blum,achat_manquant,VWO,2019-01-16
Rodney Leland Blum,vente_manquante,BEAV,2019-01-16
Rodney Leland Blum,vente_manquante,BRKA,2019-01-16
Rodney Leland Blum,vente_manquante,CFN,2019-01-16
Rodney Leland Blum,vente_manquante,CSX,2019-01-16
Rodney Leland Blum,vente_manquante,DLPH,2019-01-16
Rodney Leland Blum,vente_manquante,GCI,2019-01-16
Rodney Leland Blum,vente_manquante,GLW,2019-01-16
Rodney Leland Blum,vente_manquante,HFC,2019-01-16
Rodney Leland Blum,vente_manquante,HUN,2019-01-16
Rodney Leland Blum,vente_manquante,IP,2019-01-16
Rodney Leland Blum,vente_manquante,TGNA,2019-01-16
Carolyn Bourdeaux,achat_manquant,EXPGF,2023-05-03
Carolyn Bourdeaux,achat_manquant,JSNSF,2023-05-03
Carolyn Bourdeaux,achat_manquant,MCO,2023-05-03
Kenneth R. Buck,achat_manquant,BND,2024-06-19
Kenneth R. Buck,achat_manquant,VTV,2024-06-19
Kenneth R. Buck,vente_manquante,RIG,2024-06-19
Gilbert Cisneros,achat_manquant,AMD,2021-04-27
Gilbert Cisneros,achat_manquant,AVGO,2021-04-27
Gilbert Cisneros,achat_manquant,AZO,2021-04-27
Gilbert Cisneros,achat_manquant,CAG,2021-04-27
Gilbert Cisneros,achat_manquant,CARR,2021-04-27
Gilbert Cisneros,achat_manquant,COO,2021-04-27
Gilbert Cisneros,achat_manquant,CSCO,2021-04-27
Gilbert Cisneros,achat_manquant,DGX,2021-04-27
Gilbert Cisneros,achat_manquant,DOV,2021-04-27
Gilbert Cisneros,achat_manquant,DRI,2021-04-27
Gilbert Cisneros,achat_manquant,EIF,2021-04-27
Gilbert Cisneros,achat_manquant,EIX,2021-04-27
Gilbert Cisneros,achat_manquant,FAST,2021-04-27
Gilbert Cisneros,achat_manquant,HON,2021-04-27
Gilbert Cisneros,achat_manquant,HWM,2021-04-27
Gilbert Cisneros,achat_manquant,KO,2021-04-27
Gilbert Cisneros,achat_manquant,LOPE,2021-04-27
Gilbert Cisneros,achat_manquant,LOW,2021-04-27
Gilbert Cisneros,achat_manquant,LW,2021-04-27
Gilbert Cisneros,achat_manquant,MCK,2021-04-27
Gilbert Cisneros,achat_manquant,MSCI,2021-04-27
Gilbert Cisneros,achat_manquant,MTB,2021-04-27
Gilbert Cisneros,achat_manquant,ORLY,2021-04-27
Gilbert Cisneros,achat_manquant,OTIS,2021-04-27
Gilbert Cisneros,achat_manquant,OXM,2021-04-27
Gilbert Cisneros,achat_manquant,POWI,2021-04-27
Gilbert Cisneros,achat_manquant,QCOM,2021-04-27
Gilbert Cisneros,achat_manquant,RCI,2021-04-27
Gilbert Cisneros,achat_manquant,ROG,2021-04-27
Gilbert Cisneros,achat_manquant,ROK,2021-04-27
Gilbert Cisneros,achat_manquant,ROLL,2021-04-27
Gilbert Cisneros,achat_manquant,ROST,2021-04-27
Gilbert Cisneros,achat_manquant,TMO,2021-04-27
Gilbert Cisneros,achat_manquant,TMX,2021-04-27
Gilbert Cisneros,achat_manquant,TXT,2021-04-27
Gilbert Cisneros,achat_manquant,VRTX,2021-04-27
Gilbert Cisneros,achat_manquant,VTRS,2021-04-27
Gilbert Cisneros,achat_manquant,WSC,2021-04-27
Gilbert Cisneros,achat_manquant,ZION,2021-04-27
Gilbert Cisneros,vente_manquante,ACAD,2021-04-27
Gilbert Cisneros,vente_manquante,AIMC,2021-04-27
Gilbert Cisneros,vente_manquante,AME,2021-04-27
Gilbert Cisneros,vente_manquante,AMRX,2021-04-27
Gilbert Cisneros,vente_manquante,ARNC,2021-04-27
Gilbert Cisneros,vente_manquante,ATHN,2021-04-27
Gilbert Cisneros,vente_manquante,BBT,2021-04-27
Gilbert Cisneros,vente_manquante,BIIBV,2021-04-27
Gilbert Cisneros,vente_manquante,BLKB,2021-04-27
Gilbert Cisneros,vente_manquante,BR,2021-04-27
Gilbert Cisneros,vente_manquante,CGNX,2021-04-27
Gilbert Cisneros,vente_manquante,CNP,2021-04-27
Gilbert Cisneros,vente_manquante,CRI,2021-04-27
Gilbert Cisneros,vente_manquante,CSX,2021-04-27
Gilbert Cisneros,vente_manquante,CTRP,2021-04-27
Gilbert Cisneros,vente_manquante,EPAM,2021-04-27
Gilbert Cisneros,vente_manquante,EW,2021-04-27
Gilbert Cisneros,vente_manquante,FLEX,2021-04-27
Gilbert Cisneros,vente_manquante,FLS,2021-04-27
Gilbert Cisneros,vente_manquante,GPN,2021-04-27
Gilbert Cisneros,vente_manquante,HCSG,2021-04-27
Gilbert Cisneros,vente_manquante,HD,2021-04-27
Gilbert Cisneros,vente_manquante,HRS,2021-04-27
Gilbert Cisneros,vente_manquante,HSIC,2021-04-27
Gilbert Cisneros,vente_manquante,HTLD,2021-04-27
Gilbert Cisneros,vente_manquante,IBP,2021-04-27
Gilbert Cisneros,vente_manquante,JNJ,2021-04-27
Gilbert Cisneros,vente_manquante,LPLA,2021-04-27
Gilbert Cisneros,vente_manquante,LRCX,2021-04-27
Gilbert Cisneros,vente_manquante,MA,2021-04-27
Gilbert Cisneros,vente_manquante,MCHP,2021-04-27
Gilbert Cisneros,vente_manquante,MELI,2021-04-27
Gilbert Cisneros,vente_manquante,PRA,2021-04-27
Gilbert Cisneros,vente_manquante,R,2021-04-27
Gilbert Cisneros,vente_manquante,RTN,2021-04-27
Gilbert Cisneros,vente_manquante,SCG,2021-04-27
Gilbert Cisneros,vente_manquante,SERV,2021-04-27
Gilbert Cisneros,vente_manquante,SNHY,2021-04-27
Gilbert Cisneros,vente_manquante,ST,2021-04-27
Gilbert Cisneros,vente_manquante,STE,2021-04-27
Gilbert Cisneros,vente_manquante,TCBI,2021-04-27
Gilbert Cisneros,vente_manquante,TPR,2021-04-27
Gilbert Cisneros,vente_manquante,UAA,2021-04-27
Gilbert Cisneros,vente_manquante,UFPI,2021-04-27
Gilbert Cisneros,vente_manquante,ULTA,2021-04-27
Gilbert Cisneros,vente_manquante,UTX,2021-04-27
Gilbert Cisneros,vente_manquante,WCG,2021-04-27
Gilbert Cisneros,vente_manquante,WEX,2021-04-27
Gilbert Cisneros,vente_manquante,WRB,2021-04-27
Barbara J. Comstock,achat_manquant,CIU,2019-03-31
Barbara J. Comstock,vente_manquante,AMEL,2019-03-31
Barbara J. Comstock,vente_manquante,BAC,2019-03-31
Barbara J. Comstock,vente_manquante,CY,2019-03-31
Barbara J. Comstock,vente_manquante,KRFT,2019-03-31
Barbara J. Comstock,vente_manquante,MSFT,2019-03-31
Barbara J. Comstock,vente_manquante,MU,2019-03-31
TJ John (Tj) Cox,achat_manquant,MO,2021-05-04
Carlos Curbelo,achat_manquant,CBOE,2019-05-06
Carlos Curbelo,achat_manquant,CRM,2019-05-06
Carlos Curbelo,achat_manquant,JPM,2019-05-06
Carlos Curbelo,achat_manquant,RPG,2019-05-06
Carlos Curbelo,achat_manquant,UEEC,2019-05-06
Carlos Curbelo,vente_manquante,ADSK,2019-05-06
Carlos Curbelo,vente_manquante,AXP,2019-05-06
Carlos Curbelo,vente_manquante,ELON,2019-05-06
Carlos Curbelo,vente_manquante,PKT,2019-05-06
Carlos Curbelo,vente_manquante,TGT,2019-05-06
Carlos Curbelo,vente_manquante,WFM,2019-05-06
Carlos Curbelo,vente_manquante,XLK,2019-05-06
A. Drew Ferguson,achat_manquant,DMAY,2025-01-29
A. Drew Ferguson,achat_manquant,PSCX,2025-01-29
A. Drew Ferguson,achat_manquant,PSMR,2025-01-29
A. Drew Ferguson,vente_manquante,CMCSA,2025-01-29
Michael John Gallagher,achat_manquant,DLN,2024-08-22
Michael John Gallagher,achat_manquant,IVV,2024-08-22
Michael John Gallagher,achat_manquant,IWD,2024-08-22
Michael John Gallagher,achat_manquant,IWF,2024-08-22
Michael John Gallagher,achat_manquant,IWP,2024-08-22
Michael John Gallagher,achat_manquant,IWS,2024-08-22
Michael John Gallagher,achat_manquant,VYM,2024-08-22
Michael John Gallagher,vente_manquante,ABBV,2024-08-22
Michael John Gallagher,vente_manquante,AET,2024-08-22
Michael John Gallagher,vente_manquante,AGN,2024-08-22
Michael John Gallagher,vente_manquante,AVGO,2024-08-22
Michael John Gallagher,vente_manquante,BA,2024-08-22
Michael John Gallagher,vente_manquante,BSX,2024-08-22
Michael John Gallagher,vente_manquante,C,2024-08-22
Michael John Gallagher,vente_manquante,CBG,2024-08-22
Michael John Gallagher,vente_manquante,CE,2024-08-22
Michael John Gallagher,vente_manquante,CPB,2024-08-22
Michael John Gallagher,vente_manquante,CSCO,2024-08-22
Michael John Gallagher,vente_manquante,DAL,2024-08-22
Michael John Gallagher,vente_manquante,DIS,2024-08-22
Michael John Gallagher,vente_manquante,DOW,2024-08-22
Michael John Gallagher,vente_manquante,EA,2024-08-22
Michael John Gallagher,vente_manquante,F,2024-08-22
Michael John Gallagher,vente_manquante,FB,2024-08-22
Michael John Gallagher,vente_manquante,FELE,2024-08-22
Michael John Gallagher,vente_manquante,GILD,2024-08-22
Michael John Gallagher,vente_manquante,GM,2024-08-22
Michael John Gallagher,vente_manquante,HBI,2024-08-22
Michael John Gallagher,vente_manquante,HD,2024-08-22
Michael John Gallagher,vente_manquante,HON,2024-08-22
Michael John Gallagher,vente_manquante,INTC,2024-08-22
Michael John Gallagher,vente_manquante,JPM,2024-08-22
Michael John Gallagher,vente_manquante,KEY,2024-08-22
Michael John Gallagher,vente_manquante,KR,2024-08-22
Michael John Gallagher,vente_manquante,LEN,2024-08-22
Michael John Gallagher,vente_manquante,LNC,2024-08-22
Michael John Gallagher,vente_manquante,MAN,2024-08-22
Michael John Gallagher,vente_manquante,MO,2024-08-22
Michael John Gallagher,vente_manquante,PCG,2024-08-22
Michael John Gallagher,vente_manquante,PPL,2024-08-22
Michael John Gallagher,vente_manquante,PSX,2024-08-22
Michael John Gallagher,vente_manquante,RRD,2024-08-22
Michael John Gallagher,vente_manquante,RTN,2024-08-22
Michael John Gallagher,vente_manquante,STI,2024-08-22
Michael John Gallagher,vente_manquante,SWK,2024-08-22
Michael John Gallagher,vente_manquante,SWKS,2024-08-22
Michael John Gallagher,vente_manquante,TGT,2024-08-22
Michael John Gallagher,vente_manquante,TRV,2024-08-22
Michael John Gallagher,vente_manquante,TSN,2024-08-22
Michael John Gallagher,vente_manquante,UAL,2024-08-22
Michael John Gallagher,vente_manquante,VLO,2024-08-22
Michael John Gallagher,vente_manquante,VPU,2024-08-22
Michael John Gallagher,vente_manquante,VZ,2024-08-22
Michael John Gallagher,vente_manquante,WYN,2024-08-22
Michael John Gallagher,vente_manquante,XOM,2024-08-22
Garret Graves,achat_manquant,ANET,2025-02-08
Garret Graves,achat_manquant,ARKF,2025-02-08
Garret Graves,achat_manquant,ARKK,2025-02-08
Garret Graves,achat_manquant,ARKX,2025-02-08
Garret Graves,achat_manquant,BFST,2025-02-08
Garret Graves,achat_manquant,GOOG,2025-02-08
Garret Graves,achat_manquant,PSHZF,2025-02-08
Garret Graves,achat_manquant,QCBMRX,2025-02-08
Garret Graves,achat_manquant,QCGLRX,2025-02-08
Garret Graves,achat_manquant,QCGRRX,2025-02-08
Garret Graves,achat_manquant,QCSTRX,2025-02-08
Garret Graves,achat_manquant,QREARX,2025-02-08
Garret Graves,vente_manquante,SMRT,2025-02-08
Marjorie Taylor Greene,achat_manquant,FIGY,2026-05-07
Marjorie Taylor Greene,achat_manquant,ORCL,2026-05-07
Marjorie Taylor Greene,achat_manquant,SCHG,2026-05-07
Marjorie Taylor Greene,achat_manquant,VB,2026-05-07
Marjorie Taylor Greene,achat_manquant,VEA,2026-05-07
Marjorie Taylor Greene,achat_manquant,VO,2026-05-07
Marjorie Taylor Greene,achat_manquant,VOO,2026-05-07
Marjorie Taylor Greene,vente_manquante,ABNB,2026-05-07
Marjorie Taylor Greene,vente_manquante,AFL,2026-05-07
Marjorie Taylor Greene,vente_manquante,AZN,2026-05-07
Marjorie Taylor Greene,vente_manquante,BLK,2026-05-07
Marjorie Taylor Greene,vente_manquante,BZH,2026-05-07
Marjorie Taylor Greene,vente_manquante,C,2026-05-07
Marjorie Taylor Greene,vente_manquante,COP,2026-05-07
Marjorie Taylor Greene,vente_manquante,CSCO,2026-05-07
Marjorie Taylor Greene,vente_manquante,CVS,2026-05-07
Marjorie Taylor Greene,vente_manquante,DEO,2026-05-07
Marjorie Taylor Greene,vente_manquante,DIS,2026-05-07
Marjorie Taylor Greene,vente_manquante,DKNG,2026-05-07
Marjorie Taylor Greene,vente_manquante,EA,2026-05-07
Marjorie Taylor Greene,vente_manquante,FB,2026-05-07
Marjorie Taylor Greene,vente_manquante,GD,2026-05-07
Marjorie Taylor Greene,vente_manquante,GE,2026-05-07
Marjorie Taylor Greene,vente_manquante,GIS,2026-05-07
Marjorie Taylor Greene,vente_manquante,HST,2026-05-07
Marjorie Taylor Greene,vente_manquante,IEMG,2026-05-07
Marjorie Taylor Greene,vente_manquante,IJR,2026-05-07
Marjorie Taylor Greene,vente_manquante,IP,2026-05-07
Marjorie Taylor Greene,vente_manquante,IUSG,2026-05-07
Marjorie Taylor Greene,vente_manquante,IVV,2026-05-07
Marjorie Taylor Greene,vente_manquante,IXUS,2026-05-07
Marjorie Taylor Greene,vente_manquante,KO,2026-05-07
Marjorie Taylor Greene,vente_manquante,LMT,2026-05-07
Marjorie Taylor Greene,vente_manquante,MDLZ,2026-05-07
Marjorie Taylor Greene,vente_manquante,MJNA,2026-05-07
Marjorie Taylor Greene,vente_manquante,PENN,2026-05-07
Marjorie Taylor Greene,vente_manquante,PFE,2026-05-07
Marjorie Taylor Greene,vente_manquante,PYPL,2026-05-07
Marjorie Taylor Greene,vente_manquante,QTS,2026-05-07
Marjorie Taylor Greene,vente_manquante,RTX,2026-05-07
Marjorie Taylor Greene,vente_manquante,SJM,2026-05-07
Marjorie Taylor Greene,vente_manquante,SQ,2026-05-07
Marjorie Taylor Greene,vente_manquante,T,2026-05-07
Marjorie Taylor Greene,vente_manquante,TGT,2026-05-07
Marjorie Taylor Greene,vente_manquante,TSM,2026-05-07
Marjorie Taylor Greene,vente_manquante,VMC,2026-05-07
Marjorie Taylor Greene,vente_manquante,WBA,2026-05-07
Marjorie Taylor Greene,vente_manquante,XOM,2026-05-07
Jonathan Jackson,vente_manquante,ABT,2025-05-02
Jonathan Jackson,vente_manquante,ADC,2025-05-02
Jonathan Jackson,vente_manquante,ECL,2025-05-02
Jonathan Jackson,vente_manquante,HIG,2025-05-02
Jonathan Jackson,vente_manquante,MCK,2025-05-02
Jonathan Jackson,vente_manquante,PG,2025-05-02
Jonathan Jackson,vente_manquante,RTX,2025-05-02
Jonathan Jackson,vente_manquante,UNH,2025-05-02
Thomas MacArthur,achat_manquant,ARLP,2019-05-02
Thomas MacArthur,achat_manquant,AVGO,2019-05-02
Thomas MacArthur,achat_manquant,FWONA,2019-05-02
Thomas MacArthur,achat_manquant,FWONK,2019-05-02
Thomas MacArthur,achat_manquant,GLIBA,2019-05-02
Thomas MacArthur,achat_manquant,LGFB,2019-05-02
Thomas MacArthur,achat_manquant,LIN,2019-05-02
Thomas MacArthur,achat_manquant,LOGM,2019-05-02
Thomas MacArthur,achat_manquant,LSXMA,2019-05-02
Thomas MacArthur,achat_manquant,LSXMK,2019-05-02
Thomas MacArthur,achat_manquant,NS,2019-05-02
Thomas MacArthur,achat_manquant,NVT,2019-05-02
Thomas MacArthur,achat_manquant,QRTEA,2019-05-02
Thomas MacArthur,achat_manquant,RSP,2019-05-02
Thomas MacArthur,vente_manquante,ABX,2019-05-02
Thomas MacArthur,vente_manquante,ACE,2019-05-02
Thomas MacArthur,vente_manquante,ACT,2019-05-02
Thomas MacArthur,vente_manquante,ALB,2019-05-02
Thomas MacArthur,vente_manquante,ALXN,2019-05-02
Thomas MacArthur,vente_manquante,AMZN,2019-05-02
Thomas MacArthur,vente_manquante,ARKAY,2019-05-02
Thomas MacArthur,vente_manquante,ARMH,2019-05-02
Thomas MacArthur,vente_manquante,ASML,2019-05-02
Thomas MacArthur,vente_manquante,ATHN,2019-05-02
Thomas MacArthur,vente_manquante,ATU,2019-05-02
Thomas MacArthur,vente_manquante,BA,2019-05-02
Thomas MacArthur,vente_manquante,BDX,2019-05-02
Thomas MacArthur,vente_manquante,BEAV,2019-05-02
Thomas MacArthur,vente_manquante,BMBLY,2019-05-02
Thomas MacArthur,vente_manquante,BMRN,2019-05-02
Thomas MacArthur,vente_manquante,BNPQY,2019-05-02
Thomas MacArthur,vente_manquante,BNS,2019-05-02
Thomas MacArthur,vente_manquante,BRCM,2019-05-02
Thomas MacArthur,vente_manquante,BZLFY,2019-05-02
Thomas MacArthur,vente_manquante,CELG,2019-05-02
Thomas MacArthur,vente_manquante,CERN,2019-05-02
Thomas MacArthur,vente_manquante,CFRUY,2019-05-02
Thomas MacArthur,vente_manquante,CGEMY,2019-05-02
Thomas MacArthur,vente_manquante,CHKP,2019-05-02
Thomas MacArthur,vente_manquante,CJREF,2019-05-02
Thomas MacArthur,vente_manquante,CMG,2019-05-02
Thomas MacArthur,vente_manquante,CMI,2019-05-02
Thomas MacArthur,vente_manquante,CMPGY,2019-05-02
Thomas MacArthur,vente_manquante,CRM,2019-05-02
Thomas MacArthur,vente_manquante,CTTAY,2019-05-02
Thomas MacArthur,vente_manquante,CVD,2019-05-02
Thomas MacArthur,vente_manquante,CVE,2019-05-02
Thomas MacArthur,vente_manquante,DDAIF,2019-05-02
Thomas MacArthur,vente_manquante,DTV,2019-05-02
Thomas MacArthur,vente_manquante,DVN,2019-05-02
Thomas MacArthur,vente_manquante,EMR,2019-05-02
Thomas MacArthur,vente_manquante,ENB,2019-05-02
Thomas MacArthur,vente_manquante,EQIX,2019-05-02
Thomas MacArthur,vente_manquante,FAST,2019-05-02
Thomas MacArthur,vente_manquante,FEIC,2019-05-02
Thomas MacArthur,vente_manquante,GVDNY,2019-05-02
Thomas MacArthur,vente_manquante,HCMLY,2019-05-02
Thomas MacArthur,vente_manquante,HLX,2019-05-02
Thomas MacArthur,vente_manquante,HTHIY,2019-05-02
Thomas MacArthur,vente_manquante,IAPLY,2019-05-02
Thomas MacArthur,vente_manquante,IGT,2019-05-02
Thomas MacArthur,vente_manquante,ILMN,2019-05-02
Thomas MacArthur,vente_manquante,IPSEY,2019-05-02
Thomas MacArthur,vente_manquante,JMHLY,2019-05-02
Thomas MacArthur,vente_manquante,KCRPY,2019-05-02
Thomas MacArthur,vente_manquante,KLXI,2019-05-02
Thomas MacArthur,vente_manquante,LLL,2019-05-02
Thomas MacArthur,vente_manquante,LMCA,2019-05-02
Thomas MacArthur,vente_manquante,LMCK,2019-05-02
Thomas MacArthur,vente_manquante,LNEGY,2019-05-02
Thomas MacArthur,vente_manquante,LNKD,2019-05-02
Thomas MacArthur,vente_manquante,MJN,2019-05-02
Thomas MacArthur,vente_manquante,MWE,2019-05-02
Thomas MacArthur,vente_manquante,NEM,2019-05-02
Thomas MacArthur,vente_manquante,NLSN,2019-05-02
Thomas MacArthur,vente_manquante,NSR,2019-05-02
Thomas MacArthur,vente_manquante,NU,2019-05-02
Thomas MacArthur,vente_manquante,NWBI,2019-05-02
Thomas MacArthur,vente_manquante,PCLN,2019-05-02
Thomas MacArthur,vente_manquante,PCP,2019-05-02
Thomas MacArthur,vente_manquante,PDRDY,2019-05-02
Thomas MacArthur,vente_manquante,PETM,2019-05-02
Thomas MacArthur,vente_manquante,PLL,2019-05-02
Thomas MacArthur,vente_manquante,PNM,2019-05-02
Thomas MacArthur,vente_manquante,PUBGY,2019-05-02
Thomas MacArthur,vente_manquante,PUK,2019-05-02
Thomas MacArthur,vente_manquante,QVCA,2019-05-02
Thomas MacArthur,vente_manquante,SAFRY,2019-05-02
Thomas MacArthur,vente_manquante,SBGSY,2019-05-02
Thomas MacArthur,vente_manquante,SBMRY,2019-05-02
Thomas MacArthur,vente_manquante,SBUX,2019-05-02
Thomas MacArthur,vente_manquante,SCHW,2019-05-02
Thomas MacArthur,vente_manquante,SDXAY,2019-05-02
Thomas MacArthur,vente_manquante,SFTBY,2019-05-02
Thomas MacArthur,vente_manquante,SIAL,2019-05-02
Thomas MacArthur,vente_manquante,SMCAY,2019-05-02
Thomas MacArthur,vente_manquante,SNPHY,2019-05-02
Thomas MacArthur,vente_manquante,SNY,2019-05-02
Thomas MacArthur,vente_manquante,ST,2019-05-02
Thomas MacArthur,vente_manquante,STRZA,2019-05-02
Thomas MacArthur,vente_manquante,SWK,2019-05-02
Thomas MacArthur,vente_manquante,SXE,2019-05-02
Thomas MacArthur,vente_manquante,TIF,2019-05-02
Thomas MacArthur,vente_manquante,TM,2019-05-02
Thomas MacArthur,vente_manquante,TSCDY,2019-05-02
Thomas MacArthur,vente_manquante,TYC,2019-05-02
Thomas MacArthur,vente_manquante,UBS,2019-05-02
Thomas MacArthur,vente_manquante,UN,2019-05-02
Thomas MacArthur,vente_manquante,UPS,2019-05-02
Thomas MacArthur,vente_manquante,URI,2019-05-02
Thomas MacArthur,vente_manquante,V,2019-05-02
Thomas MacArthur,vente_manquante,VLKPY,2019-05-02
Thomas MacArthur,vente_manquante,VMI,2019-05-02
Thomas MacArthur,vente_manquante,VPFG,2019-05-02
Thomas MacArthur,vente_manquante,VRSK,2019-05-02
Thomas MacArthur,vente_manquante,VVC,2019-05-02
Thomas MacArthur,vente_manquante,XL,2019-05-02
Thomas MacArthur,vente_manquante,XLS,2019-05-02
Thomas MacArthur,vente_manquante,YELP,2019-05-02
Thomas MacArthur,vente_manquante,ZU,2019-05-02
Kathy Manning,achat_manquant,AGG,2025-04-21
Kathy Manning,achat_manquant,BRBS,2025-04-21
Kathy Manning,achat_manquant,IBDQ,2025-04-21
Kathy Manning,achat_manquant,IBDR,2025-04-21
Kathy Manning,achat_manquant,IBDS,2025-04-21
Kathy Manning,achat_manquant,IBDT,2025-04-21
Kathy Manning,achat_manquant,IBDU,2025-04-21
Kathy Manning,achat_manquant,IBDV,2025-04-21
Kathy Manning,achat_manquant,IBDW,2025-04-21
Kathy Manning,achat_manquant,IBDX,2025-04-21
Kathy Manning,achat_manquant,IBDY,2025-04-21
Kathy Manning,achat_manquant,IBDZ,2025-04-21
Kathy Manning,achat_manquant,IBTF,2025-04-21
Kathy Manning,achat_manquant,IBTG,2025-04-21
Kathy Manning,achat_manquant,IBTH,2025-04-21
Kathy Manning,achat_manquant,IBTI,2025-04-21
Kathy Manning,achat_manquant,IJH,2025-04-21
Kathy Manning,achat_manquant,IJJ,2025-04-21
Kathy Manning,achat_manquant,IJK,2025-04-21
Kathy Manning,achat_manquant,IJR,2025-04-21
Kathy Manning,achat_manquant,IJS,2025-04-21
Kathy Manning,achat_manquant,IVE,2025-04-21
Kathy Manning,achat_manquant,IVV,2025-04-21
Kathy Manning,achat_manquant,IWF,2025-04-21
Kathy Manning,achat_manquant,IWM,2025-04-21
Kathy Manning,achat_manquant,IWN,2025-04-21
Kathy Manning,achat_manquant,IWO,2025-04-21
Kathy Manning,achat_manquant,IWR,2025-04-21
Kathy Manning,achat_manquant,IWS,2025-04-21
Kathy Manning,achat_manquant,LDOS,2025-04-21
Kathy Manning,achat_manquant,TBBC,2025-04-21
Kathy Manning,achat_manquant,VOYA,2025-04-21
Kathy Manning,vente_manquante,CWB,2025-04-21
Kathy Manning,vente_manquante,IBDM,2025-04-21
Kathy Manning,vente_manquante,ICSH,2025-04-21
Kathy Manning,vente_manquante,IEMG,2025-04-21
Kathy Manning,vente_manquante,INTC,2025-04-21
Kathy Manning,vente_manquante,IVW,2025-04-21
Kathy Manning,vente_manquante,MCHI,2025-04-21
Kathy Manning,vente_manquante,PGX,2025-04-21
Kathy Manning,vente_manquante,USMV,2025-04-21
Kathy Manning,vente_manquante,VNQ,2025-04-21
Kathy Manning,vente_manquante,VTRS,2025-04-21
Kathy Manning,vente_manquante,XLB,2025-04-21
Kathy Manning,vente_manquante,XLI,2025-04-21
Kathy Manning,vente_manquante,XLP,2025-04-21
Kathy Manning,vente_manquante,XLU,2025-04-21
Paul Mitchell,achat_manquant,IJR,2021-01-19
Paul Mitchell,achat_manquant,IVV,2021-01-19
Paul Mitchell,vente_manquante,UN,2021-01-19
Debbie Mucarsel-Powell,achat_manquant,FRGI,2021-05-01
Debbie Mucarsel-Powell,achat_manquant,VOE,2021-05-01
Marie Newman,achat_manquant,ATVI,2023-01-27
Marie Newman,achat_manquant,CHWY,2023-01-27
Marie Newman,achat_manquant,CNA,2023-01-27
Marie Newman,achat_manquant,GPRO,2023-01-27
Marie Newman,achat_manquant,KO,2023-01-27
Marie Newman,achat_manquant,LMND,2023-01-27
Marie Newman,achat_manquant,MSFT,2023-01-27
Marie Newman,achat_manquant,NVCR,2023-01-27
Marie Newman,achat_manquant,SPBC,2023-01-27
Marie Newman,achat_manquant,TRV,2023-01-27
Marie Newman,achat_manquant,YTRA,2023-01-27
Marie Newman,vente_manquante,BABA,2023-01-27
Marie Newman,vente_manquante,FDX,2023-01-27
Marie Newman,vente_manquante,MCD,2023-01-27
Marie Newman,vente_manquante,MRNA,2023-01-27
Marie Newman,vente_manquante,PFE,2023-01-27
Marie Newman,vente_manquante,UAL,2023-01-27
Marie Newman,vente_manquante,XOM,2023-01-27
Michael Fq San Nicolas,achat_manquant,LTHM,2023-05-03
Michael Fq San Nicolas,vente_manquante,GE,2023-05-03
Gregory J. Pence,achat_manquant,COP,2025-01-27
Gregory J. Pence,vente_manquante,INBK,2025-01-27
Katherine Porter,achat_manquant,COF,2025-01-16
Katherine Porter,achat_manquant,OZRK,2025-01-16
Harley E. Rouda,achat_manquant,ARKG,2021-05-04
Harley E. Rouda,achat_manquant,ARKK,2021-05-04
Harley E. Rouda,achat_manquant,FDN,2021-05-04
Harley E. Rouda,achat_manquant,FXL,2021-05-04
Harley E. Rouda,achat_manquant,FXP,2021-05-04
Harley E. Rouda,achat_manquant,IWF,2021-05-04
Harley E. Rouda,achat_manquant,IWM,2021-05-04
Harley E. Rouda,achat_manquant,QTEC,2021-05-04
Harley E. Rouda,achat_manquant,SRTY,2021-05-04
Harley E. Rouda,achat_manquant,UCO,2021-05-04
Harley E. Rouda,achat_manquant,UWT,2021-05-04
Harley E. Rouda,vente_manquante,UTGN,2021-05-04
Donna Shalala,achat_manquant,AGGY,2021-02-24
Donna Shalala,achat_manquant,BSV,2021-02-24
Donna Shalala,achat_manquant,FPE,2021-02-24
Donna Shalala,achat_manquant,IWD,2021-02-24
Donna Shalala,achat_manquant,KBE,2021-02-24
Donna Shalala,achat_manquant,KRE,2021-02-24
Donna Shalala,achat_manquant,MINT,2021-02-24
Donna Shalala,achat_manquant,SRLN,2021-02-24
Donna Shalala,achat_manquant,TOTL,2021-02-24
Donna Shalala,achat_manquant,VCSH,2021-02-24
Donna Shalala,achat_manquant,VNQ,2021-02-24
Donna Shalala,vente_manquante,ABM,2021-02-24
Donna Shalala,vente_manquante,AGCO,2021-02-24
Donna Shalala,vente_manquante,AGO,2021-02-24
Donna Shalala,vente_manquante,AHL,2021-02-24
Donna Shalala,vente_manquante,AIZ,2021-02-24
Donna Shalala,vente_manquante,ALK,2021-02-24
Donna Shalala,vente_manquante,AOBC,2021-02-24
Donna Shalala,vente_manquante,AYI,2021-02-24
Donna Shalala,vente_manquante,BAYRY,2021-02-24
Donna Shalala,vente_manquante,BIG,2021-02-24
Donna Shalala,vente_manquante,BMWYY,2021-02-24
Donna Shalala,vente_manquante,CARS,2021-02-24
Donna Shalala,vente_manquante,CF,2021-02-24
Donna Shalala,vente_manquante,CTB,2021-02-24
Donna Shalala,vente_manquante,CVGW,2021-02-24
Donna Shalala,vente_manquante,DECK,2021-02-24
Donna Shalala,vente_manquante,DES,2021-02-24
Donna Shalala,vente_manquante,DOOR,2021-02-24
Donna Shalala,vente_manquante,EEFT,2021-02-24
Donna Shalala,vente_manquante,EFAV,2021-02-24
Donna Shalala,vente_manquante,EGP,2021-02-24
Donna Shalala,vente_manquante,FAF,2021-02-24
Donna Shalala,vente_manquante,GBOOY,2021-02-24
Donna Shalala,vente_manquante,GBX,2021-02-24
Donna Shalala,vente_manquante,GCI,2021-02-24
Donna Shalala,vente_manquante,GCO,2021-02-24
Donna Shalala,vente_manquante,HFC,2021-02-24
Donna Shalala,vente_manquante,HR,2021-02-24
Donna Shalala,vente_manquante,IART,2021-02-24
Donna Shalala,vente_manquante,IFNNY,2021-02-24
Donna Shalala,vente_manquante,IRM,2021-02-24
Donna Shalala,vente_manquante,IWF,2021-02-24
Donna Shalala,vente_manquante,JGCCY,2021-02-24
Donna Shalala,vente_manquante,LVMUY,2021-02-24
Donna Shalala,vente_manquante,LYV,2021-02-24
Donna Shalala,vente_manquante,MC,2021-02-24
Donna Shalala,vente_manquante,MONOY,2021-02-24
Donna Shalala,vente_manquante,MSTR,2021-02-24
Donna Shalala,vente_manquante,OXY,2021-02-24
Donna Shalala,vente_manquante,PEGI,2021-02-24
Donna Shalala,vente_manquante,PSB,2021-02-24
Donna Shalala,vente_manquante,PUMP,2021-02-24
Donna Shalala,vente_manquante,QGEN,2021-02-24
Donna Shalala,vente_manquante,RDFN,2021-02-24
Donna Shalala,vente_manquante,RGLD,2021-02-24
Donna Shalala,vente_manquante,TRIP,2021-02-24
Donna Shalala,vente_manquante,TS,2021-02-24
Donna Shalala,vente_manquante,USPH,2021-02-24
Donna Shalala,vente_manquante,UTHR,2021-02-24
Donna Shalala,vente_manquante,UVV,2021-02-24
Donna Shalala,vente_manquante,WB,2021-02-24
Donna Shalala,vente_manquante,WDR,2021-02-24
Mikie Sherrill,achat_manquant,EZU,2026-01-02
Mikie Sherrill,achat_manquant,IEV,2026-01-02
Mikie Sherrill,achat_manquant,IWF,2026-01-02
Mikie Sherrill,achat_manquant,XLU,2026-01-02
Mikie Sherrill,vente_manquante,AON,2026-01-02
Mikie Sherrill,vente_manquante,BBT,2026-01-02
Mikie Sherrill,vente_manquante,BNTGY,2026-01-02
Mikie Sherrill,vente_manquante,CMCSA,2026-01-02
Mikie Sherrill,vente_manquante,DBSDY,2026-01-02
Mikie Sherrill,vente_manquante,DCM,2026-01-02
Mikie Sherrill,vente_manquante,DWDP,2026-01-02
Mikie Sherrill,vente_manquante,IEFA,2026-01-02
Mikie Sherrill,vente_manquante,IEMG,2026-01-02
Mikie Sherrill,vente_manquante,IJR,2026-01-02
Mikie Sherrill,vente_manquante,MCHI,2026-01-02
Mikie Sherrill,vente_manquante,NI,2026-01-02
Mikie Sherrill,vente_manquante,RDSB,2026-01-02
Mikie Sherrill,vente_manquante,SCGLY,2026-01-02
Mikie Sherrill,vente_manquante,TGT,2026-01-02
Mikie Sherrill,vente_manquante,UPS,2026-01-02
Mikie Sherrill,vente_manquante,VO,2026-01-02
Mikie Sherrill,vente_manquante,VOD,2026-01-02
Mikie Sherrill,vente_manquante,VT,2026-01-02
Mikie Sherrill,vente_manquante,VTV,2026-01-02
Mikie Sherrill,vente_manquante,VUG,2026-01-02
Mikie Sherrill,vente_manquante,VV,2026-01-02
Mikie Sherrill,vente_manquante,WYNMY,2026-01-02
Mikie Sherrill,vente_manquante,XLF,2026-01-02
Thomas Suozzi,achat_manquant,IYW,2023-05-03
Thomas Suozzi,vente_manquante,ABC,2023-05-03
Thomas Suozzi,vente_manquante,BIDU,2023-05-03
Thomas Suozzi,vente_manquante,CERN,2023-05-03
Thomas Suozzi,vente_manquante,CME,2023-05-03
Thomas Suozzi,vente_manquante,CMP,2023-05-03
Thomas Suozzi,vente_manquante,COO,2023-05-03
Thomas Suozzi,vente_manquante,DFS,2023-05-03
Thomas Suozzi,vente_manquante,EBAY,2023-05-03
Thomas Suozzi,vente_manquante,ESRX,2023-05-03
Thomas Suozzi,vente_manquante,FB,2023-05-03
Thomas Suozzi,vente_manquante,GOOG,2023-05-03
Thomas Suozzi,vente_manquante,GOOGL,2023-05-03
Thomas Suozzi,vente_manquante,KMX,2023-05-03
Thomas Suozzi,vente_manquante,PCLN,2023-05-03
Thomas Suozzi,vente_manquante,TWX,2023-05-03
Nicholas Van Taylor,achat_manquant,AXS,2023-02-02
Nicholas Van Taylor,achat_manquant,GGLPX,2023-02-02
Nicholas Van Taylor,achat_manquant,MXC,2023-02-02
Nicholas Van Taylor,achat_manquant,OXY,2023-02-02
Nicholas Van Taylor,achat_manquant,RNGR,2023-02-02
Nicholas Van Taylor,achat_manquant,VOD,2023-02-02
Nicholas Van Taylor,vente_manquante,BCE,2023-02-02
Nicholas Van Taylor,vente_manquante,BEN,2023-02-02
Nicholas Van Taylor,vente_manquante,BGCP,2023-02-02
Nicholas Van Taylor,vente_manquante,BGS,2023-02-02
Nicholas Van Taylor,vente_manquante,BIIB,2023-02-02
Nicholas Van Taylor,vente_manquante,BKNG,2023-02-02
Nicholas Van Taylor,vente_manquante,BLK,2023-02-02
Nicholas Van Taylor,vente_manquante,BLX,2023-02-02
Nicholas Van Taylor,vente_manquante,BMRN,2023-02-02
Nicholas Van Taylor,vente_manquante,BP,2023-02-02
Nicholas Van Taylor,vente_manquante,BRKB,2023-02-02
Nicholas Van Taylor,vente_manquante,BTI,2023-02-02
Nicholas Van Taylor,vente_manquante,BUD,2023-02-02
Nicholas Van Taylor,vente_manquante,CCI,2023-02-02
Nicholas Van Taylor,vente_manquante,CCL,2023-02-02
Nicholas Van Taylor,vente_manquante,CELG,2023-02-02
Nicholas Van Taylor,vente_manquante,CFR,2023-02-02
Nicholas Van Taylor,vente_manquante,CHL,2023-02-02
Nicholas Van Taylor,vente_manquante,CINF,2023-02-02
Nicholas Van Taylor,vente_manquante,CKHUY,2023-02-02
Nicholas Van Taylor,vente_manquante,CM,2023-02-02
Nicholas Van Taylor,vente_manquante,CMG,2023-02-02
Nicholas Van Taylor,vente_manquante,CNSL,2023-02-02
Nicholas Van Taylor,vente_manquante,CR,2023-02-02
Nicholas Van Taylor,vente_manquante,D,2023-02-02
Nicholas Van Taylor,vente_manquante,DCI,2023-02-02
Nicholas Van Taylor,vente_manquante,DCM,2023-02-02
Nicholas Van Taylor,vente_manquante,DG,2023-02-02
Nicholas Van Taylor,vente_manquante,DK,2023-02-02
Nicholas Van Taylor,vente_manquante,DNB,2023-02-02
Nicholas Van Taylor,vente_manquante,DTEGY,2023-02-02
Nicholas Van Taylor,vente_manquante,DUK,2023-02-02
Nicholas Van Taylor,vente_manquante,E,2023-02-02
Nicholas Van Taylor,vente_manquante,ECL,2023-02-02
Nicholas Van Taylor,vente_manquante,EGP,2023-02-02
Nicholas Van Taylor,vente_manquante,ENLC,2023-02-02
Nicholas Van Taylor,vente_manquante,ENR,2023-02-02
Nicholas Van Taylor,vente_manquante,EPR,2023-02-02
Nicholas Van Taylor,vente_manquante,EQIX,2023-02-02
Nicholas Van Taylor,vente_manquante,ERS,2023-02-02
Nicholas Van Taylor,vente_manquante,ETM,2023-02-02
Nicholas Van Taylor,vente_manquante,EVRG,2023-02-02
Nicholas Van Taylor,vente_manquante,EWBC,2023-02-02
Nicholas Van Taylor,vente_manquante,FB,2023-02-02
Nicholas Van Taylor,vente_manquante,FCPT,2023-02-02
Nicholas Van Taylor,vente_manquante,FNF,2023-02-02
Nicholas Van Taylor,vente_manquante,FRTSF,2023-02-02
Nicholas Van Taylor,vente_manquante,FUJIY,2023-02-02
Nicholas Van Taylor,vente_manquante,FUL,2023-02-02
Nicholas Van Taylor,vente_manquante,GD,2023-02-02
Nicholas Van Taylor,vente_manquante,GIS,2023-02-02
Nicholas Van Taylor,vente_manquante,GRMN,2023-02-02
Nicholas Van Taylor,vente_manquante,GSK,2023-02-02
Nicholas Van Taylor,vente_manquante,GWW,2023-02-02
Nicholas Van Taylor,vente_manquante,HCN,2023-02-02
Nicholas Van Taylor,vente_manquante,HD,2023-02-02
Nicholas Van Taylor,vente_manquante,HMC,2023-02-02
Nicholas Van Taylor,vente_manquante,HNI,2023-02-02
Nicholas Van Taylor,vente_manquante,HUBB,2023-02-02
Nicholas Van Taylor,vente_manquante,HUN,2023-02-02
Nicholas Van Taylor,vente_manquante,IBDRY,2023-02-02
Nicholas Van Taylor,vente_manquante,IEX,2023-02-02
Nicholas Van Taylor,vente_manquante,INGR,2023-02-02
Nicholas Van Taylor,vente_manquante,INTC,2023-02-02
Nicholas Van Taylor,vente_manquante,ISUZY,2023-02-02
Nicholas Van Taylor,vente_manquante,IT,2023-02-02
Nicholas Van Taylor,vente_manquante,IVZ,2023-02-02
Nicholas Van Taylor,vente_manquante,JNJ,2023-02-02
Nicholas Van Taylor,vente_manquante,JRVR,2023-02-02
Nicholas Van Taylor,vente_manquante,KGFHY,2023-02-02
Nicholas Van Taylor,vente_manquante,KHC,2023-02-02
Nicholas Van Taylor,vente_manquante,KLIC,2023-02-02
Nicholas Van Taylor,vente_manquante,KMB,2023-02-02
Nicholas Van Taylor,vente_manquante,KMI,2023-02-02
Nicholas Van Taylor,vente_manquante,LCII,2023-02-02
Nicholas Van Taylor,vente_manquante,LFUS,2023-02-02
Nicholas Van Taylor,vente_manquante,LIN,2023-02-02
Nicholas Van Taylor,vente_manquante,LNT,2023-02-02
Nicholas Van Taylor,vente_manquante,LYG,2023-02-02
Nicholas Van Taylor,vente_manquante,MIELY,2023-02-02
Nicholas Van Taylor,vente_manquante,MKC,2023-02-02
Nicholas Van Taylor,vente_manquante,MKSI,2023-02-02
Nicholas Van Taylor,vente_manquante,MPW,2023-02-02
Nicholas Van Taylor,vente_manquante,MRK,2023-02-02
Nicholas Van Taylor,vente_manquante,MSFT,2023-02-02
Nicholas Van Taylor,vente_manquante,NDSN,2023-02-02
Nicholas Van Taylor,vente_manquante,NEU,2023-02-02
Nicholas Van Taylor,vente_manquante,NGG,2023-02-02
Nicholas Van Taylor,vente_manquante,NHI,2023-02-02
Nicholas Van Taylor,vente_manquante,NMRK,2023-02-02
Nicholas Van Taylor,vente_manquante,NNN,2023-02-02
Nicholas Van Taylor,vente_manquante,NSC,2023-02-02
Nicholas Van Taylor,vente_manquante,NSRGY,2023-02-02
Nicholas Van Taylor,vente_manquante,NTNX,2023-02-02
Nicholas Van Taylor,vente_manquante,NVS,2023-02-02
Nicholas Van Taylor,vente_manquante,PEP,2023-02-02
Nicholas Van Taylor,vente_manquante,PFE,2023-02-02
Nicholas Van Taylor,vente_manquante,PG,2023-02-02
Nicholas Van Taylor,vente_manquante,PKG,2023-02-02
Nicholas Van Taylor,vente_manquante,PM,2023-02-02
Nicholas Van Taylor,vente_manquante,PNC,2023-02-02
Nicholas Van Taylor,vente_manquante,PNM,2023-02-02
Nicholas Van Taylor,vente_manquante,PPL,2023-02-02
Nicholas Van Taylor,vente_manquante,PXD,2023-02-02
Nicholas Van Taylor,vente_manquante,PYPL,2023-02-02
Nicholas Van Taylor,vente_manquante,QBIEY,2023-02-02
Nicholas Van Taylor,vente_manquante,RDSB,2023-02-02
Nicholas Van Taylor,vente_manquante,REGN,2023-02-02
Nicholas Van Taylor,vente_manquante,RHT,2023-02-02
Nicholas Van Taylor,vente_manquante,RPM,2023-02-02
Nicholas Van Taylor,vente_manquante,RPT,2023-02-02
Nicholas Van Taylor,vente_manquante,SBUX,2023-02-02
Nicholas Van Taylor,vente_manquante,SCHW,2023-02-02
Nicholas Van Taylor,vente_manquante,SKT,2023-02-02
Nicholas Van Taylor,vente_manquante,SLB,2023-02-02
Nicholas Van Taylor,vente_manquante,SNY,2023-02-02
Nicholas Van Taylor,vente_manquante,SPLK,2023-02-02
Nicholas Van Taylor,vente_manquante,SSEZY,2023-02-02
Nicholas Van Taylor,vente_manquante,STE,2023-02-02
Nicholas Van Taylor,vente_manquante,T,2023-02-02
Nicholas Van Taylor,vente_manquante,TEF,2023-02-02
Nicholas Van Taylor,vente_manquante,TFX,2023-02-02
Nicholas Van Taylor,vente_manquante,TGT,2023-02-02
Nicholas Van Taylor,vente_manquante,TLSNY,2023-02-02
Nicholas Van Taylor,vente_manquante,TRGP,2023-02-02
Nicholas Van Taylor,vente_manquante,TSCDY,2023-02-02
Nicholas Van Taylor,vente_manquante,TSM,2023-02-02
Nicholas Van Taylor,vente_manquante,TVPT,2023-02-02
Nicholas Van Taylor,vente_manquante,TXN,2023-02-02
Nicholas Van Taylor,vente_manquante,UNH,2023-02-02
Nicholas Van Taylor,vente_manquante,UPS,2023-02-02
Nicholas Van Taylor,vente_manquante,V,2023-02-02
Nicholas Van Taylor,vente_manquante,VDMCY,2023-02-02
Nicholas Van Taylor,vente_manquante,VET,2023-02-02
Nicholas Van Taylor,vente_manquante,VMW,2023-02-02
Nicholas Van Taylor,vente_manquante,VTR,2023-02-02
Nicholas Van Taylor,vente_manquante,WFC,2023-02-02
Nicholas Van Taylor,vente_manquante,WGHPY,2023-02-02
Nicholas Van Taylor,vente_manquante,WPP,2023-02-02
Nicholas Van Taylor,vente_manquante,YUMC,2023-02-02
Nicholas Van Taylor,vente_manquante,ZTS,2023-02-02
Nicholas Van Taylor,vente_manquante,ZURVY,2023-02-02
David Trone,achat_manquant,BBAX,2025-04-18
David Trone,achat_manquant,BBCA,2025-04-18
David Trone,achat_manquant,BBEU,2025-04-18
David Trone,achat_manquant,BBJP,2025-04-18
David Trone,achat_manquant,ETN,2025-04-18
David Trone,achat_manquant,GOOGL,2025-04-18
David Trone,achat_manquant,IJH,2025-04-18
David Trone,achat_manquant,IVE,2025-04-18
David Trone,achat_manquant,IVW,2025-04-18
David Trone,achat_manquant,IWD,2025-04-18
David Trone,achat_manquant,IWF,2025-04-18
David Trone,achat_manquant,SOXX,2025-04-18
David Trone,achat_manquant,VTI,2025-04-18
David Trone,achat_manquant,XBI,2025-04-18
David Trone,vente_manquante,DVDCF,2025-04-18
David Trone,vente_manquante,HAL,2025-04-18
David Trone,vente_manquante,STZ,2025-04-18
Susan Wild,achat_manquant,DEHP,2025-05-15
Susan Wild,achat_manquant,EFV,2025-05-15
Susan Wild,achat_manquant,FALN,2025-05-15
Susan Wild,achat_manquant,FLOT,2025-05-15
Susan Wild,achat_manquant,GRNB,2025-05-15
Susan Wild,achat_manquant,MUB,2025-05-15
Susan Wild,achat_manquant,TIP,2025-05-15
Susan Wild,achat_manquant,VTIP,2025-05-15
Susan Wild,vente_manquante,NQP,2025-05-15
